title,market_name,category,p_market,hours_to_close,outcome
"What will be the total RWA (real-world asset) market capitalization on the Avalanche blockchain in US dollars at 10:00 AM ET on January 1, 2026?",Above $450,other,0.9,670.95,1
"What will be the total RWA (real-world asset) market capitalization on the Avalanche blockchain in US dollars at 10:00 AM ET on January 1, 2026?",Above $500,other,0.79,670.95,1
"What will be the total RWA (real-world asset) market capitalization on the Avalanche blockchain in US dollars at 10:00 AM ET on January 1, 2026?",Above $600,other,0.61,670.95,1
"What will be the total RWA (real-world asset) market capitalization on the Avalanche blockchain in US dollars at 10:00 AM ET on January 1, 2026?",Above $700,other,0.425,670.95,1
"Which professional basketball team, Memphis or Indiana, will win the game scheduled for Oct 25, 2025?",Indiana,sports,0.655,26.04,0
"Which professional basketball team, Memphis or Indiana, will win the game scheduled for Oct 25, 2025?",Memphis,sports,0.42,26.04,1
"Between 12:01 AM ET on October 13, 2025 and before October 20, 2025, will Donald Trump state the word ""UFC"" (including its plural or possessive forms)?",Amish,other,0.115,85.11,0
"Between 12:01 AM ET on October 13, 2025 and before October 20, 2025, will Donald Trump state the word ""UFC"" (including its plural or possessive forms)?",Crypto / Bitcoin,other,0.205,85.11,0
"Between 12:01 AM ET on October 13, 2025 and before October 20, 2025, will Donald Trump state the word ""UFC"" (including its plural or possessive forms)?",Elon / Musk,other,0.25,85.11,0
"Between 12:01 AM ET on October 13, 2025 and before October 20, 2025, will Donald Trump state the word ""UFC"" (including its plural or possessive forms)?",Epstein,other,0.21,85.11,0
"Between 12:01 AM ET on October 13, 2025 and before October 20, 2025, will Donald Trump state the word ""UFC"" (including its plural or possessive forms)?",Football,other,0.3,85.11,0
"Between 12:01 AM ET on October 13, 2025 and before October 20, 2025, will Donald Trump state the word ""UFC"" (including its plural or possessive forms)?",Ghislaine / Maxwell,other,0.105,85.11,0
"Between 12:01 AM ET on October 13, 2025 and before October 20, 2025, will Donald Trump state the word ""UFC"" (including its plural or possessive forms)?",Marijuana / Weed / Cannabis,other,0.185,85.11,0
"Between 12:01 AM ET on October 13, 2025 and before October 20, 2025, will Donald Trump state the word ""UFC"" (including its plural or possessive forms)?",Newscum,other,0.39,85.11,0
"Between 12:01 AM ET on October 13, 2025 and before October 20, 2025, will Donald Trump state the word ""UFC"" (including its plural or possessive forms)?",Predict / Prediction,other,0.5,85.11,1
"Between 12:01 AM ET on October 13, 2025 and before October 20, 2025, will Donald Trump state the word ""UFC"" (including its plural or possessive forms)?",Sleepy Joe,other,0.205,85.11,0
"Between 12:01 AM ET on October 13, 2025 and before October 20, 2025, will Donald Trump state the word ""UFC"" (including its plural or possessive forms)?",Soros,other,0.23,85.11,1
"Between 12:01 AM ET on October 13, 2025 and before October 20, 2025, will Donald Trump state the word ""UFC"" (including its plural or possessive forms)?",TikTok,other,0.255,85.11,0
"Between 12:01 AM ET on October 13, 2025 and before October 20, 2025, will Donald Trump state the word ""UFC"" (including its plural or possessive forms)?",UFC,other,0.165,85.11,0
"Between 12:01 AM ET on October 13, 2025 and before October 20, 2025, will Donald Trump state the word ""UFC"" (including its plural or possessive forms)?",Zohran / Mamdani,other,0.69,85.11,0
"Which professional MMA fighter, Alexandre Pantoja or Kai Kara-France, will win the Pantoja vs Kara-France fight scheduled for Jun 28, 2025?",Alexandre Pantoja,sports,0.68,9.61,1
"Which professional MMA fighter, Alexandre Pantoja or Kai Kara-France, will win the Pantoja vs Kara-France fight scheduled for Jun 28, 2025?",Kai Kara-France,sports,0.325,9.61,0
"Will Taylor Swift say ""Engage"" or ""Engaged"" on The Tonight Show Starring Jimmy Fallon starting on October 6th?",22,politics,0.1,51.41,0
"Will Taylor Swift say ""Engage"" or ""Engaged"" on The Tonight Show Starring Jimmy Fallon starting on October 6th?",Abigail,politics,0.16,51.41,0
"Will Taylor Swift say ""Engage"" or ""Engaged"" on The Tonight Show Starring Jimmy Fallon starting on October 6th?",Bad Bunny,politics,0.24,51.41,0
"Will Taylor Swift say ""Engage"" or ""Engaged"" on The Tonight Show Starring Jimmy Fallon starting on October 6th?",Bitcoin / Crypto,politics,0.025,51.41,0
"Will Taylor Swift say ""Engage"" or ""Engaged"" on The Tonight Show Starring Jimmy Fallon starting on October 6th?",Breakup / Break Up,politics,0.125,51.41,0
"Will Taylor Swift say ""Engage"" or ""Engaged"" on The Tonight Show Starring Jimmy Fallon starting on October 6th?",Cat,politics,0.375,51.41,0
"Will Taylor Swift say ""Engage"" or ""Engaged"" on The Tonight Show Starring Jimmy Fallon starting on October 6th?",Egg,politics,0.44,51.41,0
"Will Taylor Swift say ""Engage"" or ""Engaged"" on The Tonight Show Starring Jimmy Fallon starting on October 6th?",Elon / Musk,politics,0.035,51.41,0
"Will Taylor Swift say ""Engage"" or ""Engaged"" on The Tonight Show Starring Jimmy Fallon starting on October 6th?",Engage / Engaged,politics,0.635,51.41,0
"Will Taylor Swift say ""Engage"" or ""Engaged"" on The Tonight Show Starring Jimmy Fallon starting on October 6th?",Era,politics,0.735,51.41,1
"Will Taylor Swift say ""Engage"" or ""Engaged"" on The Tonight Show Starring Jimmy Fallon starting on October 6th?",Grammy,politics,0.155,51.41,0
"Will Taylor Swift say ""Engage"" or ""Engaged"" on The Tonight Show Starring Jimmy Fallon starting on October 6th?",James / Comey,politics,0.1,51.41,0
"Will Taylor Swift say ""Engage"" or ""Engaged"" on The Tonight Show Starring Jimmy Fallon starting on October 6th?",Kelce,politics,0.305,51.41,0
"Will Taylor Swift say ""Engage"" or ""Engaged"" on The Tonight Show Starring Jimmy Fallon starting on October 6th?",Midnight,politics,0.27,51.41,0
"Will Taylor Swift say ""Engage"" or ""Engaged"" on The Tonight Show Starring Jimmy Fallon starting on October 6th?",NFL,politics,0.21,51.41,0
"Will Taylor Swift say ""Engage"" or ""Engaged"" on The Tonight Show Starring Jimmy Fallon starting on October 6th?",Poet,politics,0.275,51.41,1
"Will Taylor Swift say ""Engage"" or ""Engaged"" on The Tonight Show Starring Jimmy Fallon starting on October 6th?",Pregnant / Pregnancy,politics,0.165,51.41,0
"Will Taylor Swift say ""Engage"" or ""Engaged"" on The Tonight Show Starring Jimmy Fallon starting on October 6th?",Ring,politics,0.56,51.41,0
"Will Taylor Swift say ""Engage"" or ""Engaged"" on The Tonight Show Starring Jimmy Fallon starting on October 6th?",Sabrina Carpenter,politics,0.545,51.41,0
"Will Taylor Swift say ""Engage"" or ""Engaged"" on The Tonight Show Starring Jimmy Fallon starting on October 6th?",Superbowl / Super Bowl,politics,0.235,51.41,0
"Will Taylor Swift say ""Engage"" or ""Engaged"" on The Tonight Show Starring Jimmy Fallon starting on October 6th?",Sydney / Sweeney,politics,0.06,51.41,0
"Will Taylor Swift say ""Engage"" or ""Engaged"" on The Tonight Show Starring Jimmy Fallon starting on October 6th?",The Life of a Showgirl,politics,0.765,51.41,0
"Will Taylor Swift say ""Engage"" or ""Engaged"" on The Tonight Show Starring Jimmy Fallon starting on October 6th?",Tour,politics,0.79,51.41,1
"Will Taylor Swift say ""Engage"" or ""Engaged"" on The Tonight Show Starring Jimmy Fallon starting on October 6th?",Trump,politics,0.085,51.41,0
"Will Taylor Swift say ""Engage"" or ""Engaged"" on The Tonight Show Starring Jimmy Fallon starting on October 6th?",Wedding,politics,0.67,51.41,1
"Which professional baseball team, New York M or Milwaukee, will win the game scheduled for Jul 2, 2025?",Milwaukee,sports,0.54,14.72,0
"Which professional baseball team, New York M or Milwaukee, will win the game scheduled for Jul 2, 2025?",New York M,sports,0.46,14.72,1
"Which college football team, Colorado St. or Fresno St., will win the game scheduled for Oct 10, 2025?",Colorado St.,sports,0.325,16.07,1
"Which college football team, Colorado St. or Fresno St., will win the game scheduled for Oct 10, 2025?",Fresno St.,sports,0.68,16.07,0
"Which college football team, Boston College or California, will win the game scheduled for Sep 27, 2025, between California and Boston College at Boston College?",Boston College,sports,0.675,72.99,0
"Which college football team, Boston College or California, will win the game scheduled for Sep 27, 2025, between California and Boston College at Boston College?",California,sports,0.325,72.99,1
"Which professional football team, New England or Las Vegas, will win the game scheduled for Sep 7, 2025?",Las Vegas,sports,0.435,92.13,1
"Which professional football team, New England or Las Vegas, will win the game scheduled for Sep 7, 2025?",New England,sports,0.565,92.13,0
"Which professional baseball team, Los Angeles D or Toronto, will win Game 6 of their matchup scheduled for Oct 31, 2025?",Los Angeles D,sports,0.575,27.26,1
"Which professional baseball team, Los Angeles D or Toronto, will win Game 6 of their matchup scheduled for Oct 31, 2025?",Toronto,sports,0.43,27.26,0
"Which of the named U.S. Senators will vote to confirm Stephen Miran as a Federal Reserve Governor in the Senate before Sep 15, 2025?",Bill Cassidy,politics,0.75,312.46,0
"Which of the named U.S. Senators will vote to confirm Stephen Miran as a Federal Reserve Governor in the Senate before Sep 15, 2025?",Dan Sullivan,politics,0.75,312.46,0
"Which of the named U.S. Senators will vote to confirm Stephen Miran as a Federal Reserve Governor in the Senate before Sep 15, 2025?",John Cornyn,politics,0.75,312.46,0
"Which of the named U.S. Senators will vote to confirm Stephen Miran as a Federal Reserve Governor in the Senate before Sep 15, 2025?",John Thune,politics,0.755,312.46,0
"Which of the named U.S. Senators will vote to confirm Stephen Miran as a Federal Reserve Governor in the Senate before Sep 15, 2025?",Joni Ernst,politics,0.75,312.46,0
"Which of the named U.S. Senators will vote to confirm Stephen Miran as a Federal Reserve Governor in the Senate before Sep 15, 2025?",Josh Hawley,politics,0.75,312.46,0
"Which of the named U.S. Senators will vote to confirm Stephen Miran as a Federal Reserve Governor in the Senate before Sep 15, 2025?",Lindsey Graham,politics,0.745,312.46,0
"Which of the named U.S. Senators will vote to confirm Stephen Miran as a Federal Reserve Governor in the Senate before Sep 15, 2025?",Lisa Murkowski,politics,0.75,312.46,0
"Which of the named U.S. Senators will vote to confirm Stephen Miran as a Federal Reserve Governor in the Senate before Sep 15, 2025?",Mike Crapo,politics,0.75,312.46,0
"Which of the named U.S. Senators will vote to confirm Stephen Miran as a Federal Reserve Governor in the Senate before Sep 15, 2025?",Mike Lee,politics,0.775,312.46,0
"Which of the named U.S. Senators will vote to confirm Stephen Miran as a Federal Reserve Governor in the Senate before Sep 15, 2025?",Mitch McConnell,politics,0.745,312.46,0
"Which of the named U.S. Senators will vote to confirm Stephen Miran as a Federal Reserve Governor in the Senate before Sep 15, 2025?",Rand Paul,politics,0.75,312.46,0
"Which of the named U.S. Senators will vote to confirm Stephen Miran as a Federal Reserve Governor in the Senate before Sep 15, 2025?",Rick Scott,politics,0.75,312.46,0
"Which of the named U.S. Senators will vote to confirm Stephen Miran as a Federal Reserve Governor in the Senate before Sep 15, 2025?",Roger Wicker,politics,0.75,312.46,0
"Which of the named U.S. Senators will vote to confirm Stephen Miran as a Federal Reserve Governor in the Senate before Sep 15, 2025?",Ron Johnson,politics,0.745,312.46,0
"Which of the named U.S. Senators will vote to confirm Stephen Miran as a Federal Reserve Governor in the Senate before Sep 15, 2025?",Susan Collins,politics,0.75,312.46,0
"Which of the named U.S. Senators will vote to confirm Stephen Miran as a Federal Reserve Governor in the Senate before Sep 15, 2025?",Ted Cruz,politics,0.75,312.46,0
"Which of the named U.S. Senators will vote to confirm Stephen Miran as a Federal Reserve Governor in the Senate before Sep 15, 2025?",Tim Scott,politics,0.75,312.46,0
"Which of the named U.S. Senators will vote to confirm Stephen Miran as a Federal Reserve Governor in the Senate before Sep 15, 2025?",Todd Young,politics,0.745,312.46,0
"Which of the named U.S. Senators will vote to confirm Stephen Miran as a Federal Reserve Governor in the Senate before Sep 15, 2025?",Tommy Tuberville,politics,0.75,312.46,0
"What will be the total number of Spotify streams for Taylor Swift's song ""Opalite"" by Oct 24, 2025 at 10:00 AM ET?",More than 130 million,culture,0.995,157.83,1
"What will be the total number of Spotify streams for Taylor Swift's song ""Opalite"" by Oct 24, 2025 at 10:00 AM ET?",More than 140 million,culture,0.995,157.83,1
"What will be the total number of Spotify streams for Taylor Swift's song ""Opalite"" by Oct 24, 2025 at 10:00 AM ET?",More than 150 million,culture,0.995,157.83,1
"What will be the total number of Spotify streams for Taylor Swift's song ""Opalite"" by Oct 24, 2025 at 10:00 AM ET?",More than 160 million,culture,0.99,157.83,1
"What will be the total number of Spotify streams for Taylor Swift's song ""Opalite"" by Oct 24, 2025 at 10:00 AM ET?",More than 170 million,culture,0.955,157.83,1
"What will be the total number of Spotify streams for Taylor Swift's song ""Opalite"" by Oct 24, 2025 at 10:00 AM ET?",More than 180 million,culture,0.965,157.83,1
"What will be the total number of Spotify streams for Taylor Swift's song ""Opalite"" by Oct 24, 2025 at 10:00 AM ET?",More than 185 million,culture,0.685,157.83,1
"What will be the total number of Spotify streams for Taylor Swift's song ""Opalite"" by Oct 24, 2025 at 10:00 AM ET?",More than 190 million,culture,0.37,157.83,1
"What will be the total number of Spotify streams for Taylor Swift's song ""Opalite"" by Oct 24, 2025 at 10:00 AM ET?",More than 195 million,culture,0.5,157.83,0
"What will be the total number of Spotify streams for Taylor Swift's song ""Opalite"" by Oct 24, 2025 at 10:00 AM ET?",More than 200 million,culture,0.085,157.83,0
"What will be the total number of Spotify streams for Taylor Swift's song ""Opalite"" by Oct 24, 2025 at 10:00 AM ET?",More than 205 million,culture,0.495,157.83,0
"What will be the total number of Spotify streams for Taylor Swift's song ""Opalite"" by Oct 24, 2025 at 10:00 AM ET?",More than 210 million,culture,0.01,157.83,0
"What will be the total number of Spotify streams for Taylor Swift's song ""Opalite"" by Oct 24, 2025 at 10:00 AM ET?",More than 215 million,culture,0.005,157.83,0
"What will be the total number of Spotify streams for Taylor Swift's song ""Opalite"" by Oct 24, 2025 at 10:00 AM ET?",More than 220 million,culture,0.01,157.83,0
"Which professional MMA fighter, Viviane Araujo or Tracy Cortez, will win the Araujo vs Cortez fight scheduled for Jun 28, 2025?",Tracy Cortez,sports,0.665,6.81,1
"Which professional MMA fighter, Viviane Araujo or Tracy Cortez, will win the Araujo vs Cortez fight scheduled for Jun 28, 2025?",Viviane Araujo,sports,0.335,6.81,0
"Which college football team, Oregon or Wisconsin, will win the Wisconsin at Oregon game scheduled for Oct 25, 2025?",Oregon,sports,0.975,46.81,1
"Which college football team, Oregon or Wisconsin, will win the Wisconsin at Oregon game scheduled for Oct 25, 2025?",Wisconsin,sports,0.02,46.81,0
"Which college football team, Buffalo or Akron, will win the Akron at Buffalo game scheduled for Oct 25, 2025?",Akron,sports,0.23,40.51,1
"Which college football team, Buffalo or Akron, will win the Akron at Buffalo game scheduled for Oct 25, 2025?",Buffalo,sports,0.77,40.51,0
Ryder Cup Day 1 Winner,Team Europe,sports,0.38,22.33,1
Ryder Cup Day 1 Winner,Team USA,sports,0.485,22.33,0
Ryder Cup Day 1 Winner,Tie,sports,0.14,22.33,0
Which of the listed topics will Bad Bunny say during his appearance on Saturday Night Live in the episode airing on October 4?,Acting,politics,0.265,30.9,0
Which of the listed topics will Bad Bunny say during his appearance on Saturday Night Live in the episode airing on October 4?,Charlie / Kirk,politics,0.05,30.9,0
Which of the listed topics will Bad Bunny say during his appearance on Saturday Night Live in the episode airing on October 4?,Comedian,politics,0.225,30.9,0
Which of the listed topics will Bad Bunny say during his appearance on Saturday Night Live in the episode airing on October 4?,Crazy,politics,0.645,30.9,0
Which of the listed topics will Bad Bunny say during his appearance on Saturday Night Live in the episode airing on October 4?,Crypto / Bitcoin,politics,0.04,30.9,0
Which of the listed topics will Bad Bunny say during his appearance on Saturday Night Live in the episode airing on October 4?,Halftime,politics,0.74,30.9,1
Which of the listed topics will Bad Bunny say during his appearance on Saturday Night Live in the episode airing on October 4?,ICE,politics,0.65,30.9,0
Which of the listed topics will Bad Bunny say during his appearance on Saturday Night Live in the episode airing on October 4?,Island of Garbage,politics,0.105,30.9,0
Which of the listed topics will Bad Bunny say during his appearance on Saturday Night Live in the episode airing on October 4?,Nervous,politics,0.435,30.9,1
Which of the listed topics will Bad Bunny say during his appearance on Saturday Night Live in the episode airing on October 4?,Singer,politics,0.38,30.9,0
Which of the listed topics will Bad Bunny say during his appearance on Saturday Night Live in the episode airing on October 4?,Super Bowl,politics,0.77,30.9,1
Which of the listed topics will Bad Bunny say during his appearance on Saturday Night Live in the episode airing on October 4?,Surprise,politics,0.325,30.9,0
Which of the listed topics will Bad Bunny say during his appearance on Saturday Night Live in the episode airing on October 4?,Taylor / Swift,politics,0.325,30.9,0
Which of the listed topics will Bad Bunny say during his appearance on Saturday Night Live in the episode airing on October 4?,Tony,politics,0.11,30.9,0
Which of the listed topics will Bad Bunny say during his appearance on Saturday Night Live in the episode airing on October 4?,Trump,politics,0.425,30.9,0
"What will the S&P 500 index closing value be at 4:00 PM EDT on July 15, 2025?","5,500 or above",other,0.985,7.97,1
"What will the S&P 500 index closing value be at 4:00 PM EDT on July 15, 2025?","5,525 or above",other,0.985,7.97,1
"What will the S&P 500 index closing value be at 4:00 PM EDT on July 15, 2025?","5,550 or above",other,0.985,7.97,1
"What will the S&P 500 index closing value be at 4:00 PM EDT on July 15, 2025?","5,575 or above",other,0.985,7.97,1
"What will the S&P 500 index closing value be at 4:00 PM EDT on July 15, 2025?","5,600 or above",other,0.985,7.97,1
"What will the S&P 500 index closing value be at 4:00 PM EDT on July 15, 2025?","5,625 or above",other,0.985,7.97,1
"What will the S&P 500 index closing value be at 4:00 PM EDT on July 15, 2025?","5,650 or above",other,0.985,7.97,1
"What will the S&P 500 index closing value be at 4:00 PM EDT on July 15, 2025?","5,675 or above",other,0.985,7.97,1
"What will the S&P 500 index closing value be at 4:00 PM EDT on July 15, 2025?","5,700 or above",other,0.985,7.97,1
"What will the S&P 500 index closing value be at 4:00 PM EDT on July 15, 2025?","5,725 or above",other,0.985,7.97,1
"What will the S&P 500 index closing value be at 4:00 PM EDT on July 15, 2025?","5,750 or above",other,0.985,7.97,1
"What will the S&P 500 index closing value be at 4:00 PM EDT on July 15, 2025?","5,775 or above",other,0.985,7.97,1
"What will the S&P 500 index closing value be at 4:00 PM EDT on July 15, 2025?","5,800 or above",other,0.985,7.97,1
"What will the S&P 500 index closing value be at 4:00 PM EDT on July 15, 2025?","5,825 or above",other,0.985,7.97,1
"What will the S&P 500 index closing value be at 4:00 PM EDT on July 15, 2025?","5,850 or above",other,0.985,7.97,1
"What will the S&P 500 index closing value be at 4:00 PM EDT on July 15, 2025?","5,875 or above",other,0.985,7.97,1
"What will the S&P 500 index closing value be at 4:00 PM EDT on July 15, 2025?","5,900 or above",other,0.985,7.97,1
"What will the S&P 500 index closing value be at 4:00 PM EDT on July 15, 2025?","5,925 or above",other,0.985,7.97,1
"What will the S&P 500 index closing value be at 4:00 PM EDT on July 15, 2025?","5,950 or above",other,0.985,7.97,1
"What will the S&P 500 index closing value be at 4:00 PM EDT on July 15, 2025?","5,975 or above",other,0.985,7.97,1
"What will the S&P 500 index closing value be at 4:00 PM EDT on July 15, 2025?","6,000 or above",other,0.985,7.97,1
"What will the S&P 500 index closing value be at 4:00 PM EDT on July 15, 2025?","6,025 or above",other,0.985,7.97,1
"What will the S&P 500 index closing value be at 4:00 PM EDT on July 15, 2025?","6,050 or above",other,0.985,7.97,1
"What will the S&P 500 index closing value be at 4:00 PM EDT on July 15, 2025?","6,075 or above",other,0.985,7.97,1
"What will the S&P 500 index closing value be at 4:00 PM EDT on July 15, 2025?","6,100 or above",other,0.985,7.97,1
"What will the S&P 500 index closing value be at 4:00 PM EDT on July 15, 2025?","6,125 or above",other,0.985,7.97,1
"What will the S&P 500 index closing value be at 4:00 PM EDT on July 15, 2025?","6,150 or above",other,0.985,7.97,1
"What will the S&P 500 index closing value be at 4:00 PM EDT on July 15, 2025?","6,175 or above",other,0.98,7.97,1
"What will the S&P 500 index closing value be at 4:00 PM EDT on July 15, 2025?","6,200 or above",other,0.96,7.97,1
"What will the S&P 500 index closing value be at 4:00 PM EDT on July 15, 2025?","6,225 or above",other,0.93,7.97,1
"What will the S&P 500 index closing value be at 4:00 PM EDT on July 15, 2025?","6,250 or above",other,0.85,7.97,0
"What will the S&P 500 index closing value be at 4:00 PM EDT on July 15, 2025?","6,275 or above",other,0.695,7.97,0
"What will the S&P 500 index closing value be at 4:00 PM EDT on July 15, 2025?","6,300 or above",other,0.445,7.97,0
"What will the S&P 500 index closing value be at 4:00 PM EDT on July 15, 2025?","6,325 or above",other,0.195,7.97,0
"What will the S&P 500 index closing value be at 4:00 PM EDT on July 15, 2025?","6,350 or above",other,0.055,7.97,0
"What will the S&P 500 index closing value be at 4:00 PM EDT on July 15, 2025?","6,375 or above",other,0.02,7.97,0
"What will the S&P 500 index closing value be at 4:00 PM EDT on July 15, 2025?","6,400 or above",other,0.015,7.97,0
"What will the S&P 500 index closing value be at 4:00 PM EDT on July 15, 2025?","6,425 or above",other,0.015,7.97,0
"What will the S&P 500 index closing value be at 4:00 PM EDT on July 15, 2025?","6,450 or above",other,0.015,7.97,0
"What will the S&P 500 index closing value be at 4:00 PM EDT on July 15, 2025?","6,475 or above",other,0.015,7.97,0
"What will the S&P 500 index closing value be at 4:00 PM EDT on July 15, 2025?","6,500 or above",other,0.015,7.97,0
"What will the S&P 500 index closing value be at 4:00 PM EDT on July 15, 2025?","6,525 or above",other,0.015,7.97,0
"What will the S&P 500 index closing value be at 4:00 PM EDT on July 15, 2025?","6,550 or above",other,0.015,7.97,0
"What will the S&P 500 index closing value be at 4:00 PM EDT on July 15, 2025?","6,575 or above",other,0.015,7.97,0
"What will the S&P 500 index closing value be at 4:00 PM EDT on July 15, 2025?","6,600 or above",other,0.015,7.97,0
"What will the S&P 500 index closing value be at 4:00 PM EDT on July 15, 2025?","6,625 or above",other,0.015,7.97,0
"What will the S&P 500 index closing value be at 4:00 PM EDT on July 15, 2025?","6,650 or above",other,0.015,7.97,0
"What will the S&P 500 index closing value be at 4:00 PM EDT on July 15, 2025?","6,675 or above",other,0.015,7.97,0
"What will the S&P 500 index closing value be at 4:00 PM EDT on July 15, 2025?","6,700 or above",other,0.015,7.97,0
"What will the S&P 500 index closing value be at 4:00 PM EDT on July 15, 2025?","6,725 or above",other,0.015,7.97,0
"What will the S&P 500 index closing value be at 4:00 PM EDT on July 15, 2025?","6,750 or above",other,0.015,7.97,0
"What will the S&P 500 index closing value be at 4:00 PM EDT on July 15, 2025?","6,775 or above",other,0.015,7.97,0
"What will the S&P 500 index closing value be at 4:00 PM EDT on July 15, 2025?","6,800 or above",other,0.015,7.97,0
"What will the S&P 500 index closing value be at 4:00 PM EDT on July 15, 2025?","6,825 or above",other,0.015,7.97,0
"What will the S&P 500 index closing value be at 4:00 PM EDT on July 15, 2025?","6,850 or above",other,0.015,7.97,0
"What will the S&P 500 index closing value be at 4:00 PM EDT on July 15, 2025?","6,875 or above",other,0.015,7.97,0
"What will the S&P 500 index closing value be at 4:00 PM EDT on July 15, 2025?","6,900 or above",other,0.015,7.97,0
"What will the S&P 500 index closing value be at 4:00 PM EDT on July 15, 2025?","6,925 or above",other,0.015,7.97,0
"What will the S&P 500 index closing value be at 4:00 PM EDT on July 15, 2025?","6,950 or above",other,0.015,7.97,0
"What will the S&P 500 index closing value be at 4:00 PM EDT on July 15, 2025?","6,975 or above",other,0.015,7.97,0
"Which professional La Liga soccer team, Getafe or Levante, will win the match scheduled for Sep 27, 2025? (Result considered after 90 minutes plus stoppage time; excludes extra time and penalties.)",Getafe,sports,0.47,32.76,0
"Which professional La Liga soccer team, Getafe or Levante, will win the match scheduled for Sep 27, 2025? (Result considered after 90 minutes plus stoppage time; excludes extra time and penalties.)",Levante,sports,0.23,32.76,0
"Which professional La Liga soccer team, Getafe or Levante, will win the match scheduled for Sep 27, 2025? (Result considered after 90 minutes plus stoppage time; excludes extra time and penalties.)",Tie,sports,0.3,32.76,1
"Which player, Nuno Borges or Karen Khachanov, will advance past the round of 32 in the 2025 Wimbledon Men's Singles professional tennis tournament?",Karen Khachanov,sports,0.67,7.04,1
"Which player, Nuno Borges or Karen Khachanov, will advance past the round of 32 in the 2025 Wimbledon Men's Singles professional tennis tournament?",Nuno Borges,sports,0.325,7.04,0
"Which professional baseball team, Chicago C or Cleveland, will win the game scheduled for Jul 1, 2025?",Chicago C,sports,0.62,14.61,1
"Which professional baseball team, Chicago C or Cleveland, will win the game scheduled for Jul 1, 2025?",Cleveland,sports,0.38,14.61,0
"Which college football team, UConn or Florida International, will win the Florida International at UConn game scheduled for Oct 4, 2025?",Florida International,sports,0.275,36.14,0
"Which college football team, UConn or Florida International, will win the Florida International at UConn game scheduled for Oct 4, 2025?",UConn,sports,0.725,36.14,1
"Which college football team, Washington or Ohio St., will win the Ohio St. at Washington game scheduled for Sep 27, 2025?",Ohio St.,sports,0.75,6.9,1
"Which college football team, Washington or Ohio St., will win the Ohio St. at Washington game scheduled for Sep 27, 2025?",Washington,sports,0.255,6.9,0
"Which professional baseball team, Minnesota or Tampa Bay, will win the game scheduled for Jul 6, 2025, in Minnesota?",Minnesota,sports,0.515,9.35,0
"Which professional baseball team, Minnesota or Tampa Bay, will win the game scheduled for Jul 6, 2025, in Minnesota?",Tampa Bay,sports,0.49,9.35,1
"Which professional baseball team, Detroit or Tampa Bay, will win the game scheduled for Jul 9, 2025?",Detroit,sports,0.575,12.04,0
"Which professional baseball team, Detroit or Tampa Bay, will win the game scheduled for Jul 9, 2025?",Tampa Bay,sports,0.425,12.04,1
"What is the highest temperature (°F) recorded at Los Angeles Airport, CA on October 30, 2025, as reported by the National Weather Service's Climatological Report (Daily)?",76° or below,science_tech,0.005,6.87,0
"What is the highest temperature (°F) recorded at Los Angeles Airport, CA on October 30, 2025, as reported by the National Weather Service's Climatological Report (Daily)?",77° to 78°,science_tech,0.005,6.87,0
"What is the highest temperature (°F) recorded at Los Angeles Airport, CA on October 30, 2025, as reported by the National Weather Service's Climatological Report (Daily)?",79° to 80°,science_tech,0.005,6.87,0
"What is the highest temperature (°F) recorded at Los Angeles Airport, CA on October 30, 2025, as reported by the National Weather Service's Climatological Report (Daily)?",81° to 82°,science_tech,0.005,6.87,0
"What is the highest temperature (°F) recorded at Los Angeles Airport, CA on October 30, 2025, as reported by the National Weather Service's Climatological Report (Daily)?",83° to 84°,science_tech,0.995,6.87,1
"What is the highest temperature (°F) recorded at Los Angeles Airport, CA on October 30, 2025, as reported by the National Weather Service's Climatological Report (Daily)?",85° or above,science_tech,0.005,6.87,0
"Will Donald Trump appear on the CBS program 60 Minutes at any time before Jan 1, 2026?",Donald Trump,culture,0.96,48.2,1
"Which college football team, West Virginia or TCU, will win the game scheduled for Oct 25, 2025?",TCU,sports,0.855,45.09,1
"Which college football team, West Virginia or TCU, will win the game scheduled for Oct 25, 2025?",West Virginia,sports,0.145,45.09,0
"Which professional tennis player, Joao Fonseca or Jaume Munar, will win the Fonseca vs Munar match in the 2025 ATP Basel semifinal after a ball has been played?",Jaume Munar,sports,0.435,11.06,0
"Which professional tennis player, Joao Fonseca or Jaume Munar, will win the Fonseca vs Munar match in the 2025 ATP Basel semifinal after a ball has been played?",Joao Fonseca,sports,0.565,11.06,1
"Which college football team, Washington or Ohio St., will win the Ohio St. at Washington game scheduled for Sep 27, 2025?",Ohio St.,sports,0.755,11.32,1
"Which college football team, Washington or Ohio St., will win the Ohio St. at Washington game scheduled for Sep 27, 2025?",Washington,sports,0.255,11.32,0
"Which college football team, Liberty or James Madison, will win the game scheduled for Sep 20, 2025?",James Madison,sports,0.77,142.73,1
"Which college football team, Liberty or James Madison, will win the game scheduled for Sep 20, 2025?",Liberty,sports,0.235,142.73,0
"Which player, Giovanni Mpetshi Perricard or Cameron Norrie, will advance past the round of 32 in the 2025 ATP Eastbourne professional tennis tournament?",Cameron Norrie,sports,0.71,8.25,0
"Which player, Giovanni Mpetshi Perricard or Cameron Norrie, will advance past the round of 32 in the 2025 ATP Eastbourne professional tennis tournament?",Giovanni Mpetshi Perricard,sports,0.015,8.25,0
"Which team will be Russell Westbrook's next NBA team by Dec 31, 2025?",Dallas,sports,0.495,62.71,0
"Which team will be Russell Westbrook's next NBA team by Dec 31, 2025?",Denver,sports,0.055,62.71,0
"Which team will be Russell Westbrook's next NBA team by Dec 31, 2025?",Golden State,sports,0.06,62.71,0
"Which team will be Russell Westbrook's next NBA team by Dec 31, 2025?",Miami,sports,0.145,62.71,0
"Which team will be Russell Westbrook's next NBA team by Dec 31, 2025?",Orlando,sports,0.46,62.71,0
"Which team will be Russell Westbrook's next NBA team by Dec 31, 2025?",Sacramento,sports,0.5,62.71,1
"Which college football team, Syracuse or North Carolina, will win the game scheduled for Oct 31, 2025?",North Carolina,sports,0.49,146.48,1
"Which college football team, Syracuse or North Carolina, will win the game scheduled for Oct 31, 2025?",Syracuse,sports,0.575,146.48,0
Who will win League Worlds?,Anyone's Legend,sports,0.145,297.47,0
Who will win League Worlds?,Bilibili Gaming,sports,0.5,297.47,0
Who will win League Worlds?,CTBC Flying Oyster,sports,0.03,297.47,0
Who will win League Worlds?,Dplus KIA,sports,0.5,297.47,0
Who will win League Worlds?,G2 Esports,sports,0.03,297.47,0
Who will win League Worlds?,Gen.G,sports,0.525,297.47,0
Who will win League Worlds?,Hanwha Life Esports,sports,0.095,297.47,0
Who will win League Worlds?,JD Gaming,sports,0.5,297.47,0
Who will win League Worlds?,KT Rolster,sports,0.055,297.47,0
Who will win League Worlds?,T1,sports,0.125,297.47,1
Who will win League Worlds?,Top Esports,sports,0.055,297.47,0
Who will win League Worlds?,Weibo Gaming,sports,0.5,297.47,0
Will Cooper Flagg be selected among the top 20 picks in the 2025 Pro Basketball draft?,Ace Bailey,sports,0.97,134.74,1
Will Cooper Flagg be selected among the top 20 picks in the 2025 Pro Basketball draft?,Asa Newell,sports,0.79,134.74,0
Will Cooper Flagg be selected among the top 20 picks in the 2025 Pro Basketball draft?,Ben Saraf,sports,0.525,134.74,0
Will Cooper Flagg be selected among the top 20 picks in the 2025 Pro Basketball draft?,Carter Bryant,sports,0.83,134.74,1
Will Cooper Flagg be selected among the top 20 picks in the 2025 Pro Basketball draft?,Cedric Coward,sports,0.815,134.74,1
Will Cooper Flagg be selected among the top 20 picks in the 2025 Pro Basketball draft?,Collin Murray-Boyles,sports,0.85,134.74,1
Will Cooper Flagg be selected among the top 20 picks in the 2025 Pro Basketball draft?,Cooper Flagg,sports,0.995,134.74,1
Will Cooper Flagg be selected among the top 20 picks in the 2025 Pro Basketball draft?,Danny Wolf,sports,0.57,134.74,0
Will Cooper Flagg be selected among the top 20 picks in the 2025 Pro Basketball draft?,Derik Queen,sports,0.835,134.74,1
Will Cooper Flagg be selected among the top 20 picks in the 2025 Pro Basketball draft?,Drake Powell,sports,0.195,134.74,0
Will Cooper Flagg be selected among the top 20 picks in the 2025 Pro Basketball draft?,Dylan Harper,sports,0.955,134.74,1
Will Cooper Flagg be selected among the top 20 picks in the 2025 Pro Basketball draft?,Egor Demin,sports,0.875,134.74,1
Will Cooper Flagg be selected among the top 20 picks in the 2025 Pro Basketball draft?,Hugo Gonzalez,sports,0.23,134.74,0
Will Cooper Flagg be selected among the top 20 picks in the 2025 Pro Basketball draft?,Jase Richardson,sports,0.345,134.74,0
Will Cooper Flagg be selected among the top 20 picks in the 2025 Pro Basketball draft?,Jeremiah Fears,sports,0.965,134.74,1
Will Cooper Flagg be selected among the top 20 picks in the 2025 Pro Basketball draft?,Khaman Maluach,sports,0.955,134.74,1
Will Cooper Flagg be selected among the top 20 picks in the 2025 Pro Basketball draft?,Liam McNeeley,sports,0.45,134.74,0
Will Cooper Flagg be selected among the top 20 picks in the 2025 Pro Basketball draft?,Nique Clifford,sports,0.625,134.74,0
Will Cooper Flagg be selected among the top 20 picks in the 2025 Pro Basketball draft?,Noa Essengue,sports,0.965,134.74,1
Will Cooper Flagg be selected among the top 20 picks in the 2025 Pro Basketball draft?,Nolan Traore,sports,0.54,134.74,1
Will Cooper Flagg be selected among the top 20 picks in the 2025 Pro Basketball draft?,Thomas Sorber,sports,0.74,134.74,1
Will Cooper Flagg be selected among the top 20 picks in the 2025 Pro Basketball draft?,Tre Johnson,sports,0.96,134.74,1
Will Cooper Flagg be selected among the top 20 picks in the 2025 Pro Basketball draft?,Walter Clayton Jr.,sports,0.3,134.74,1
Will Cooper Flagg be selected among the top 20 picks in the 2025 Pro Basketball draft?,Will Riley,sports,0.575,134.74,0
"Which college football team, Florida Atlantic or Memphis, will win the game scheduled for Sep 27, 2025?",Florida Atlantic,sports,0.17,7.07,0
"Which college football team, Florida Atlantic or Memphis, will win the game scheduled for Sep 27, 2025?",Memphis,sports,0.83,7.07,1
"Which professional football team, Buffalo or New England, will win the game scheduled for Oct 5, 2025?",Buffalo,sports,0.795,10.77,0
"Which professional football team, Buffalo or New England, will win the game scheduled for Oct 5, 2025?",New England,sports,0.205,10.77,1
"Which college football team, Appalachian St. or Oregon St., will win the game scheduled for Oct 4, 2025?",Appalachian St.,sports,0.525,70.88,1
"Which college football team, Appalachian St. or Oregon St., will win the game scheduled for Oct 4, 2025?",Oregon St.,sports,0.475,70.88,0
"Which professional basketball team, Minnesota or Indiana, will win the game scheduled for Oct 26, 2025?",Indiana,sports,0.57,46.0,0
"Which professional basketball team, Minnesota or Indiana, will win the game scheduled for Oct 26, 2025?",Minnesota,sports,0.605,46.0,1
What will the announcers say during the Green Bay at Pittsburgh pro football game?,Cheesehead / Cheese Head,other,0.24,11.48,1
What will the announcers say during the Green Bay at Pittsburgh pro football game?,Concussion Protocol,other,0.145,11.48,1
What will the announcers say during the Green Bay at Pittsburgh pro football game?,Down to the wire,other,0.215,11.48,0
What will the announcers say during the Green Bay at Pittsburgh pro football game?,Ejected / Ejection,other,0.035,11.48,0
What will the announcers say during the Green Bay at Pittsburgh pro football game?,Facemask / Face Mask,other,0.295,11.48,0
What will the announcers say during the Green Bay at Pittsburgh pro football game?,Fumble / Fumbles / Fumbled,other,0.65,11.48,1
What will the announcers say during the Green Bay at Pittsburgh pro football game?,Hail Mary,other,0.3,11.48,0
What will the announcers say during the Green Bay at Pittsburgh pro football game?,Inch / Inches,other,0.995,11.48,1
What will the announcers say during the Green Bay at Pittsburgh pro football game?,Intentional Grounding,other,0.455,11.48,0
What will the announcers say during the Green Bay at Pittsburgh pro football game?,Late Hit,other,0.23,11.48,0
What will the announcers say during the Green Bay at Pittsburgh pro football game?,Miracle,other,0.16,11.48,1
What will the announcers say during the Green Bay at Pittsburgh pro football game?,One Handed,other,0.995,11.48,1
What will the announcers say during the Green Bay at Pittsburgh pro football game?,Overtime,other,0.21,11.48,0
What will the announcers say during the Green Bay at Pittsburgh pro football game?,Pick Six,other,0.085,11.48,0
What will the announcers say during the Green Bay at Pittsburgh pro football game?,Pylon,other,0.995,11.48,1
What will the announcers say during the Green Bay at Pittsburgh pro football game?,Revenge,other,0.995,11.48,1
What will the announcers say during the Green Bay at Pittsburgh pro football game?,Roughing the Passer,other,0.21,11.48,0
What will the announcers say during the Green Bay at Pittsburgh pro football game?,Safety,other,0.995,11.48,1
What will the announcers say during the Green Bay at Pittsburgh pro football game?,Speed,other,0.995,11.48,1
What will the announcers say during the Green Bay at Pittsburgh pro football game?,Steel Curtain,other,0.13,11.48,0
What will the announcers say during the Green Bay at Pittsburgh pro football game?,Stuffed,other,0.255,11.48,0
What will the announcers say during the Green Bay at Pittsburgh pro football game?,Tie / Ties / Tied,other,0.335,11.48,1
What will the announcers say during the Green Bay at Pittsburgh pro football game?,Turf,other,0.195,11.48,0
What will the announcers say during the Green Bay at Pittsburgh pro football game?,Veteran,other,0.995,11.48,1
What will the announcers say during the Green Bay at Pittsburgh pro football game?,What a catch,other,0.24,11.48,0
What will the announcers say during the Green Bay at Pittsburgh pro football game?,Wild,other,0.44,11.48,0
"Which professional football team, Indianapolis or Denver, will win the game scheduled for Sep 14, 2025?",Denver,sports,0.67,1211.16,0
"Which professional football team, Indianapolis or Denver, will win the game scheduled for Sep 14, 2025?",Indianapolis,sports,0.37,1211.16,1
"Will the increase in total non-farm payroll employment reported in the Bureau of Labor Statistics Monthly Employment Situation Report for the month of July 2025 be above -100,000?","Above -100,000",finance,0.975,312.46,1
"Will the increase in total non-farm payroll employment reported in the Bureau of Labor Statistics Monthly Employment Situation Report for the month of July 2025 be above -100,000?",Above 0,finance,0.95,312.46,1
"Will the increase in total non-farm payroll employment reported in the Bureau of Labor Statistics Monthly Employment Situation Report for the month of July 2025 be above -100,000?","Above 100,000",finance,0.76,312.46,0
"Will the increase in total non-farm payroll employment reported in the Bureau of Labor Statistics Monthly Employment Situation Report for the month of July 2025 be above -100,000?","Above 150,000",finance,0.25,312.46,0
"Will the increase in total non-farm payroll employment reported in the Bureau of Labor Statistics Monthly Employment Situation Report for the month of July 2025 be above -100,000?","Above 200,000",finance,0.09,312.46,0
"Will the increase in total non-farm payroll employment reported in the Bureau of Labor Statistics Monthly Employment Situation Report for the month of July 2025 be above -100,000?","Above 250,000",finance,0.02,312.46,0
"Will the increase in total non-farm payroll employment reported in the Bureau of Labor Statistics Monthly Employment Situation Report for the month of July 2025 be above -100,000?","Above 300,000",finance,0.02,312.46,0
"Will @elonmusk tag @realdonaldtrump in a post on X after Sep 3, 2025 at 10:00 AM ET and before Oct 1, 2025?",Before Oct 2025,other,0.02,9.05,0
"Which professional tennis player, Matteo Arnaldi or Botic Van de Zandschulp, will advance past the round of 128 in the 2025 Wimbledon Men's Singles tournament?",Botic Van de Zandschulp,sports,0.445,49.31,1
"Which professional tennis player, Matteo Arnaldi or Botic Van de Zandschulp, will advance past the round of 128 in the 2025 Wimbledon Men's Singles tournament?",Matteo Arnaldi,sports,0.545,49.31,0
"Which college football team, North Carolina or Clemson, will win the Clemson at North Carolina game scheduled for Oct 4, 2025?",Clemson,sports,0.835,20.9,1
"Which college football team, North Carolina or Clemson, will win the Clemson at North Carolina game scheduled for Oct 4, 2025?",North Carolina,sports,0.165,20.9,0
"Which professional MMA fighter, Marvin Vettori or Brendan Allen, will win the Vettori vs Allen fight at UFC 318 scheduled for Jul 19, 2025?",Brendan Allen,sports,0.645,85.59,1
"Which professional MMA fighter, Marvin Vettori or Brendan Allen, will win the Vettori vs Allen fight at UFC 318 scheduled for Jul 19, 2025?",Marvin Vettori,sports,0.35,85.59,0
"Which professional women's basketball team, Minnesota or Chicago, will win the game scheduled for Jul 14, 2025?",Chicago,sports,0.17,38.04,0
"Which professional women's basketball team, Minnesota or Chicago, will win the game scheduled for Jul 14, 2025?",Minnesota,sports,0.83,38.04,1
"Which college football team, Charlotte or Temple, will win the Temple at Charlotte game scheduled for Oct 18, 2025?",Charlotte,sports,0.205,66.84,0
"Which college football team, Charlotte or Temple, will win the Temple at Charlotte game scheduled for Oct 18, 2025?",Temple,sports,0.79,66.84,1
"Which professional La Liga soccer team, Girona or Espanyol, will win the game scheduled for Sep 26, 2025 (result after 90 minutes plus stoppage time; excludes extra time and penalties)?",Espanyol,sports,0.39,116.77,0
"Which professional La Liga soccer team, Girona or Espanyol, will win the game scheduled for Sep 26, 2025 (result after 90 minutes plus stoppage time; excludes extra time and penalties)?",Girona,sports,0.385,116.77,0
"Which professional La Liga soccer team, Girona or Espanyol, will win the game scheduled for Sep 26, 2025 (result after 90 minutes plus stoppage time; excludes extra time and penalties)?",Tie,sports,0.355,116.77,1
"Which college football team, Wyoming or Colorado St., will win the game scheduled for Oct 25, 2025?",Colorado St.,sports,0.355,46.49,0
"Which college football team, Wyoming or Colorado St., will win the game scheduled for Oct 25, 2025?",Wyoming,sports,0.645,46.49,1
"Which college football team, Northern Illinois or Miami (OH), will win the game scheduled for Oct 4, 2025, at Northern Illinois?",Miami (OH),sports,0.645,9.23,1
"Which college football team, Northern Illinois or Miami (OH), will win the game scheduled for Oct 4, 2025, at Northern Illinois?",Northern Illinois,sports,0.36,9.23,0
"Which college football team, North Texas or South Florida, will win the South Florida at North Texas game scheduled for Oct 10, 2025?",North Texas,sports,0.51,31.05,0
"Which college football team, North Texas or South Florida, will win the South Florida at North Texas game scheduled for Oct 10, 2025?",South Florida,sports,0.495,31.05,1
Who will be named the MVP of the 2025 Pro Baseball Championship Series?,Addison Barger,sports,0.015,99.76,0
Who will be named the MVP of the 2025 Pro Baseball Championship Series?,Alejandro Kirk,sports,0.05,99.76,0
Who will be named the MVP of the 2025 Pro Baseball Championship Series?,Blake Snell,sports,0.01,99.76,0
Who will be named the MVP of the 2025 Pro Baseball Championship Series?,Bo Bichette,sports,0.01,99.76,0
Who will be named the MVP of the 2025 Pro Baseball Championship Series?,Daulton Varsho,sports,0.01,99.76,0
Who will be named the MVP of the 2025 Pro Baseball Championship Series?,Enrique Hernandez,sports,0.02,99.76,0
Who will be named the MVP of the 2025 Pro Baseball Championship Series?,Freddie Freeman,sports,0.05,99.76,0
Who will be named the MVP of the 2025 Pro Baseball Championship Series?,George Springer,sports,0.005,99.76,0
Who will be named the MVP of the 2025 Pro Baseball Championship Series?,Jeff Hoffman,sports,0.005,99.76,0
Who will be named the MVP of the 2025 Pro Baseball Championship Series?,Max Muncy,sports,0.02,99.76,0
Who will be named the MVP of the 2025 Pro Baseball Championship Series?,Max Scherzer,sports,0.005,99.76,0
Who will be named the MVP of the 2025 Pro Baseball Championship Series?,Mookie Betts,sports,0.005,99.76,0
Who will be named the MVP of the 2025 Pro Baseball Championship Series?,Roki Sasaki,sports,0.005,99.76,0
Who will be named the MVP of the 2025 Pro Baseball Championship Series?,Shane Bieber,sports,0.01,99.76,0
Who will be named the MVP of the 2025 Pro Baseball Championship Series?,Shohei Ohtani,sports,0.775,99.76,0
Who will be named the MVP of the 2025 Pro Baseball Championship Series?,Teoscar Hernandez,sports,0.015,99.76,0
Who will be named the MVP of the 2025 Pro Baseball Championship Series?,Tie/Co-Winners,sports,0.03,99.76,0
Who will be named the MVP of the 2025 Pro Baseball Championship Series?,Tommy Edman,sports,0.005,99.76,0
Who will be named the MVP of the 2025 Pro Baseball Championship Series?,Trey Yesavage,sports,0.04,99.76,0
Who will be named the MVP of the 2025 Pro Baseball Championship Series?,Vladimir Guerrero Jr.,sports,0.085,99.76,0
Who will be named the MVP of the 2025 Pro Baseball Championship Series?,Yoshinobu Yamamoto,sports,0.09,99.76,1
"Which college football team, Duke or North Carolina St., will win the game scheduled for Sep 20, 2025 at Duke?",Duke,sports,0.575,12.32,1
"Which college football team, Duke or North Carolina St., will win the game scheduled for Sep 20, 2025 at Duke?",North Carolina St.,sports,0.43,12.32,0
"How many songs by Taylor Swift will be in the Billboard Hot 100's top 10 on the Billboard chart dated Oct 25, 2025?",Exactly 1 song,culture,0.005,161.9,0
"How many songs by Taylor Swift will be in the Billboard Hot 100's top 10 on the Billboard chart dated Oct 25, 2025?",Exactly 10 songs,culture,0.02,161.9,0
"How many songs by Taylor Swift will be in the Billboard Hot 100's top 10 on the Billboard chart dated Oct 25, 2025?",Exactly 2 songs,culture,0.005,161.9,0
"How many songs by Taylor Swift will be in the Billboard Hot 100's top 10 on the Billboard chart dated Oct 25, 2025?",Exactly 3 songs,culture,0.005,161.9,0
"How many songs by Taylor Swift will be in the Billboard Hot 100's top 10 on the Billboard chart dated Oct 25, 2025?",Exactly 4 songs,culture,0.005,161.9,0
"How many songs by Taylor Swift will be in the Billboard Hot 100's top 10 on the Billboard chart dated Oct 25, 2025?",Exactly 5 songs,culture,0.005,161.9,0
"How many songs by Taylor Swift will be in the Billboard Hot 100's top 10 on the Billboard chart dated Oct 25, 2025?",Exactly 6 songs,culture,0.01,161.9,0
"How many songs by Taylor Swift will be in the Billboard Hot 100's top 10 on the Billboard chart dated Oct 25, 2025?",Exactly 7 songs,culture,0.06,161.9,0
"How many songs by Taylor Swift will be in the Billboard Hot 100's top 10 on the Billboard chart dated Oct 25, 2025?",Exactly 8 songs,culture,0.915,161.9,1
"How many songs by Taylor Swift will be in the Billboard Hot 100's top 10 on the Billboard chart dated Oct 25, 2025?",Exactly 9 songs,culture,0.025,161.9,0
"Which team, New York Y or Toronto, will win the New York Y vs Toronto series in the 2025 professional baseball playoffs?",New York Y,sports,0.145,74.49,0
"Which team, New York Y or Toronto, will win the New York Y vs Toronto series in the 2025 professional baseball playoffs?",Toronto,sports,0.85,74.49,1
"Which professional MMA fighter, Jack Hermansson or Gregory Rodrigues, will win the Hermansson vs Rodrigues fight scheduled for Jun 28, 2025?",Gregory Rodrigues,sports,0.655,32.83,1
"Which professional MMA fighter, Jack Hermansson or Gregory Rodrigues, will win the Hermansson vs Rodrigues fight scheduled for Jun 28, 2025?",Jack Hermansson,sports,0.345,32.83,0
"Which professional tennis player, Hugo Gaston or Damir Dzumhur, will advance past the round of 16 in the 2025 ATP Bastad tournament?",Damir Dzumhur,sports,0.5,54.22,1
"Which professional tennis player, Hugo Gaston or Damir Dzumhur, will advance past the round of 16 in the 2025 ATP Bastad tournament?",Hugo Gaston,sports,0.5,54.22,0
What will Rafael Nadal say during the America Business Forum?,Health / Healthy,other,0.51,253.14,0
What will Rafael Nadal say during the America Business Forum?,Injury,other,0.545,253.14,0
What will Rafael Nadal say during the America Business Forum?,Innovation,other,0.4,253.14,0
What will Rafael Nadal say during the America Business Forum?,Olympic,other,0.345,253.14,0
What will Rafael Nadal say during the America Business Forum?,Padel,other,0.1,253.14,0
What will Rafael Nadal say during the America Business Forum?,Rafa Nadal Academy,other,0.2,253.14,0
What will Rafael Nadal say during the America Business Forum?,Real Estate,other,0.34,253.14,0
What will Rafael Nadal say during the America Business Forum?,Retire/ Retired / Retirement,other,0.415,253.14,0
What will Rafael Nadal say during the America Business Forum?,Rival / Rivalry,other,0.61,253.14,0
What will Rafael Nadal say during the America Business Forum?,US Open,other,0.605,253.14,0
What will Rafael Nadal say during the America Business Forum?,Venture,other,0.3,253.14,0
What will Rafael Nadal say during the America Business Forum?,Zel / Hotel,other,0.52,253.14,0
"During Costco Wholesale Corporation's next earnings call (including the Q&A), will any company representative (including the operator of the call) say the phrase ""Hot Dog""?",Consumer,finance,0.865,61.85,1
"During Costco Wholesale Corporation's next earnings call (including the Q&A), will any company representative (including the operator of the call) say the phrase ""Hot Dog""?",Dividend,finance,0.52,61.85,0
"During Costco Wholesale Corporation's next earnings call (including the Q&A), will any company representative (including the operator of the call) say the phrase ""Hot Dog""?",Expansion,finance,0.77,61.85,1
"During Costco Wholesale Corporation's next earnings call (including the Q&A), will any company representative (including the operator of the call) say the phrase ""Hot Dog""?",Growth,finance,0.98,61.85,1
"During Costco Wholesale Corporation's next earnings call (including the Q&A), will any company representative (including the operator of the call) say the phrase ""Hot Dog""?",Hot Dog,finance,0.29,61.85,1
"During Costco Wholesale Corporation's next earnings call (including the Q&A), will any company representative (including the operator of the call) say the phrase ""Hot Dog""?",Inflation,finance,0.975,61.85,1
"During Costco Wholesale Corporation's next earnings call (including the Q&A), will any company representative (including the operator of the call) say the phrase ""Hot Dog""?",Inventory,finance,0.945,61.85,1
"During Costco Wholesale Corporation's next earnings call (including the Q&A), will any company representative (including the operator of the call) say the phrase ""Hot Dog""?",Kirkland,finance,0.955,61.85,1
"During Costco Wholesale Corporation's next earnings call (including the Q&A), will any company representative (including the operator of the call) say the phrase ""Hot Dog""?",Labor,finance,0.61,61.85,1
"During Costco Wholesale Corporation's next earnings call (including the Q&A), will any company representative (including the operator of the call) say the phrase ""Hot Dog""?",Margin,finance,0.985,61.85,1
"During Costco Wholesale Corporation's next earnings call (including the Q&A), will any company representative (including the operator of the call) say the phrase ""Hot Dog""?",Membership,finance,0.995,61.85,1
"During Costco Wholesale Corporation's next earnings call (including the Q&A), will any company representative (including the operator of the call) say the phrase ""Hot Dog""?",Renewal,finance,0.98,61.85,1
"During Costco Wholesale Corporation's next earnings call (including the Q&A), will any company representative (including the operator of the call) say the phrase ""Hot Dog""?",Revenue,finance,0.82,61.85,1
"During Costco Wholesale Corporation's next earnings call (including the Q&A), will any company representative (including the operator of the call) say the phrase ""Hot Dog""?",Spending,finance,0.8,61.85,1
"During Costco Wholesale Corporation's next earnings call (including the Q&A), will any company representative (including the operator of the call) say the phrase ""Hot Dog""?",Tariff,finance,0.925,61.85,1
"During Costco Wholesale Corporation's next earnings call (including the Q&A), will any company representative (including the operator of the call) say the phrase ""Hot Dog""?",Valuation,finance,0.135,61.85,0
"Which professional baseball team, Milwaukee or Los Angeles D, will win the game scheduled for Jul 7, 2025?",Los Angeles D,sports,0.56,14.46,0
"Which professional baseball team, Milwaukee or Los Angeles D, will win the game scheduled for Jul 7, 2025?",Milwaukee,sports,0.44,14.46,1
"Will Squid Game: Season 3 have a Rotten Tomatoes Tomatometer score above 70 on Jun 28, 2025 at 10:00 AM ET?",Above 75,culture,0.935,97.97,1
"Will Squid Game: Season 3 have a Rotten Tomatoes Tomatometer score above 70 on Jun 28, 2025 at 10:00 AM ET?",Above 80,culture,0.775,97.97,1
"Will Squid Game: Season 3 have a Rotten Tomatoes Tomatometer score above 70 on Jun 28, 2025 at 10:00 AM ET?",Above 85,culture,0.69,97.97,0
"Will Squid Game: Season 3 have a Rotten Tomatoes Tomatometer score above 70 on Jun 28, 2025 at 10:00 AM ET?",Above 90,culture,0.265,97.97,0
"Will Squid Game: Season 3 have a Rotten Tomatoes Tomatometer score above 70 on Jun 28, 2025 at 10:00 AM ET?",Above 95,culture,0.055,97.97,0
"Which college football team, Nebraska or Houston Christian, will win the game scheduled for Sep 13, 2025 at Nebraska?",Houston Christian,sports,0.04,139.07,0
"Which college football team, Nebraska or Houston Christian, will win the game scheduled for Sep 13, 2025 at Nebraska?",Nebraska,sports,0.97,139.07,1
"Which professional tennis player, Carlos Taberner or Damir Dzumhur, will advance past the semifinal of the 2025 ATP Umag tournament?",Carlos Taberner,sports,0.38,8.82,1
"Which professional tennis player, Carlos Taberner or Damir Dzumhur, will advance past the semifinal of the 2025 ATP Umag tournament?",Damir Dzumhur,sports,0.39,8.82,0
"Which professional baseball team, Washington or Colorado, will win the game scheduled for Jun 19, 2025?",Colorado,sports,0.42,8.12,0
"Which professional baseball team, Washington or Colorado, will win the game scheduled for Jun 19, 2025?",Washington,sports,0.575,8.12,1
"Which professional hockey team, FLA Panthers or VGK Golden Knights, will win the game scheduled for Oct 25, 2025?",FLA Panthers,sports,0.495,19.53,1
"Which professional hockey team, FLA Panthers or VGK Golden Knights, will win the game scheduled for Oct 25, 2025?",VGK Golden Knights,sports,0.525,19.53,0
"Will FaZe Adapt's peak number of active paid Twitch subscribers reach at least 150,000 at any time before Nov 1, 2025?",150000 or more,other,0.43,191.09,0
Who will win the Pro Women's Basketball Rookie of the Year award in the 2025 season?,Dominique Malonga,sports,0.045,1562.21,0
Who will win the Pro Women's Basketball Rookie of the Year award in the 2025 season?,Hailey Van Lith,sports,0.045,1562.21,0
Who will win the Pro Women's Basketball Rookie of the Year award in the 2025 season?,Janelle Salaun,sports,0.045,1562.21,0
Who will win the Pro Women's Basketball Rookie of the Year award in the 2025 season?,Kiki Iriafen,sports,0.06,1562.21,0
Who will win the Pro Women's Basketball Rookie of the Year award in the 2025 season?,Paige Bueckers,sports,0.885,1562.21,1
Who will win the Pro Women's Basketball Rookie of the Year award in the 2025 season?,Sonia Citron,sports,0.11,1562.21,0
"Which professional baseball team, Los Angeles D or Philadelphia, will win Game 2 of their matchup scheduled for Oct 6, 2025?",Los Angeles D,sports,0.545,15.26,1
"Which professional baseball team, Los Angeles D or Philadelphia, will win Game 2 of their matchup scheduled for Oct 6, 2025?",Philadelphia,sports,0.465,15.26,0
"Which college football team, Utah St. or San Jose St., will win the game scheduled for Oct 17, 2025?",San Jose St.,sports,0.4,145.44,0
"Which college football team, Utah St. or San Jose St., will win the game scheduled for Oct 17, 2025?",Utah St.,sports,0.57,145.44,1
Who will win the Pro Women's Basketball Rookie of the Year award in the 2025 season?,Dominique Malonga,sports,0.025,1322.18,0
Who will win the Pro Women's Basketball Rookie of the Year award in the 2025 season?,Hailey Van Lith,sports,0.025,1322.18,0
Who will win the Pro Women's Basketball Rookie of the Year award in the 2025 season?,Janelle Salaun,sports,0.025,1322.18,0
Who will win the Pro Women's Basketball Rookie of the Year award in the 2025 season?,Kiki Iriafen,sports,0.03,1322.18,0
Who will win the Pro Women's Basketball Rookie of the Year award in the 2025 season?,Paige Bueckers,sports,0.66,1322.18,1
Who will win the Pro Women's Basketball Rookie of the Year award in the 2025 season?,Sonia Citron,sports,0.085,1322.18,0
Who will win the Pro Women's Basketball Rookie of the Year award in the 2025 season?,Dominique Malonga,sports,0.045,1274.08,0
Who will win the Pro Women's Basketball Rookie of the Year award in the 2025 season?,Hailey Van Lith,sports,0.045,1274.08,0
Who will win the Pro Women's Basketball Rookie of the Year award in the 2025 season?,Janelle Salaun,sports,0.045,1274.08,0
Who will win the Pro Women's Basketball Rookie of the Year award in the 2025 season?,Kiki Iriafen,sports,0.03,1274.08,0
Who will win the Pro Women's Basketball Rookie of the Year award in the 2025 season?,Paige Bueckers,sports,0.66,1274.08,1
Who will win the Pro Women's Basketball Rookie of the Year award in the 2025 season?,Sonia Citron,sports,0.085,1274.08,0
"Which college football team, Iowa St. or BYU, will win the BYU at Iowa St. college football game scheduled for Oct 25, 2025?",BYU,sports,0.445,41.96,1
"Which college football team, Iowa St. or BYU, will win the BYU at Iowa St. college football game scheduled for Oct 25, 2025?",Iowa St.,sports,0.555,41.96,0
"Which professional football team, Kansas City or Philadelphia, will win the game scheduled for Sep 14, 2025?",Kansas City,sports,0.495,191.36,0
"Which professional football team, Kansas City or Philadelphia, will win the game scheduled for Sep 14, 2025?",Philadelphia,sports,0.505,191.36,1
"Which party, Drake or Universal Music Group (UMG), will be held liable in the lawsuit between Drake and UMG by Dec 31, 2026?",Before 2027,culture,0.02,13.15,0
"Will any person be formally charged with a crime in relation to the October 19, 2025 theft of France's Crown Jewels from the Apollo Gallery in the Louvre Museum in any jurisdiction before Nov 1, 2025?",Before 2026,politics,0.965,72.09,1
"Will any person be formally charged with a crime in relation to the October 19, 2025 theft of France's Crown Jewels from the Apollo Gallery in the Louvre Museum in any jurisdiction before Nov 1, 2025?",Before December,politics,0.85,72.09,1
"Will any person be formally charged with a crime in relation to the October 19, 2025 theft of France's Crown Jewels from the Apollo Gallery in the Louvre Museum in any jurisdiction before Nov 1, 2025?",Before November,politics,0.735,72.09,1
"Which professional tennis player, Patrick Zahraj or Roman Andres Burruchaga, will advance past the round of 16 at the 2025 ATP Gstaad tournament?",Patrick Zahraj,sports,0.5,25.14,0
"Which professional tennis player, Patrick Zahraj or Roman Andres Burruchaga, will advance past the round of 16 at the 2025 ATP Gstaad tournament?",Roman Andres Burruchaga,sports,0.5,25.14,1
"Will the United States impose new sanctions on Russia before Oct 1, 2025?",Before Oct 2025,politics,0.07,123.4,0
"Which college football team, Boston College or California, will win the game scheduled for Sep 27, 2025, between California and Boston College at Boston College?",Boston College,sports,0.665,7.39,0
"Which college football team, Boston College or California, will win the game scheduled for Sep 27, 2025, between California and Boston College at Boston College?",California,sports,0.33,7.39,1
"Which college football team, Middle Tennessee or Jacksonville St., will win the game scheduled for Oct 29, 2025?",Jacksonville St.,sports,0.68,74.64,1
"Which college football team, Middle Tennessee or Jacksonville St., will win the game scheduled for Oct 29, 2025?",Middle Tennessee,sports,0.32,74.64,0
"Which college football team, Memphis or Tulane, will win the game scheduled for Nov 7, 2025?",Memphis,sports,0.685,125.1,0
"Which college football team, Memphis or Tulane, will win the game scheduled for Nov 7, 2025?",Tulane,sports,0.315,125.1,1
"Will President Donald J. Trump impose any new or raised tariffs before Oct 1, 2025?",Before Oct 2025,politics,0.075,8.32,0
"Will exactly two unique songs credited to Taylor Swift occupy the top two positions on the Billboard Hot 100 chart dated November 01, 2025?",Yes,culture,0.075,63.26,0
"Will the CEO of Astronomer leave before Aug 1, 2025?",Before Aug 2025,finance,0.555,31.35,1
"Which college football team, Eastern Michigan or Louisiana, will win the game scheduled for Sep 20, 2025?",Eastern Michigan,sports,0.445,7.91,1
"Which college football team, Eastern Michigan or Louisiana, will win the game scheduled for Sep 20, 2025?",Louisiana,sports,0.555,7.91,0
"Which album will be #1 on the Billboard 200 chart dated September 20, 2025?",HIT ME HARD AND SOFT,culture,0.005,219.89,0
"Which album will be #1 on the Billboard 200 chart dated September 20, 2025?",I'm The Problem,culture,0.025,219.89,0
"Which album will be #1 on the Billboard 200 chart dated September 20, 2025?",KARMA,culture,0.005,219.89,0
"Which album will be #1 on the Billboard 200 chart dated September 20, 2025?",KPop Demon Hunters,culture,0.655,219.89,1
"Which album will be #1 on the Billboard 200 chart dated September 20, 2025?",Man's Best Friend,culture,0.215,219.89,0
"Which album will be #1 on the Billboard 200 chart dated September 20, 2025?",One Thing At A Time,culture,0.005,219.89,0
"Which album will be #1 on the Billboard 200 chart dated September 20, 2025?",SOS,culture,0.005,219.89,0
"Which album will be #1 on the Billboard 200 chart dated September 20, 2025?",SWAG,culture,0.095,219.89,0
"Which album will be #1 on the Billboard 200 chart dated September 20, 2025?",Swag II,culture,0.07,219.89,0
"Which album will be #1 on the Billboard 200 chart dated September 20, 2025?",THE TORTURED POETS DEPARTMENT,culture,0.005,219.89,0
"Which album will be #1 on the Billboard 200 chart dated September 20, 2025?",The Last Wun,culture,0.005,219.89,0
"Which album will be #1 on the Billboard 200 chart dated September 20, 2025?",Wishbone,culture,0.005,219.89,0
"Which album will be #1 on the Billboard 200 chart dated September 20, 2025?","You'll Be Alright, Kid",culture,0.005,219.89,0
"Will the Rotten Tomatoes Tomatometer score for the film ""Regretting You"" be above 10 on Oct 27, 2025 at 10:00 AM ET?",Above 10,culture,0.965,107.3,1
"Will the Rotten Tomatoes Tomatometer score for the film ""Regretting You"" be above 10 on Oct 27, 2025 at 10:00 AM ET?",Above 15,culture,0.92,107.3,1
"Will the Rotten Tomatoes Tomatometer score for the film ""Regretting You"" be above 10 on Oct 27, 2025 at 10:00 AM ET?",Above 20,culture,0.845,107.3,1
"Will the Rotten Tomatoes Tomatometer score for the film ""Regretting You"" be above 10 on Oct 27, 2025 at 10:00 AM ET?",Above 25,culture,0.67,107.3,1
"Will the Rotten Tomatoes Tomatometer score for the film ""Regretting You"" be above 10 on Oct 27, 2025 at 10:00 AM ET?",Above 30,culture,0.205,107.3,0
"Will the Rotten Tomatoes Tomatometer score for the film ""Regretting You"" be above 10 on Oct 27, 2025 at 10:00 AM ET?",Above 35,culture,0.315,107.3,0
"Will the Rotten Tomatoes Tomatometer score for the film ""Regretting You"" be above 10 on Oct 27, 2025 at 10:00 AM ET?",Above 40,culture,0.04,107.3,0
"Will the Rotten Tomatoes Tomatometer score for the film ""Regretting You"" be above 10 on Oct 27, 2025 at 10:00 AM ET?",Above 45,culture,0.045,107.3,0
"Will the Rotten Tomatoes Tomatometer score for the film ""Regretting You"" be above 10 on Oct 27, 2025 at 10:00 AM ET?",Above 50,culture,0.01,107.3,0
"Will the Rotten Tomatoes Tomatometer score for the film ""Regretting You"" be above 10 on Oct 27, 2025 at 10:00 AM ET?",Above 55,culture,0.01,107.3,0
"Will the Rotten Tomatoes Tomatometer score for the film ""Regretting You"" be above 10 on Oct 27, 2025 at 10:00 AM ET?",Above 60,culture,0.01,107.3,0
"Will the Rotten Tomatoes Tomatometer score for the film ""Regretting You"" be above 10 on Oct 27, 2025 at 10:00 AM ET?",Above 65,culture,0.005,107.3,0
"Will the Rotten Tomatoes Tomatometer score for the film ""Regretting You"" be above 10 on Oct 27, 2025 at 10:00 AM ET?",Above 70,culture,0.005,107.3,0
"Will the Rotten Tomatoes Tomatometer score for the film ""Regretting You"" be above 10 on Oct 27, 2025 at 10:00 AM ET?",Above 75,culture,0.005,107.3,0
"Will the Rotten Tomatoes Tomatometer score for the film ""Regretting You"" be above 10 on Oct 27, 2025 at 10:00 AM ET?",Above 90,culture,0.005,107.3,0
"Which professional baseball team, Toronto or New York Y, will win Game 3 of their matchup scheduled for Oct 7, 2025?",New York Y,sports,0.585,16.8,1
"Which professional baseball team, Toronto or New York Y, will win Game 3 of their matchup scheduled for Oct 7, 2025?",Toronto,sports,0.415,16.8,0
"Which college football team, Delaware or Louisiana Tech, will win the game scheduled for Nov 8, 2025?",Delaware,sports,0.325,47.71,1
"Which college football team, Delaware or Louisiana Tech, will win the game scheduled for Nov 8, 2025?",Louisiana Tech,sports,0.67,47.71,0
"Which professional MMA fighter, Hyder Amil or Jose Delgado, will win the Amil vs Delgado fight scheduled for Jun 28, 2025?",Hyder Amil,sports,0.41,32.77,0
"Which professional MMA fighter, Hyder Amil or Jose Delgado, will win the Amil vs Delgado fight scheduled for Jun 28, 2025?",Jose Delgado,sports,0.585,32.77,1
"Which college football team, Western Michigan or Central Michigan, will win the game scheduled for Nov 1, 2025?",Central Michigan,sports,0.355,116.5,0
"Which college football team, Western Michigan or Central Michigan, will win the game scheduled for Nov 1, 2025?",Western Michigan,sports,0.645,116.5,1
"Which professional hockey team, Ottawa or Philadelphia, will win the game scheduled for Oct 23, 2025?",Ottawa,sports,0.59,23.69,1
"Which professional hockey team, Ottawa or Philadelphia, will win the game scheduled for Oct 23, 2025?",Philadelphia,sports,0.41,23.69,0
"Which college football team, Florida Atlantic or Memphis, will win the game scheduled for Sep 27, 2025?",Florida Atlantic,sports,0.185,146.46,0
"Which college football team, Florida Atlantic or Memphis, will win the game scheduled for Sep 27, 2025?",Memphis,sports,0.82,146.46,1
"Will the ongoing U.S. federal government shutdown that began on Oct 1, 2025 end before 10:00 AM ET on Jan 1, 2026 (i.e., last less than 92 days)?",Yes,politics,0.935,159.65,1
"Which professional EPL soccer team, Manchester City or Liverpool, will win the Manchester City vs Liverpool game scheduled for Nov 9, 2025 after 90 minutes plus stoppage time (does not include extra time or penalties)?",Liverpool,sports,0.26,306.23,0
"Which professional EPL soccer team, Manchester City or Liverpool, will win the Manchester City vs Liverpool game scheduled for Nov 9, 2025 after 90 minutes plus stoppage time (does not include extra time or penalties)?",Manchester City,sports,0.5,306.23,1
"Which professional EPL soccer team, Manchester City or Liverpool, will win the Manchester City vs Liverpool game scheduled for Nov 9, 2025 after 90 minutes plus stoppage time (does not include extra time or penalties)?",Tie,sports,0.24,306.23,0
"Which professional football team, Jacksonville or Kansas City, will win the game scheduled for Oct 6, 2025, in Jacksonville?",Jacksonville,sports,0.365,24.31,1
"Which professional football team, Jacksonville or Kansas City, will win the game scheduled for Oct 6, 2025, in Jacksonville?",Kansas City,sports,0.645,24.31,0
"Will the album 'Swag II' be number one on the Billboard 200 chart dated September 20, 2025?",SWAG 2,culture,0.075,109.88,0
"Which professional hockey team, Toronto or Detroit, will win the game scheduled for Oct 2, 2025?",Detroit,sports,0.495,26.15,1
"Which professional hockey team, Toronto or Detroit, will win the game scheduled for Oct 2, 2025?",Toronto,sports,0.56,26.15,0
"Which professional hockey team, Anaheim or Boston, will win the game scheduled for Oct 23, 2025?",Anaheim,sports,0.475,22.91,1
"Which professional hockey team, Anaheim or Boston, will win the game scheduled for Oct 23, 2025?",Boston,sports,0.525,22.91,0
"Which professional tennis player, Quentin Halys or Christopher O'Connell, will win the Halys vs O'Connell match in the round of 32 at the 2025 ATP Chengdu tournament?",Christopher O'Connell,sports,0.5,11.6,1
"Which professional tennis player, Quentin Halys or Christopher O'Connell, will win the Halys vs O'Connell match in the round of 32 at the 2025 ATP Chengdu tournament?",Quentin Halys,sports,0.5,11.6,0
"Which college football team, Kansas or Cincinnati, will win the Cincinnati at Kansas game scheduled for Sep 27, 2025?",Cincinnati,sports,0.33,115.59,1
"Which college football team, Kansas or Cincinnati, will win the Cincinnati at Kansas game scheduled for Sep 27, 2025?",Kansas,sports,0.67,115.59,0
"Which professional basketball team, Cleveland or Milwaukee, will win the game scheduled for Oct 26, 2025?",Cleveland,sports,0.59,45.29,1
"Which professional basketball team, Cleveland or Milwaukee, will win the game scheduled for Oct 26, 2025?",Milwaukee,sports,0.495,45.29,0
"Which professional baseball team, Atlanta or Philadelphia, will win the game scheduled for Jun 27, 2025?",Atlanta,sports,0.605,8.61,0
"Which professional baseball team, Atlanta or Philadelphia, will win the game scheduled for Jun 27, 2025?",Philadelphia,sports,0.395,8.61,1
"Which professional football team, Arizona or Seattle, will win the Seattle at Arizona game scheduled for Sep 25, 2025?",Arizona,sports,0.46,12.14,0
"Which professional football team, Arizona or Seattle, will win the Seattle at Arizona game scheduled for Sep 25, 2025?",Seattle,sports,0.54,12.14,1
"Will the average regular gasoline price in the United States, as reported by AAA, be strictly greater than $2.80 on Oct 31, 2025?",Above 2.80,finance,0.99,699.95,1
"Will the average regular gasoline price in the United States, as reported by AAA, be strictly greater than $2.80 on Oct 31, 2025?",Above 2.85,finance,0.99,699.95,1
"Will the average regular gasoline price in the United States, as reported by AAA, be strictly greater than $2.80 on Oct 31, 2025?",Above 2.90,finance,0.985,699.95,1
"Will the average regular gasoline price in the United States, as reported by AAA, be strictly greater than $2.80 on Oct 31, 2025?",Above 2.95,finance,0.98,699.95,1
"Will the average regular gasoline price in the United States, as reported by AAA, be strictly greater than $2.80 on Oct 31, 2025?",Above 3.00,finance,0.965,699.95,1
"Will the average regular gasoline price in the United States, as reported by AAA, be strictly greater than $2.80 on Oct 31, 2025?",Above 3.05,finance,0.865,699.95,0
"Will the average regular gasoline price in the United States, as reported by AAA, be strictly greater than $2.80 on Oct 31, 2025?",Above 3.10,finance,0.605,699.95,0
"Will the average regular gasoline price in the United States, as reported by AAA, be strictly greater than $2.80 on Oct 31, 2025?",Above 3.15,finance,0.285,699.95,0
"Will the average regular gasoline price in the United States, as reported by AAA, be strictly greater than $2.80 on Oct 31, 2025?",Above 3.20,finance,0.13,699.95,0
"Will the average regular gasoline price in the United States, as reported by AAA, be strictly greater than $2.80 on Oct 31, 2025?",Above 3.25,finance,0.04,699.95,0
"Will the average regular gasoline price in the United States, as reported by AAA, be strictly greater than $2.80 on Oct 31, 2025?",Above 3.30,finance,0.035,699.95,0
"Which professional tennis player, Alex de Minaur or Roberto Carballes Baena, will advance past the round of 128 in the 2025 Wimbledon Men's Singles tournament?",Alex de Minaur,sports,0.945,48.57,1
"Which professional tennis player, Alex de Minaur or Roberto Carballes Baena, will advance past the round of 128 in the 2025 Wimbledon Men's Singles tournament?",Roberto Carballes Baena,sports,0.07,48.57,0
"Which professional baseball team, Chicago C or St. Louis, will win the game scheduled for Jul 5, 2025?",Chicago C,sports,0.55,9.31,0
"Which professional baseball team, Chicago C or St. Louis, will win the game scheduled for Jul 5, 2025?",St. Louis,sports,0.445,9.31,1
"Which professional EPL soccer team, Manchester City or Liverpool, will win the Manchester City vs Liverpool game scheduled for Nov 9, 2025 after 90 minutes plus stoppage time (does not include extra time or penalties)?",Liverpool,sports,0.26,303.58,0
"Which professional EPL soccer team, Manchester City or Liverpool, will win the Manchester City vs Liverpool game scheduled for Nov 9, 2025 after 90 minutes plus stoppage time (does not include extra time or penalties)?",Manchester City,sports,0.5,303.58,1
"Which professional EPL soccer team, Manchester City or Liverpool, will win the Manchester City vs Liverpool game scheduled for Nov 9, 2025 after 90 minutes plus stoppage time (does not include extra time or penalties)?",Tie,sports,0.24,303.58,0
"On the Billboard Hot 100 chart dated October 25, 2025, will exactly six unique songs credited to Taylor Swift occupy the Top 6 positions?",Yes,culture,0.015,15.43,0
"Which college football team, UTSA or Tulane, will win the Tulane at UTSA game scheduled for Oct 30, 2025?",Tulane,sports,0.645,96.64,0
"Which college football team, UTSA or Tulane, will win the Tulane at UTSA game scheduled for Oct 30, 2025?",UTSA,sports,0.37,96.64,1
How many regular-season wins will the Pittsburgh professional baseball team have in the 2025 regular season?,More than 50 wins,sports,0.95,2054.55,1
How many regular-season wins will the Pittsburgh professional baseball team have in the 2025 regular season?,More than 60 wins,sports,0.635,2054.55,1
How many regular-season wins will the Pittsburgh professional baseball team have in the 2025 regular season?,More than 70 wins,sports,0.56,2054.55,1
How many regular-season wins will the Pittsburgh professional baseball team have in the 2025 regular season?,More than 80 wins,sports,0.09,2054.55,0
How many regular-season wins will the Pittsburgh professional baseball team have in the 2025 regular season?,More than 90 wins,sports,0.045,2054.55,0
"Which professional baseball team, Cincinnati or Colorado, will win the game scheduled for Jul 13, 2025, in Cincinnati?",Cincinnati,sports,0.69,8.51,1
"Which professional baseball team, Cincinnati or Colorado, will win the game scheduled for Jul 13, 2025, in Cincinnati?",Colorado,sports,0.31,8.51,0
"Which professional tennis player, Linda Noskova or Elena Rybakina, will win the Noskova vs Rybakina match in the 2025 WTA Tokyo semifinal?",Elena Rybakina,sports,0.685,16.26,0
"Which professional tennis player, Linda Noskova or Elena Rybakina, will win the Noskova vs Rybakina match in the 2025 WTA Tokyo semifinal?",Linda Noskova,sports,0.325,16.26,0
"Which college football team, Oklahoma St. or Houston, will win the game scheduled for Oct 11, 2025?",Houston,sports,0.835,68.57,1
"Which college football team, Oklahoma St. or Houston, will win the game scheduled for Oct 11, 2025?",Oklahoma St.,sports,0.16,68.57,0
"Which professional UEFA Champions League soccer team, Galatasaray or Liverpool, will win the match originally scheduled for Sep 30, 2025 after 90 minutes plus stoppage time (extra time and penalties excluded)?",Galatasaray,sports,0.185,260.98,1
"Which professional UEFA Champions League soccer team, Galatasaray or Liverpool, will win the match originally scheduled for Sep 30, 2025 after 90 minutes plus stoppage time (extra time and penalties excluded)?",Liverpool,sports,0.625,260.98,0
"Which professional UEFA Champions League soccer team, Galatasaray or Liverpool, will win the match originally scheduled for Sep 30, 2025 after 90 minutes plus stoppage time (extra time and penalties excluded)?",Tie,sports,0.185,260.98,0
Will the U.S. federal budget deficit in fiscal year 2025 be smaller than the U.S. federal budget deficit in fiscal year 2024?,In fiscal year 2025,politics,0.76,185.84,1
"Will Drake release the song 'Iceman' on Spotify before Oct 1, 2025?","Before Oct 1, 2025",culture,0.075,265.89,0
"Which professional tennis player, Felix Auger-Aliassime or Alex de Minaur, will win their 2025 US Open Men's Singles quarterfinal match (provided the match has at least one ball played)?",Alex de Minaur,sports,0.595,43.81,0
"Which professional tennis player, Felix Auger-Aliassime or Alex de Minaur, will win their 2025 US Open Men's Singles quarterfinal match (provided the match has at least one ball played)?",Felix Auger-Aliassime,sports,0.405,43.81,1
"Will the Rotten Tomatoes Tomatometer score for the film ""Springsteen: Deliver Me from Nowhere"" be above 45 on Oct 27, 2025 at 10:00 AM ET?",Above 45,culture,0.995,58.44,1
"Will the Rotten Tomatoes Tomatometer score for the film ""Springsteen: Deliver Me from Nowhere"" be above 45 on Oct 27, 2025 at 10:00 AM ET?",Above 57,culture,0.95,58.44,1
"Will the Rotten Tomatoes Tomatometer score for the film ""Springsteen: Deliver Me from Nowhere"" be above 45 on Oct 27, 2025 at 10:00 AM ET?",Above 60,culture,0.585,58.44,0
"Will the Rotten Tomatoes Tomatometer score for the film ""Springsteen: Deliver Me from Nowhere"" be above 45 on Oct 27, 2025 at 10:00 AM ET?",Above 62,culture,0.19,58.44,0
"Will the Rotten Tomatoes Tomatometer score for the film ""Springsteen: Deliver Me from Nowhere"" be above 45 on Oct 27, 2025 at 10:00 AM ET?",Above 65,culture,0.03,58.44,0
"Will the Rotten Tomatoes Tomatometer score for the film ""Springsteen: Deliver Me from Nowhere"" be above 45 on Oct 27, 2025 at 10:00 AM ET?",Above 67,culture,0.005,58.44,0
"Will the Rotten Tomatoes Tomatometer score for the film ""Springsteen: Deliver Me from Nowhere"" be above 45 on Oct 27, 2025 at 10:00 AM ET?",Above 70,culture,0.005,58.44,0
"Will the Rotten Tomatoes Tomatometer score for the film ""Springsteen: Deliver Me from Nowhere"" be above 45 on Oct 27, 2025 at 10:00 AM ET?",Above 72,culture,0.005,58.44,0
"Will the Rotten Tomatoes Tomatometer score for the film ""Springsteen: Deliver Me from Nowhere"" be above 45 on Oct 27, 2025 at 10:00 AM ET?",Above 75,culture,0.005,58.44,0
"Will the Rotten Tomatoes Tomatometer score for the film ""Springsteen: Deliver Me from Nowhere"" be above 45 on Oct 27, 2025 at 10:00 AM ET?",Above 80,culture,0.005,58.44,0
"Will the Rotten Tomatoes Tomatometer score for the film ""Springsteen: Deliver Me from Nowhere"" be above 45 on Oct 27, 2025 at 10:00 AM ET?",Above 85,culture,0.005,58.44,0
"Will the Rotten Tomatoes Tomatometer score for the film ""Springsteen: Deliver Me from Nowhere"" be above 45 on Oct 27, 2025 at 10:00 AM ET?",Above 90,culture,0.005,58.44,0
Who will be People magazine's Sexiest Man Alive for 2025?,Glen Powell,culture,0.04,3075.38,0
Who will be People magazine's Sexiest Man Alive for 2025?,Harry Styles,culture,0.02,3075.38,0
Who will be People magazine's Sexiest Man Alive for 2025?,Jacob Elordi,culture,0.025,3075.38,0
Who will be People magazine's Sexiest Man Alive for 2025?,Jason Kelce,culture,0.015,3075.38,0
Who will be People magazine's Sexiest Man Alive for 2025?,Jeremy Allen White,culture,0.025,3075.38,0
Who will be People magazine's Sexiest Man Alive for 2025?,Jonathan Bailey,culture,0.025,3075.38,1
Who will be People magazine's Sexiest Man Alive for 2025?,Pedro Pascal,culture,0.695,3075.38,0
Who will be People magazine's Sexiest Man Alive for 2025?,Shawn Mendes,culture,0.015,3075.38,0
Who will be People magazine's Sexiest Man Alive for 2025?,Sterling K. Brown,culture,0.025,3075.38,0
Who will be People magazine's Sexiest Man Alive for 2025?,Tramell Tillman,culture,0.025,3075.38,0
What will Catherine Connolly's margin of victory (in percentage points) be in the final round of the 2025 Irish presidential election in Ireland?,At least 30%,other,0.995,43.22,1
What will Catherine Connolly's margin of victory (in percentage points) be in the final round of the 2025 Irish presidential election in Ireland?,Between 0% and 4.99%,other,0.005,43.22,0
What will Catherine Connolly's margin of victory (in percentage points) be in the final round of the 2025 Irish presidential election in Ireland?,Between 10% and 14.99%,other,0.005,43.22,0
What will Catherine Connolly's margin of victory (in percentage points) be in the final round of the 2025 Irish presidential election in Ireland?,Between 15% and 19.99%,other,0.005,43.22,0
What will Catherine Connolly's margin of victory (in percentage points) be in the final round of the 2025 Irish presidential election in Ireland?,Between 20% and 24.99%,other,0.005,43.22,0
What will Catherine Connolly's margin of victory (in percentage points) be in the final round of the 2025 Irish presidential election in Ireland?,Between 25% and 29.99%,other,0.005,43.22,0
What will Catherine Connolly's margin of victory (in percentage points) be in the final round of the 2025 Irish presidential election in Ireland?,Between 5% and 9.99%,other,0.005,43.22,0
What will Catherine Connolly's margin of victory (in percentage points) be in the final round of the 2025 Irish presidential election in Ireland?,Less than 0%,other,0.005,43.22,0
"Which college football team, Tulane or East Carolina, will win the game scheduled for Oct 9, 2025?",East Carolina,sports,0.315,6.4,0
"Which college football team, Tulane or East Carolina, will win the game scheduled for Oct 9, 2025?",Tulane,sports,0.68,6.4,1
"Which college football team, Northwestern or Louisiana-Monroe, will win the game at Northwestern scheduled for Oct 4, 2025?",Louisiana-Monroe,sports,0.2,12.16,0
"Which college football team, Northwestern or Louisiana-Monroe, will win the game at Northwestern scheduled for Oct 4, 2025?",Northwestern,sports,0.8,12.16,1
"Which professional tennis player, Tiantsoa Sarah Rakotomanga Rajaonah or Katie Volynets, will win the Rakotomanga Rajaonah vs. Volynets match in the 2025 WTA Guangzhou round of 16 (market resolves only if at least one ball is played)?",Katie Volynets,sports,0.805,10.66,1
"Which professional tennis player, Tiantsoa Sarah Rakotomanga Rajaonah or Katie Volynets, will win the Rakotomanga Rajaonah vs. Volynets match in the 2025 WTA Guangzhou round of 16 (market resolves only if at least one ball is played)?",Tiantsoa Sarah Rakotomanga Rajaonah,sports,0.205,10.66,0
Will the U.S. Consumer Price Index (CPI) for August 2025 increase by more than -0.1% compared to July 2025?,Above -0.1%,finance,0.975,14.98,1
Will the U.S. Consumer Price Index (CPI) for August 2025 increase by more than -0.1% compared to July 2025?,Above 0.0%,finance,0.975,14.98,1
Will the U.S. Consumer Price Index (CPI) for August 2025 increase by more than -0.1% compared to July 2025?,Above 0.1%,finance,0.935,14.98,1
Will the U.S. Consumer Price Index (CPI) for August 2025 increase by more than -0.1% compared to July 2025?,Above 0.2%,finance,0.84,14.98,1
Will the U.S. Consumer Price Index (CPI) for August 2025 increase by more than -0.1% compared to July 2025?,Above 0.3%,finance,0.34,14.98,1
Will the U.S. Consumer Price Index (CPI) for August 2025 increase by more than -0.1% compared to July 2025?,Above 0.4%,finance,0.075,14.98,0
"Which college football team, Boston College or UConn, will win the game at Boston College scheduled for Oct 18, 2025?",Boston College,sports,0.485,164.39,0
"Which college football team, Boston College or UConn, will win the game at Boston College scheduled for Oct 18, 2025?",UConn,sports,0.5,164.39,1
"Which professional MMA fighter, Abusupiyan Magomedov or Joe Pyfer, will win the Magomedov vs Pyfer fight at UFC 320 scheduled for Oct 4, 2025?",Abusupiyan Magomedov,sports,0.305,23.05,0
"Which professional MMA fighter, Abusupiyan Magomedov or Joe Pyfer, will win the Magomedov vs Pyfer fight at UFC 320 scheduled for Oct 4, 2025?",Joe Pyfer,sports,0.7,23.05,1
"Which college football team, Ball St. or Kent St., will win the game scheduled for Nov 5, 2025?",Ball St.,sports,0.55,74.99,1
"Which college football team, Ball St. or Kent St., will win the game scheduled for Nov 5, 2025?",Kent St.,sports,0.445,74.99,0
"Which men's college basketball team, Minnesota or Green Bay, will win the game scheduled for Nov 15, 2025, in Minnesota?",Green Bay,sports,0.04,28.75,0
"Which men's college basketball team, Minnesota or Green Bay, will win the game scheduled for Nov 15, 2025, in Minnesota?",Minnesota,sports,0.96,28.75,1
Who will be named the MVP of the 2025 Pro Baseball Championship Series?,Addison Barger,sports,0.015,98.5,0
Who will be named the MVP of the 2025 Pro Baseball Championship Series?,Alejandro Kirk,sports,0.065,98.5,0
Who will be named the MVP of the 2025 Pro Baseball Championship Series?,Blake Snell,sports,0.01,98.5,0
Who will be named the MVP of the 2025 Pro Baseball Championship Series?,Bo Bichette,sports,0.01,98.5,0
Who will be named the MVP of the 2025 Pro Baseball Championship Series?,Daulton Varsho,sports,0.08,98.5,0
Who will be named the MVP of the 2025 Pro Baseball Championship Series?,Enrique Hernandez,sports,0.02,98.5,0
Who will be named the MVP of the 2025 Pro Baseball Championship Series?,Freddie Freeman,sports,0.055,98.5,0
Who will be named the MVP of the 2025 Pro Baseball Championship Series?,George Springer,sports,0.005,98.5,0
Who will be named the MVP of the 2025 Pro Baseball Championship Series?,Jeff Hoffman,sports,0.005,98.5,0
Who will be named the MVP of the 2025 Pro Baseball Championship Series?,Max Muncy,sports,0.02,98.5,0
Who will be named the MVP of the 2025 Pro Baseball Championship Series?,Max Scherzer,sports,0.005,98.5,0
Who will be named the MVP of the 2025 Pro Baseball Championship Series?,Mookie Betts,sports,0.005,98.5,0
Who will be named the MVP of the 2025 Pro Baseball Championship Series?,Roki Sasaki,sports,0.005,98.5,0
Who will be named the MVP of the 2025 Pro Baseball Championship Series?,Shane Bieber,sports,0.01,98.5,0
Who will be named the MVP of the 2025 Pro Baseball Championship Series?,Shohei Ohtani,sports,0.6,98.5,0
Who will be named the MVP of the 2025 Pro Baseball Championship Series?,Teoscar Hernandez,sports,0.015,98.5,0
Who will be named the MVP of the 2025 Pro Baseball Championship Series?,Tie/Co-Winners,sports,0.03,98.5,0
Who will be named the MVP of the 2025 Pro Baseball Championship Series?,Tommy Edman,sports,0.005,98.5,0
Who will be named the MVP of the 2025 Pro Baseball Championship Series?,Trey Yesavage,sports,0.04,98.5,0
Who will be named the MVP of the 2025 Pro Baseball Championship Series?,Vladimir Guerrero Jr.,sports,0.13,98.5,0
Who will be named the MVP of the 2025 Pro Baseball Championship Series?,Yoshinobu Yamamoto,sports,0.08,98.5,1
"Which college football team, Georgia or Ole Miss, will win the Ole Miss at Georgia game scheduled for Oct 18, 2025?",Georgia,sports,0.685,141.75,1
"Which college football team, Georgia or Ole Miss, will win the Ole Miss at Georgia game scheduled for Oct 18, 2025?",Ole Miss,sports,0.32,141.75,0
"Will pro football player Cameron Jordan be traded to another team before Nov 5, 2025?",A.J. Brown,sports,0.18,550.67,0
"Will pro football player Cameron Jordan be traded to another team before Nov 5, 2025?",Alvin Kamara,sports,0.335,550.67,0
"Will pro football player Cameron Jordan be traded to another team before Nov 5, 2025?",Anthony Richardson Sr.,sports,0.49,550.67,0
"Will pro football player Cameron Jordan be traded to another team before Nov 5, 2025?",Brandin Cooks,sports,0.485,550.67,0
"Will pro football player Cameron Jordan be traded to another team before Nov 5, 2025?",Breece Hall,sports,0.54,550.67,0
"Will pro football player Cameron Jordan be traded to another team before Nov 5, 2025?",Calvin Ridley,sports,0.485,550.67,0
"Will pro football player Cameron Jordan be traded to another team before Nov 5, 2025?",Cameron Jordan,sports,0.51,550.67,0
"Will pro football player Cameron Jordan be traded to another team before Nov 5, 2025?",Chris Olave,sports,0.49,550.67,0
"Will pro football player Cameron Jordan be traded to another team before Nov 5, 2025?",DJ Moore,sports,0.495,550.67,0
"Will pro football player Cameron Jordan be traded to another team before Nov 5, 2025?",David Njoku,sports,0.5,550.67,0
"Will pro football player Cameron Jordan be traded to another team before Nov 5, 2025?",Evan Neal,sports,0.49,550.67,0
"Will pro football player Cameron Jordan be traded to another team before Nov 5, 2025?",Jaelan Phillips,sports,0.49,550.67,1
"Will pro football player Cameron Jordan be traded to another team before Nov 5, 2025?",Jameis Winston,sports,0.515,550.67,0
"Will pro football player Cameron Jordan be traded to another team before Nov 5, 2025?",Jerry Jeudy,sports,0.49,550.67,0
"Will pro football player Cameron Jordan be traded to another team before Nov 5, 2025?",Kayvon Thibodeaux,sports,0.485,550.67,0
"Will pro football player Cameron Jordan be traded to another team before Nov 5, 2025?",Mac Jones,sports,0.485,550.67,0
"Will pro football player Cameron Jordan be traded to another team before Nov 5, 2025?",Malcolm Koonce,sports,0.49,550.67,0
"Will pro football player Cameron Jordan be traded to another team before Nov 5, 2025?",Nick Chubb,sports,0.49,550.67,0
"Will pro football player Cameron Jordan be traded to another team before Nov 5, 2025?",Rico Dowdle,sports,0.485,550.67,0
"Will pro football player Cameron Jordan be traded to another team before Nov 5, 2025?",Riq Woolen,sports,0.5,550.67,0
"Will pro football player Cameron Jordan be traded to another team before Nov 5, 2025?",Russell Wilson,sports,0.49,550.67,0
"Will pro football player Cameron Jordan be traded to another team before Nov 5, 2025?",Trey Hendrickson,sports,0.535,550.67,0
"Which college football team, Texas A&M or Mississippi St., will win the game scheduled for Oct 4, 2025?",Mississippi St.,sports,0.14,9.57,0
"Which college football team, Texas A&M or Mississippi St., will win the game scheduled for Oct 4, 2025?",Texas A&M,sports,0.86,9.57,1
"Which professional MMA fighter, Terrance McKinney or Viacheslav Borshchev, will win the UFC 317 (McKinney vs Borshchev) fight scheduled for Jun 28, 2025?",Terrance McKinney,sports,0.595,7.81,1
"Which professional MMA fighter, Terrance McKinney or Viacheslav Borshchev, will win the UFC 317 (McKinney vs Borshchev) fight scheduled for Jun 28, 2025?",Viacheslav Borshchev,sports,0.405,7.81,0
"Will any representative of The Coca-Cola Company say ""China"" during The Coca-Cola Company's next earnings call (including the Q&A)?",Acquisition,finance,0.4,284.48,0
"Will any representative of The Coca-Cola Company say ""China"" during The Coca-Cola Company's next earnings call (including the Q&A)?",Cane Sugar,finance,0.765,284.48,0
"Will any representative of The Coca-Cola Company say ""China"" during The Coca-Cola Company's next earnings call (including the Q&A)?",China,finance,0.845,284.48,1
"Will any representative of The Coca-Cola Company say ""China"" during The Coca-Cola Company's next earnings call (including the Q&A)?",Dividend,finance,0.745,284.48,0
"Will any representative of The Coca-Cola Company say ""China"" during The Coca-Cola Company's next earnings call (including the Q&A)?",Influencer,finance,0.795,284.48,0
"Will any representative of The Coca-Cola Company say ""China"" during The Coca-Cola Company's next earnings call (including the Q&A)?",International,finance,0.585,284.48,1
"Will any representative of The Coca-Cola Company say ""China"" during The Coca-Cola Company's next earnings call (including the Q&A)?",Prebiotic,finance,0.605,284.48,0
"Will any representative of The Coca-Cola Company say ""China"" during The Coca-Cola Company's next earnings call (including the Q&A)?",Retro,finance,0.55,284.48,1
"Will any representative of The Coca-Cola Company say ""China"" during The Coca-Cola Company's next earnings call (including the Q&A)?",Supply Chain,finance,0.55,284.48,1
"Will any representative of The Coca-Cola Company say ""China"" during The Coca-Cola Company's next earnings call (including the Q&A)?",Tariff,finance,0.85,284.48,0
"Which professional baseball team, Los Angeles D or Philadelphia, will win Game 2 of their matchup scheduled for Oct 6, 2025?",Los Angeles D,sports,0.54,14.44,1
"Which professional baseball team, Los Angeles D or Philadelphia, will win Game 2 of their matchup scheduled for Oct 6, 2025?",Philadelphia,sports,0.465,14.44,0
"Which professional tennis player, Camila Osorio or Danielle Collins, will advance past the round of 128 in the 2025 Wimbledon Women's Singles tournament?",Camila Osorio,sports,0.265,51.82,0
"Which professional tennis player, Camila Osorio or Danielle Collins, will advance past the round of 128 in the 2025 Wimbledon Women's Singles tournament?",Danielle Collins,sports,0.72,51.82,1
"Which professional baseball team, Chicago WS or Chicago C, will win the game scheduled for Jul 26, 2025, at Chicago WS?",Chicago C,sports,0.635,13.92,1
"Which professional baseball team, Chicago WS or Chicago C, will win the game scheduled for Jul 26, 2025, at Chicago WS?",Chicago WS,sports,0.365,13.92,0
What will the announcers say during the Green Bay at Pittsburgh pro football game?,Cheesehead / Cheese Head,other,0.62,13.79,1
What will the announcers say during the Green Bay at Pittsburgh pro football game?,Concussion Protocol,other,0.17,13.79,1
What will the announcers say during the Green Bay at Pittsburgh pro football game?,Down to the wire,other,0.175,13.79,0
What will the announcers say during the Green Bay at Pittsburgh pro football game?,Ejected / Ejection,other,0.075,13.79,0
What will the announcers say during the Green Bay at Pittsburgh pro football game?,Facemask / Face Mask,other,0.665,13.79,0
What will the announcers say during the Green Bay at Pittsburgh pro football game?,Fumble / Fumbles / Fumbled,other,0.905,13.79,1
What will the announcers say during the Green Bay at Pittsburgh pro football game?,Hail Mary,other,0.33,13.79,0
What will the announcers say during the Green Bay at Pittsburgh pro football game?,Inch / Inches,other,0.645,13.79,1
What will the announcers say during the Green Bay at Pittsburgh pro football game?,Intentional Grounding,other,0.24,13.79,0
What will the announcers say during the Green Bay at Pittsburgh pro football game?,Late Hit,other,0.25,13.79,0
What will the announcers say during the Green Bay at Pittsburgh pro football game?,Miracle,other,0.165,13.79,1
What will the announcers say during the Green Bay at Pittsburgh pro football game?,One Handed,other,0.215,13.79,1
What will the announcers say during the Green Bay at Pittsburgh pro football game?,Overtime,other,0.365,13.79,0
What will the announcers say during the Green Bay at Pittsburgh pro football game?,Pick Six,other,0.255,13.79,0
What will the announcers say during the Green Bay at Pittsburgh pro football game?,Pylon,other,0.445,13.79,1
What will the announcers say during the Green Bay at Pittsburgh pro football game?,Revenge,other,0.71,13.79,1
What will the announcers say during the Green Bay at Pittsburgh pro football game?,Roughing the Passer,other,0.315,13.79,0
What will the announcers say during the Green Bay at Pittsburgh pro football game?,Safety,other,0.955,13.79,1
What will the announcers say during the Green Bay at Pittsburgh pro football game?,Speed,other,0.935,13.79,1
What will the announcers say during the Green Bay at Pittsburgh pro football game?,Steel Curtain,other,0.405,13.79,0
What will the announcers say during the Green Bay at Pittsburgh pro football game?,Stuffed,other,0.415,13.79,0
What will the announcers say during the Green Bay at Pittsburgh pro football game?,Tie / Ties / Tied,other,0.825,13.79,1
What will the announcers say during the Green Bay at Pittsburgh pro football game?,Turf,other,0.485,13.79,0
What will the announcers say during the Green Bay at Pittsburgh pro football game?,Veteran,other,0.89,13.79,1
What will the announcers say during the Green Bay at Pittsburgh pro football game?,What a catch,other,0.29,13.79,0
What will the announcers say during the Green Bay at Pittsburgh pro football game?,Wild,other,0.615,13.79,0
"What will be the revision to the U.S. July 2025 nonfarm payrolls (jobs added) in any official update published before Sep 6, 2025?",down at least 10000,finance,0.725,75.84,0
"What will be the revision to the U.S. July 2025 nonfarm payrolls (jobs added) in any official update published before Sep 6, 2025?",down at least 30000,finance,0.535,75.84,0
"What will be the revision to the U.S. July 2025 nonfarm payrolls (jobs added) in any official update published before Sep 6, 2025?",down at least 50000,finance,0.38,75.84,0
"What will be the revision to the U.S. July 2025 nonfarm payrolls (jobs added) in any official update published before Sep 6, 2025?",up at least 10000,finance,0.175,75.84,0
"What will be the revision to the U.S. July 2025 nonfarm payrolls (jobs added) in any official update published before Sep 6, 2025?",up at least 30000,finance,0.15,75.84,0
"What will be the revision to the U.S. July 2025 nonfarm payrolls (jobs added) in any official update published before Sep 6, 2025?",up at least 50000,finance,0.1,75.84,0
"Which professional football team, Cincinnati or Detroit, will win the game scheduled for Oct 5, 2025?",Cincinnati,sports,0.195,167.34,0
"Which professional football team, Cincinnati or Detroit, will win the game scheduled for Oct 5, 2025?",Detroit,sports,0.805,167.34,1
"Which professional baseball team, Boston or Seattle, will win the game scheduled for Jun 18, 2025?",Boston,sports,0.53,10.55,1
"Which professional baseball team, Boston or Seattle, will win the game scheduled for Jun 18, 2025?",Seattle,sports,0.47,10.55,0
"Which college football team, Duke or Georgia Tech, will win the Georgia Tech at Duke game scheduled for Oct 18, 2025?",Duke,sports,0.495,161.57,0
"Which college football team, Duke or Georgia Tech, will win the Georgia Tech at Duke game scheduled for Oct 18, 2025?",Georgia Tech,sports,0.515,161.57,1
"Which professional MMA fighter, Beneil Dariush or Renato Moicano, will win the fight originally scheduled for Jun 28, 2025 (UFC 317)?",Beneil Dariush,sports,0.495,6.32,1
"Which professional MMA fighter, Beneil Dariush or Renato Moicano, will win the fight originally scheduled for Jun 28, 2025 (UFC 317)?",Renato Moicano,sports,0.505,6.32,0
"Which professional UCL soccer team, Ajax or Galatasaray, will win the match scheduled for Nov 5, 2025 in regulation time (after 90 minutes plus stoppage time; excluding extra time and penalties)?",Ajax,sports,0.32,307.72,0
"Which professional UCL soccer team, Ajax or Galatasaray, will win the match scheduled for Nov 5, 2025 in regulation time (after 90 minutes plus stoppage time; excluding extra time and penalties)?",Galatasaray,sports,0.45,307.72,1
"Which professional UCL soccer team, Ajax or Galatasaray, will win the match scheduled for Nov 5, 2025 in regulation time (after 90 minutes plus stoppage time; excluding extra time and penalties)?",Tie,sports,0.23,307.72,0
"Will Jerome Powell say the phrase ""Capital Requirement"" during the Federal Reserve Open Board Meeting on October 24th?",Administration,other,0.06,69.97,0
"Will Jerome Powell say the phrase ""Capital Requirement"" during the Federal Reserve Open Board Meeting on October 24th?",Balance Sheet,other,0.385,69.97,0
"Will Jerome Powell say the phrase ""Capital Requirement"" during the Federal Reserve Open Board Meeting on October 24th?",Bank,other,0.905,69.97,1
"Will Jerome Powell say the phrase ""Capital Requirement"" during the Federal Reserve Open Board Meeting on October 24th?",Basel,other,0.38,69.97,0
"Will Jerome Powell say the phrase ""Capital Requirement"" during the Federal Reserve Open Board Meeting on October 24th?",Capital Requirement,other,0.38,69.97,0
"Will Jerome Powell say the phrase ""Capital Requirement"" during the Federal Reserve Open Board Meeting on October 24th?",Debit,other,0.13,69.97,0
"Will Jerome Powell say the phrase ""Capital Requirement"" during the Federal Reserve Open Board Meeting on October 24th?",Dot Plot,other,0.075,69.97,0
"Will Jerome Powell say the phrase ""Capital Requirement"" during the Federal Reserve Open Board Meeting on October 24th?",Economy,other,0.62,69.97,0
"Will Jerome Powell say the phrase ""Capital Requirement"" during the Federal Reserve Open Board Meeting on October 24th?",Gold,other,0.125,69.97,0
"Will Jerome Powell say the phrase ""Capital Requirement"" during the Federal Reserve Open Board Meeting on October 24th?",Good Afternoon,other,0.48,69.97,0
"Will Jerome Powell say the phrase ""Capital Requirement"" during the Federal Reserve Open Board Meeting on October 24th?",Inflation,other,0.39,69.97,0
"Will Jerome Powell say the phrase ""Capital Requirement"" during the Federal Reserve Open Board Meeting on October 24th?",Leverage Ratio,other,0.38,69.97,0
"Will Jerome Powell say the phrase ""Capital Requirement"" during the Federal Reserve Open Board Meeting on October 24th?",Mortgage,other,0.305,69.97,0
"Will Jerome Powell say the phrase ""Capital Requirement"" during the Federal Reserve Open Board Meeting on October 24th?",Pandemic,other,0.24,69.97,0
"Will Jerome Powell say the phrase ""Capital Requirement"" during the Federal Reserve Open Board Meeting on October 24th?",Pardon,other,0.145,69.97,0
"Will Jerome Powell say the phrase ""Capital Requirement"" during the Federal Reserve Open Board Meeting on October 24th?",Rate,other,0.585,69.97,0
"Will Jerome Powell say the phrase ""Capital Requirement"" during the Federal Reserve Open Board Meeting on October 24th?",Risk,other,0.76,69.97,0
"Will Jerome Powell say the phrase ""Capital Requirement"" during the Federal Reserve Open Board Meeting on October 24th?",Robust,other,0.2,69.97,0
"Will Jerome Powell say the phrase ""Capital Requirement"" during the Federal Reserve Open Board Meeting on October 24th?",Shutdown / Shut Down,other,0.255,69.97,0
"Will Jerome Powell say the phrase ""Capital Requirement"" during the Federal Reserve Open Board Meeting on October 24th?",Trillion,other,0.23,69.97,0
"Will Jerome Powell say the phrase ""Capital Requirement"" during the Federal Reserve Open Board Meeting on October 24th?",Trump,other,0.05,69.97,0
"Which professional UEFA Champions League (UCL) soccer team, Pafos or Bayern Munich, will win the match scheduled for Sep 30, 2025 after 90 minutes plus stoppage time (does not include extra time or penalties)?",Bayern Munich,sports,0.875,64.35,1
"Which professional UEFA Champions League (UCL) soccer team, Pafos or Bayern Munich, will win the match scheduled for Sep 30, 2025 after 90 minutes plus stoppage time (does not include extra time or penalties)?",Pafos,sports,0.04,64.35,0
"Which professional UEFA Champions League (UCL) soccer team, Pafos or Bayern Munich, will win the match scheduled for Sep 30, 2025 after 90 minutes plus stoppage time (does not include extra time or penalties)?",Tie,sports,0.09,64.35,0
"Which college football team, Vanderbilt or Missouri, will win the game scheduled for Oct 25, 2025, at Vanderbilt?",Missouri,sports,0.435,42.19,0
"Which college football team, Vanderbilt or Missouri, will win the game scheduled for Oct 25, 2025, at Vanderbilt?",Vanderbilt,sports,0.575,42.19,1
"Which college football team, Hawai'i or Sam Houston, will win the game scheduled for Sep 6, 2025?",Hawai'i,sports,0.735,127.57,1
"Which college football team, Hawai'i or Sam Houston, will win the game scheduled for Sep 6, 2025?",Sam Houston,sports,0.265,127.57,0
"Which professional football team, Denver or Cincinnati, will win the game scheduled for Sep 29, 2025 in Denver?",Cincinnati,sports,0.215,18.06,0
"Which professional football team, Denver or Cincinnati, will win the game scheduled for Sep 29, 2025 in Denver?",Denver,sports,0.785,18.06,1
Will the Cincinnati professional baseball team win more than 60 games in the 2025 regular season?,More than 100 wins,sports,0.005,410.44,0
Will the Cincinnati professional baseball team win more than 60 games in the 2025 regular season?,More than 60 wins,sports,0.995,410.44,1
Will the Cincinnati professional baseball team win more than 60 games in the 2025 regular season?,More than 70 wins,sports,0.995,410.44,1
Will the Cincinnati professional baseball team win more than 60 games in the 2025 regular season?,More than 80 wins,sports,0.375,410.44,1
Will the Cincinnati professional baseball team win more than 60 games in the 2025 regular season?,More than 90 wins,sports,0.17,410.44,0
"Which professional baseball team, Minnesota or Tampa Bay, will win the game scheduled for Jul 4, 2025?",Minnesota,sports,0.5,11.02,1
"Which professional baseball team, Minnesota or Tampa Bay, will win the game scheduled for Jul 4, 2025?",Tampa Bay,sports,0.49,11.02,0
"Which college football team, Oregon St. or Washington St., will win the game scheduled for Nov 1, 2025?",Oregon St.,sports,0.355,145.32,1
"Which college football team, Oregon St. or Washington St., will win the game scheduled for Nov 1, 2025?",Washington St.,sports,0.635,145.32,0
"Will the upper bound of the target federal funds rate published on the Federal Reserve's official website following the Federal Reserve's Sep 17, 2025 meeting be greater than 2.75%?",Above 2.75%,finance,0.995,23.48,1
"Will the upper bound of the target federal funds rate published on the Federal Reserve's official website following the Federal Reserve's Sep 17, 2025 meeting be greater than 2.75%?",Above 3.00%,finance,0.995,23.48,1
"Will the upper bound of the target federal funds rate published on the Federal Reserve's official website following the Federal Reserve's Sep 17, 2025 meeting be greater than 2.75%?",Above 3.25%,finance,0.995,23.48,1
"Will the upper bound of the target federal funds rate published on the Federal Reserve's official website following the Federal Reserve's Sep 17, 2025 meeting be greater than 2.75%?",Above 3.50%,finance,0.995,23.48,1
"Will the upper bound of the target federal funds rate published on the Federal Reserve's official website following the Federal Reserve's Sep 17, 2025 meeting be greater than 2.75%?",Above 3.75%,finance,0.99,23.48,1
"Will the upper bound of the target federal funds rate published on the Federal Reserve's official website following the Federal Reserve's Sep 17, 2025 meeting be greater than 2.75%?",Above 4.00%,finance,0.955,23.48,1
"Will the upper bound of the target federal funds rate published on the Federal Reserve's official website following the Federal Reserve's Sep 17, 2025 meeting be greater than 2.75%?",Above 4.25%,finance,0.015,23.48,0
"Will the upper bound of the target federal funds rate published on the Federal Reserve's official website following the Federal Reserve's Sep 17, 2025 meeting be greater than 2.75%?",Above 4.50%,finance,0.005,23.48,0
"Will the upper bound of the target federal funds rate published on the Federal Reserve's official website following the Federal Reserve's Sep 17, 2025 meeting be greater than 2.75%?",Above 4.75%,finance,0.005,23.48,0
"Will the upper bound of the target federal funds rate published on the Federal Reserve's official website following the Federal Reserve's Sep 17, 2025 meeting be greater than 2.75%?",Above 5.00%,finance,0.005,23.48,0
"Will the upper bound of the target federal funds rate published on the Federal Reserve's official website following the Federal Reserve's Sep 17, 2025 meeting be greater than 2.75%?",Above 5.25%,finance,0.005,23.48,0
"Which college football team, Rutgers or Iowa, will win the Iowa at Rutgers game originally scheduled for Sep 19, 2025?",Iowa,sports,0.545,147.27,1
"Which college football team, Rutgers or Iowa, will win the Iowa at Rutgers game originally scheduled for Sep 19, 2025?",Rutgers,sports,0.45,147.27,0
"Which professional football team, Denver or Cincinnati, will win the game scheduled for Sep 29, 2025 in Denver?",Cincinnati,sports,0.215,8.98,0
"Which professional football team, Denver or Cincinnati, will win the game scheduled for Sep 29, 2025 in Denver?",Denver,sports,0.795,8.98,1
"Which college football team, Louisville or Virginia, will win the game scheduled for Oct 4, 2025?",Louisville,sports,0.68,9.48,0
"Which college football team, Louisville or Virginia, will win the game scheduled for Oct 4, 2025?",Virginia,sports,0.32,9.48,1
"Which professional tennis player, Mariano Navone or Learner Tien, will win the Navone vs Tien match in the round of 32 at the 2025 ATP Hangzhou tournament, provided at least one ball is played?",Learner Tien,sports,0.6,12.09,1
"Which professional tennis player, Mariano Navone or Learner Tien, will win the Navone vs Tien match in the round of 32 at the 2025 ATP Hangzhou tournament, provided at least one ball is played?",Mariano Navone,sports,0.405,12.09,0
"Will Joe Biden be seen in public after September 6, 2025 and before October 1, 2025?",Before Oct 2025,culture,0.42,255.6,1
"Which professional MLS soccer team, Miami or Chicago Fire, will win the match scheduled for Aug 30, 2025 after 90 minutes plus stoppage time (does not include extra time or penalties)?",Chicago Fire,sports,0.26,71.73,1
"Which professional MLS soccer team, Miami or Chicago Fire, will win the match scheduled for Aug 30, 2025 after 90 minutes plus stoppage time (does not include extra time or penalties)?",Miami,sports,0.63,71.73,0
"Which professional MLS soccer team, Miami or Chicago Fire, will win the match scheduled for Aug 30, 2025 after 90 minutes plus stoppage time (does not include extra time or penalties)?",Tie,sports,0.285,71.73,0
"Which professional baseball team, Tampa Bay or Baltimore, will win the game scheduled for Jun 18, 2025?",Baltimore,sports,0.46,14.67,0
"Which professional baseball team, Tampa Bay or Baltimore, will win the game scheduled for Jun 18, 2025?",Tampa Bay,sports,0.54,14.67,1
"Which professional baseball team, the A's or San Francisco, will win the game scheduled for Jul 6, 2025?",A's,sports,0.515,16.95,0
"Which professional baseball team, the A's or San Francisco, will win the game scheduled for Jul 6, 2025?",San Francisco,sports,0.485,16.95,1
"Which professional MMA fighter, Alexandre Pantoja or Kai Kara-France, will win the Pantoja vs Kara-France fight scheduled for Jun 28, 2025?",Alexandre Pantoja,sports,0.685,10.61,1
"Which professional MMA fighter, Alexandre Pantoja or Kai Kara-France, will win the Pantoja vs Kara-France fight scheduled for Jun 28, 2025?",Kai Kara-France,sports,0.315,10.61,0
"Which professional football team, Los Angeles C or Pittsburgh, will win the game scheduled for Nov 9, 2025?",Los Angeles C,sports,0.655,218.79,1
"Which professional football team, Los Angeles C or Pittsburgh, will win the game scheduled for Nov 9, 2025?",Pittsburgh,sports,0.345,218.79,0
"Which professional baseball team, San Francisco or Los Angeles D, will win the game scheduled for Jul 11, 2025?",Los Angeles D,sports,0.47,17.16,0
"Which professional baseball team, San Francisco or Los Angeles D, will win the game scheduled for Jul 11, 2025?",San Francisco,sports,0.53,17.16,1
"Which professional basketball team, Philadelphia or Boston, will win the game scheduled for Oct 22, 2025?",Boston,sports,0.55,23.7,0
"Which professional basketball team, Philadelphia or Boston, will win the game scheduled for Oct 22, 2025?",Philadelphia,sports,0.45,23.7,1
"Which professional football team, Carolina or Miami, will win the game scheduled for Oct 5, 2025?",Carolina,sports,0.455,164.05,1
"Which professional football team, Carolina or Miami, will win the game scheduled for Oct 5, 2025?",Miami,sports,0.545,164.05,0
"Will the U.S. Consumer Price Index (CPI) year-over-year for the 12 months ending July 2025, as reported by the Bureau of Labor Statistics to one decimal place, be greater than 2.4%?",Above 2.4%,finance,0.975,576.46,1
"Will the U.S. Consumer Price Index (CPI) year-over-year for the 12 months ending July 2025, as reported by the Bureau of Labor Statistics to one decimal place, be greater than 2.4%?",Above 2.5%,finance,0.955,576.46,1
"Will the U.S. Consumer Price Index (CPI) year-over-year for the 12 months ending July 2025, as reported by the Bureau of Labor Statistics to one decimal place, be greater than 2.4%?",Above 2.6%,finance,0.865,576.46,1
"Will the U.S. Consumer Price Index (CPI) year-over-year for the 12 months ending July 2025, as reported by the Bureau of Labor Statistics to one decimal place, be greater than 2.4%?",Above 2.7%,finance,0.635,576.46,0
"Will the U.S. Consumer Price Index (CPI) year-over-year for the 12 months ending July 2025, as reported by the Bureau of Labor Statistics to one decimal place, be greater than 2.4%?",Above 2.8%,finance,0.28,576.46,0
"Will the U.S. Consumer Price Index (CPI) year-over-year for the 12 months ending July 2025, as reported by the Bureau of Labor Statistics to one decimal place, be greater than 2.4%?",Above 2.9%,finance,0.085,576.46,0
"Will the U.S. Consumer Price Index (CPI) year-over-year for the 12 months ending July 2025, as reported by the Bureau of Labor Statistics to one decimal place, be greater than 2.4%?",Above 3.0%,finance,0.035,576.46,0
"Will the U.S. Consumer Price Index (CPI) year-over-year for the 12 months ending July 2025, as reported by the Bureau of Labor Statistics to one decimal place, be greater than 2.4%?",Above 3.1%,finance,0.025,576.46,0
"Which college football team, Georgia Southern or Southern Miss, will win the game scheduled for Oct 9, 2025, at Georgia Southern?",Georgia Southern,sports,0.405,12.81,0
"Which college football team, Georgia Southern or Southern Miss, will win the game scheduled for Oct 9, 2025, at Georgia Southern?",Southern Miss,sports,0.6,12.81,1
"Which professional MMA fighter, Jack Della Maddalena or Islam Makhachev, will win the Maddalena vs Makhachev fight scheduled for Nov 15, 2025?",Islam Makhachev,sports,0.725,5.94,1
"Which professional MMA fighter, Jack Della Maddalena or Islam Makhachev, will win the Maddalena vs Makhachev fight scheduled for Nov 15, 2025?",Jack Della Maddalena,sports,0.275,5.94,0
"Which professional baseball team, San Diego or Philadelphia, will win the game scheduled for Jul 12, 2025?",Philadelphia,sports,0.585,14.48,0
"Which professional baseball team, San Diego or Philadelphia, will win the game scheduled for Jul 12, 2025?",San Diego,sports,0.41,14.48,1
"Which album will be #1 on the Billboard Top 200 chart dated Oct 11, 2025?",AM I THE DRAMA?,culture,0.005,6.8,0
"Which album will be #1 on the Billboard Top 200 chart dated Oct 11, 2025?",Breach,culture,0.01,6.8,0
"Which album will be #1 on the Billboard Top 200 chart dated Oct 11, 2025?",I Barely Know Her,culture,0.005,6.8,0
"Which album will be #1 on the Billboard Top 200 chart dated Oct 11, 2025?",I'm The Problem,culture,0.005,6.8,0
"Which album will be #1 on the Billboard Top 200 chart dated Oct 11, 2025?",KPop Demon Hunters,culture,0.995,6.8,1
"Which album will be #1 on the Billboard Top 200 chart dated Oct 11, 2025?",Man's Best Friend,culture,0.005,6.8,0
"Which album will be #1 on the Billboard Top 200 chart dated Oct 11, 2025?",One Thing At A Time,culture,0.005,6.8,0
"Which album will be #1 on the Billboard Top 200 chart dated Oct 11, 2025?",Play,culture,0.005,6.8,0
"Which album will be #1 on the Billboard Top 200 chart dated Oct 11, 2025?",SOS,culture,0.005,6.8,0
"Which album will be #1 on the Billboard Top 200 chart dated Oct 11, 2025?",Swag,culture,0.005,6.8,0
"Which album will be #1 on the Billboard Top 200 chart dated Oct 11, 2025?",UY SCUTI,culture,0.005,6.8,0
"Which album will be #1 on the Billboard Top 200 chart dated Oct 11, 2025?",Vie,culture,0.01,6.8,0
"Which album will be #1 on the Billboard Top 200 chart dated Oct 11, 2025?","You'll Be Alright, Kid",culture,0.005,6.8,0
"Will any JPMorgan Chase & Co. representative (including the call operator) say the word ""Fintech"" during JPMorgan Chase & Co.'s next earnings call (including the Q&A)?",Blockchain,finance,0.19,254.79,0
"Will any JPMorgan Chase & Co. representative (including the call operator) say the word ""Fintech"" during JPMorgan Chase & Co.'s next earnings call (including the Q&A)?",Buyback,finance,0.64,254.79,1
"Will any JPMorgan Chase & Co. representative (including the call operator) say the word ""Fintech"" during JPMorgan Chase & Co.'s next earnings call (including the Q&A)?",Coinbase,finance,0.13,254.79,0
"Will any JPMorgan Chase & Co. representative (including the call operator) say the word ""Fintech"" during JPMorgan Chase & Co.'s next earnings call (including the Q&A)?",Crypto / Bitcoin,finance,0.17,254.79,0
"Will any JPMorgan Chase & Co. representative (including the call operator) say the word ""Fintech"" during JPMorgan Chase & Co.'s next earnings call (including the Q&A)?",Fintech,finance,0.405,254.79,0
"Will any JPMorgan Chase & Co. representative (including the call operator) say the word ""Fintech"" during JPMorgan Chase & Co.'s next earnings call (including the Q&A)?",Geopolitical,finance,0.645,254.79,0
"Will any JPMorgan Chase & Co. representative (including the call operator) say the word ""Fintech"" during JPMorgan Chase & Co.'s next earnings call (including the Q&A)?",Hiring,finance,0.315,254.79,1
"Will any JPMorgan Chase & Co. representative (including the call operator) say the word ""Fintech"" during JPMorgan Chase & Co.'s next earnings call (including the Q&A)?",Inflation,finance,0.835,254.79,1
"Will any JPMorgan Chase & Co. representative (including the call operator) say the word ""Fintech"" during JPMorgan Chase & Co.'s next earnings call (including the Q&A)?",M&A,finance,0.82,254.79,1
"Will any JPMorgan Chase & Co. representative (including the call operator) say the word ""Fintech"" during JPMorgan Chase & Co.'s next earnings call (including the Q&A)?",Private Credit,finance,0.615,254.79,1
"Will any JPMorgan Chase & Co. representative (including the call operator) say the word ""Fintech"" during JPMorgan Chase & Co.'s next earnings call (including the Q&A)?",Recession,finance,0.655,254.79,0
"Will any JPMorgan Chase & Co. representative (including the call operator) say the word ""Fintech"" during JPMorgan Chase & Co.'s next earnings call (including the Q&A)?",Regulation,finance,0.74,254.79,0
"Will any JPMorgan Chase & Co. representative (including the call operator) say the word ""Fintech"" during JPMorgan Chase & Co.'s next earnings call (including the Q&A)?",Tariff,finance,0.845,254.79,1
"Will any JPMorgan Chase & Co. representative (including the call operator) say the word ""Fintech"" during JPMorgan Chase & Co.'s next earnings call (including the Q&A)?",Trading,finance,0.885,254.79,1
"Which of the named U.S. Senators will vote to confirm Stephen Miran as a Federal Reserve Governor in the Senate before Sep 15, 2025?",Bill Cassidy,politics,0.005,16.27,0
"Which of the named U.S. Senators will vote to confirm Stephen Miran as a Federal Reserve Governor in the Senate before Sep 15, 2025?",Dan Sullivan,politics,0.005,16.27,0
"Which of the named U.S. Senators will vote to confirm Stephen Miran as a Federal Reserve Governor in the Senate before Sep 15, 2025?",John Cornyn,politics,0.005,16.27,0
"Which of the named U.S. Senators will vote to confirm Stephen Miran as a Federal Reserve Governor in the Senate before Sep 15, 2025?",John Thune,politics,0.005,16.27,0
"Which of the named U.S. Senators will vote to confirm Stephen Miran as a Federal Reserve Governor in the Senate before Sep 15, 2025?",Joni Ernst,politics,0.005,16.27,0
"Which of the named U.S. Senators will vote to confirm Stephen Miran as a Federal Reserve Governor in the Senate before Sep 15, 2025?",Josh Hawley,politics,0.005,16.27,0
"Which of the named U.S. Senators will vote to confirm Stephen Miran as a Federal Reserve Governor in the Senate before Sep 15, 2025?",Lindsey Graham,politics,0.005,16.27,0
"Which of the named U.S. Senators will vote to confirm Stephen Miran as a Federal Reserve Governor in the Senate before Sep 15, 2025?",Lisa Murkowski,politics,0.005,16.27,0
"Which of the named U.S. Senators will vote to confirm Stephen Miran as a Federal Reserve Governor in the Senate before Sep 15, 2025?",Mike Crapo,politics,0.005,16.27,0
"Which of the named U.S. Senators will vote to confirm Stephen Miran as a Federal Reserve Governor in the Senate before Sep 15, 2025?",Mike Lee,politics,0.005,16.27,0
"Which of the named U.S. Senators will vote to confirm Stephen Miran as a Federal Reserve Governor in the Senate before Sep 15, 2025?",Mitch McConnell,politics,0.005,16.27,0
"Which of the named U.S. Senators will vote to confirm Stephen Miran as a Federal Reserve Governor in the Senate before Sep 15, 2025?",Rand Paul,politics,0.005,16.27,0
"Which of the named U.S. Senators will vote to confirm Stephen Miran as a Federal Reserve Governor in the Senate before Sep 15, 2025?",Rick Scott,politics,0.005,16.27,0
"Which of the named U.S. Senators will vote to confirm Stephen Miran as a Federal Reserve Governor in the Senate before Sep 15, 2025?",Roger Wicker,politics,0.005,16.27,0
"Which of the named U.S. Senators will vote to confirm Stephen Miran as a Federal Reserve Governor in the Senate before Sep 15, 2025?",Ron Johnson,politics,0.005,16.27,0
"Which of the named U.S. Senators will vote to confirm Stephen Miran as a Federal Reserve Governor in the Senate before Sep 15, 2025?",Susan Collins,politics,0.005,16.27,0
"Which of the named U.S. Senators will vote to confirm Stephen Miran as a Federal Reserve Governor in the Senate before Sep 15, 2025?",Ted Cruz,politics,0.005,16.27,0
"Which of the named U.S. Senators will vote to confirm Stephen Miran as a Federal Reserve Governor in the Senate before Sep 15, 2025?",Tim Scott,politics,0.005,16.27,0
"Which of the named U.S. Senators will vote to confirm Stephen Miran as a Federal Reserve Governor in the Senate before Sep 15, 2025?",Todd Young,politics,0.005,16.27,0
"Which of the named U.S. Senators will vote to confirm Stephen Miran as a Federal Reserve Governor in the Senate before Sep 15, 2025?",Tommy Tuberville,politics,0.005,16.27,0
Which Call of Duty League team will win the Grand Final at the Toronto Ultra Championship Weekend 2025?,Breach,sports,0.085,28.6,0
Which Call of Duty League team will win the Grand Final at the Toronto Ultra Championship Weekend 2025?,FaZe,sports,0.18,28.6,0
Which Call of Duty League team will win the Grand Final at the Toronto Ultra Championship Weekend 2025?,Heretics,sports,0.09,28.6,0
Which Call of Duty League team will win the Grand Final at the Toronto Ultra Championship Weekend 2025?,OpTic,sports,0.61,28.6,1
Which Call of Duty League team will win the Grand Final at the Toronto Ultra Championship Weekend 2025?,Royal Ravens,sports,0.005,28.6,0
Which Call of Duty League team will win the Grand Final at the Toronto Ultra Championship Weekend 2025?,Surge,sports,0.085,28.6,0
Which Call of Duty League team will win the Grand Final at the Toronto Ultra Championship Weekend 2025?,Thieves,sports,0.005,28.6,0
Which Call of Duty League team will win the Grand Final at the Toronto Ultra Championship Weekend 2025?,Ultra,sports,0.065,28.6,0
What will Joe Rogan say during UFC 320?,Concussion,politics,0.305,18.91,0
What will Joe Rogan say during UFC 320?,Crypto,politics,0.095,18.91,0
What will Joe Rogan say during UFC 320?,Dana,politics,0.72,18.91,0
What will Joe Rogan say during UFC 320?,Dig Deep,politics,0.605,18.91,0
What will Joe Rogan say during UFC 320?,Explosive,politics,0.825,18.91,0
What will Joe Rogan say during UFC 320?,Jake Paul,politics,0.17,18.91,0
What will Joe Rogan say during UFC 320?,Killer,politics,0.775,18.91,1
What will Joe Rogan say during UFC 320?,Knee Cap / Kneecap,politics,0.345,18.91,0
What will Joe Rogan say during UFC 320?,Lights Out,politics,0.47,18.91,0
What will Joe Rogan say during UFC 320?,Rear Naked Choke,politics,0.72,18.91,0
What will Joe Rogan say during UFC 320?,Responsibly,politics,0.38,18.91,0
What will Joe Rogan say during UFC 320?,Safety,politics,0.27,18.91,0
What will Joe Rogan say during UFC 320?,Sleep,politics,0.735,18.91,0
What will Joe Rogan say during UFC 320?,Smashing,politics,0.675,18.91,0
What will Joe Rogan say during UFC 320?,Trump,politics,0.29,18.91,0
"Which professional MMA fighter, Beneil Dariush or Renato Moicano, will win the fight originally scheduled for Jun 28, 2025 (UFC 317)?",Beneil Dariush,sports,0.48,10.32,1
"Which professional MMA fighter, Beneil Dariush or Renato Moicano, will win the fight originally scheduled for Jun 28, 2025 (UFC 317)?",Renato Moicano,sports,0.515,10.32,0
"Which professional English Premier League (EPL) team, Liverpool or Everton, will win the match scheduled for Sep 20, 2025, after 90 minutes plus stoppage time (does not include extra time or penalties)?",Everton,sports,0.13,6.13,0
"Which professional English Premier League (EPL) team, Liverpool or Everton, will win the match scheduled for Sep 20, 2025, after 90 minutes plus stoppage time (does not include extra time or penalties)?",Liverpool,sports,0.675,6.13,1
"Which professional English Premier League (EPL) team, Liverpool or Everton, will win the match scheduled for Sep 20, 2025, after 90 minutes plus stoppage time (does not include extra time or penalties)?",Tie,sports,0.195,6.13,0
"Which college football team, Kennesaw St. or UTEP, will win the game scheduled for Oct 28, 2025, at Kennesaw St.?",Kennesaw St.,sports,0.775,73.81,1
"Which college football team, Kennesaw St. or UTEP, will win the game scheduled for Oct 28, 2025, at Kennesaw St.?",UTEP,sports,0.23,73.81,0
"Which player, Liudmila Samsonova or Jessica Bouzas Maneiro, will advance past the round of 16 in the 2025 Wimbledon Women's Singles professional tennis tournament?",Jessica Bouzas Maneiro,sports,0.205,27.82,0
"Which player, Liudmila Samsonova or Jessica Bouzas Maneiro, will advance past the round of 16 in the 2025 Wimbledon Women's Singles professional tennis tournament?",Liudmila Samsonova,sports,0.74,27.82,1
"Will there be another SpaceX Dragon mission to the International Space Station (ISS) with NASA before Jan 1, 2026?",Before 2026,other,0.84,1061.24,1
"Which college football team, Georgia Tech or Temple, will win the Temple at Georgia Tech game scheduled for Sep 20, 2025?",Georgia Tech,sports,0.945,48.18,1
"Which college football team, Georgia Tech or Temple, will win the Temple at Georgia Tech game scheduled for Sep 20, 2025?",Temple,sports,0.055,48.18,0
"Which college football team, Michigan or Washington, will win the Washington at Michigan game scheduled for Oct 18, 2025?",Michigan,sports,0.75,161.98,1
"Which college football team, Michigan or Washington, will win the Washington at Michigan game scheduled for Oct 18, 2025?",Washington,sports,0.355,161.98,0
"What will be the revision to the U.S. July 2025 nonfarm payrolls (jobs added) in any official update published before Sep 6, 2025?",down at least 10000,finance,0.745,9.38,0
"What will be the revision to the U.S. July 2025 nonfarm payrolls (jobs added) in any official update published before Sep 6, 2025?",down at least 30000,finance,0.575,9.38,0
"What will be the revision to the U.S. July 2025 nonfarm payrolls (jobs added) in any official update published before Sep 6, 2025?",down at least 50000,finance,0.35,9.38,0
"What will be the revision to the U.S. July 2025 nonfarm payrolls (jobs added) in any official update published before Sep 6, 2025?",up at least 10000,finance,0.255,9.38,0
"What will be the revision to the U.S. July 2025 nonfarm payrolls (jobs added) in any official update published before Sep 6, 2025?",up at least 30000,finance,0.1,9.38,0
"What will be the revision to the U.S. July 2025 nonfarm payrolls (jobs added) in any official update published before Sep 6, 2025?",up at least 50000,finance,0.015,9.38,0
How many new players will Real Madrid sign in the 2025 summer transfer window?,Exactly 0,sports,0.045,1023.96,0
How many new players will Real Madrid sign in the 2025 summer transfer window?,Exactly 1,sports,0.045,1023.96,0
How many new players will Real Madrid sign in the 2025 summer transfer window?,Exactly 2,sports,0.045,1023.96,0
How many new players will Real Madrid sign in the 2025 summer transfer window?,Exactly 3,sports,0.045,1023.96,0
How many new players will Real Madrid sign in the 2025 summer transfer window?,Exactly 4,sports,0.215,1023.96,1
How many new players will Real Madrid sign in the 2025 summer transfer window?,Exactly 5,sports,0.355,1023.96,0
"Which professional English Premier League (EPL) team, Brentford or Manchester City, will win the match scheduled for Oct 5, 2025, after 90 minutes plus stoppage time (extra time and penalties excluded)?",Brentford,sports,0.18,17.43,0
"Which professional English Premier League (EPL) team, Brentford or Manchester City, will win the match scheduled for Oct 5, 2025, after 90 minutes plus stoppage time (extra time and penalties excluded)?",Manchester City,sports,0.61,17.43,1
"Which professional English Premier League (EPL) team, Brentford or Manchester City, will win the match scheduled for Oct 5, 2025, after 90 minutes plus stoppage time (extra time and penalties excluded)?",Tie,sports,0.21,17.43,0
"Which professional tennis player, Coleman Wong or Andrey Rublev, will win the match scheduled for Aug 29, 2025 (match must begin and at least one ball must be played)?",Andrey Rublev,sports,0.905,20.99,1
"Which professional tennis player, Coleman Wong or Andrey Rublev, will win the match scheduled for Aug 29, 2025 (match must begin and at least one ball must be played)?",Coleman Wong,sports,0.09,20.99,0
Which driver will win the Singapore Grand Prix 2025?,Alexander Albon,sports,0.005,21.96,0
Which driver will win the Singapore Grand Prix 2025?,Andrea Kimi Antonelli,sports,0.015,21.96,0
Which driver will win the Singapore Grand Prix 2025?,Carlos Sainz Jr.,sports,0.005,21.96,0
Which driver will win the Singapore Grand Prix 2025?,Charles Leclerc,sports,0.005,21.96,0
Which driver will win the Singapore Grand Prix 2025?,Esteban Ocon,sports,0.005,21.96,0
Which driver will win the Singapore Grand Prix 2025?,Fernando Alonso,sports,0.005,21.96,0
Which driver will win the Singapore Grand Prix 2025?,Franco Colapinto,sports,0.005,21.96,0
Which driver will win the Singapore Grand Prix 2025?,Gabriel Bortoleto,sports,0.005,21.96,0
Which driver will win the Singapore Grand Prix 2025?,George Russell,sports,0.385,21.96,1
Which driver will win the Singapore Grand Prix 2025?,Isack Hadjar,sports,0.005,21.96,0
Which driver will win the Singapore Grand Prix 2025?,Lance Stroll,sports,0.005,21.96,0
Which driver will win the Singapore Grand Prix 2025?,Lando Norris,sports,0.055,21.96,0
Which driver will win the Singapore Grand Prix 2025?,Lewis Hamilton,sports,0.015,21.96,0
Which driver will win the Singapore Grand Prix 2025?,Liam Lawson,sports,0.005,21.96,0
Which driver will win the Singapore Grand Prix 2025?,Max Verstappen,sports,0.435,21.96,0
Which driver will win the Singapore Grand Prix 2025?,Nico Hulkenberg,sports,0.005,21.96,0
Which driver will win the Singapore Grand Prix 2025?,Oliver Bearman,sports,0.005,21.96,0
Which driver will win the Singapore Grand Prix 2025?,Oscar Piastri,sports,0.135,21.96,0
Which driver will win the Singapore Grand Prix 2025?,Pierre Gasly,sports,0.005,21.96,0
Which driver will win the Singapore Grand Prix 2025?,Yuki Tsunoda,sports,0.005,21.96,0
"Will the President sign any Executive Orders between Sep 8, 2025 and Sep 15, 2025?",Above 0,politics,0.065,24.89,0
What will Marjorie Taylor Greene say during Real Time with Bill Maher?,America First,other,0.495,12.37,1
What will Marjorie Taylor Greene say during Real Time with Bill Maher?,Antifa,other,0.17,12.37,0
What will Marjorie Taylor Greene say during Real Time with Bill Maher?,Biden,other,0.52,12.37,1
What will Marjorie Taylor Greene say during Real Time with Bill Maher?,Border,other,0.44,12.37,0
What will Marjorie Taylor Greene say during Real Time with Bill Maher?,China,other,0.36,12.37,1
What will Marjorie Taylor Greene say during Real Time with Bill Maher?,Democrat,other,0.885,12.37,1
What will Marjorie Taylor Greene say during Real Time with Bill Maher?,Drug,other,0.48,12.37,0
What will Marjorie Taylor Greene say during Real Time with Bill Maher?,Healthcare,other,0.765,12.37,0
What will Marjorie Taylor Greene say during Real Time with Bill Maher?,ICE,other,0.405,12.37,0
What will Marjorie Taylor Greene say during Real Time with Bill Maher?,MAGA / Make America Great Again,other,0.28,12.37,0
What will Marjorie Taylor Greene say during Real Time with Bill Maher?,Shutdown / Shut Down,other,0.875,12.37,1
What will Marjorie Taylor Greene say during Real Time with Bill Maher?,Trump (3+ times),other,0.64,12.37,0
"Which professional UCL soccer team, Ajax or Galatasaray, will win the match scheduled for Nov 5, 2025 in regulation time (after 90 minutes plus stoppage time; excluding extra time and penalties)?",Ajax,sports,0.32,305.16,0
"Which professional UCL soccer team, Ajax or Galatasaray, will win the match scheduled for Nov 5, 2025 in regulation time (after 90 minutes plus stoppage time; excluding extra time and penalties)?",Galatasaray,sports,0.45,305.16,1
"Which professional UCL soccer team, Ajax or Galatasaray, will win the match scheduled for Nov 5, 2025 in regulation time (after 90 minutes plus stoppage time; excluding extra time and penalties)?",Tie,sports,0.23,305.16,0
"Which college football team, Georgia Tech or Syracuse, will win the game scheduled for Oct 25, 2025?",Georgia Tech,sports,0.87,134.59,1
"Which college football team, Georgia Tech or Syracuse, will win the game scheduled for Oct 25, 2025?",Syracuse,sports,0.135,134.59,0
"Which college football team, South Florida or UTSA, will win the game scheduled for Nov 6, 2025?",South Florida,sports,0.815,99.99,1
"Which college football team, South Florida or UTSA, will win the game scheduled for Nov 6, 2025?",UTSA,sports,0.195,99.99,0
"What will be the total number of Spotify streams for ""The Life of a Showgirl (feat. Sabrina Carpenter)"" by Taylor Swift (with Sabrina Carpenter) by Oct 10, 2025 at 10:00 AM ET?",More than 10 million,culture,0.975,77.97,1
"What will be the total number of Spotify streams for ""The Life of a Showgirl (feat. Sabrina Carpenter)"" by Taylor Swift (with Sabrina Carpenter) by Oct 10, 2025 at 10:00 AM ET?",More than 100 million,culture,0.005,77.97,0
"What will be the total number of Spotify streams for ""The Life of a Showgirl (feat. Sabrina Carpenter)"" by Taylor Swift (with Sabrina Carpenter) by Oct 10, 2025 at 10:00 AM ET?",More than 110 million,culture,0.005,77.97,0
"What will be the total number of Spotify streams for ""The Life of a Showgirl (feat. Sabrina Carpenter)"" by Taylor Swift (with Sabrina Carpenter) by Oct 10, 2025 at 10:00 AM ET?",More than 15 million,culture,0.975,77.97,1
"What will be the total number of Spotify streams for ""The Life of a Showgirl (feat. Sabrina Carpenter)"" by Taylor Swift (with Sabrina Carpenter) by Oct 10, 2025 at 10:00 AM ET?",More than 20 million,culture,0.975,77.97,1
"What will be the total number of Spotify streams for ""The Life of a Showgirl (feat. Sabrina Carpenter)"" by Taylor Swift (with Sabrina Carpenter) by Oct 10, 2025 at 10:00 AM ET?",More than 25 million,culture,0.975,77.97,1
"What will be the total number of Spotify streams for ""The Life of a Showgirl (feat. Sabrina Carpenter)"" by Taylor Swift (with Sabrina Carpenter) by Oct 10, 2025 at 10:00 AM ET?",More than 30 million,culture,0.975,77.97,1
"What will be the total number of Spotify streams for ""The Life of a Showgirl (feat. Sabrina Carpenter)"" by Taylor Swift (with Sabrina Carpenter) by Oct 10, 2025 at 10:00 AM ET?",More than 35 million,culture,0.97,77.97,1
"What will be the total number of Spotify streams for ""The Life of a Showgirl (feat. Sabrina Carpenter)"" by Taylor Swift (with Sabrina Carpenter) by Oct 10, 2025 at 10:00 AM ET?",More than 40 million,culture,0.97,77.97,1
"What will be the total number of Spotify streams for ""The Life of a Showgirl (feat. Sabrina Carpenter)"" by Taylor Swift (with Sabrina Carpenter) by Oct 10, 2025 at 10:00 AM ET?",More than 45 million,culture,0.965,77.97,1
"What will be the total number of Spotify streams for ""The Life of a Showgirl (feat. Sabrina Carpenter)"" by Taylor Swift (with Sabrina Carpenter) by Oct 10, 2025 at 10:00 AM ET?",More than 50 million,culture,0.96,77.97,1
"What will be the total number of Spotify streams for ""The Life of a Showgirl (feat. Sabrina Carpenter)"" by Taylor Swift (with Sabrina Carpenter) by Oct 10, 2025 at 10:00 AM ET?",More than 55 million,culture,0.885,77.97,1
"What will be the total number of Spotify streams for ""The Life of a Showgirl (feat. Sabrina Carpenter)"" by Taylor Swift (with Sabrina Carpenter) by Oct 10, 2025 at 10:00 AM ET?",More than 60 million,culture,0.195,77.97,0
"What will be the total number of Spotify streams for ""The Life of a Showgirl (feat. Sabrina Carpenter)"" by Taylor Swift (with Sabrina Carpenter) by Oct 10, 2025 at 10:00 AM ET?",More than 65 million,culture,0.085,77.97,0
"What will be the total number of Spotify streams for ""The Life of a Showgirl (feat. Sabrina Carpenter)"" by Taylor Swift (with Sabrina Carpenter) by Oct 10, 2025 at 10:00 AM ET?",More than 70 million,culture,0.035,77.97,0
"What will be the total number of Spotify streams for ""The Life of a Showgirl (feat. Sabrina Carpenter)"" by Taylor Swift (with Sabrina Carpenter) by Oct 10, 2025 at 10:00 AM ET?",More than 75 million,culture,0.015,77.97,0
"What will be the total number of Spotify streams for ""The Life of a Showgirl (feat. Sabrina Carpenter)"" by Taylor Swift (with Sabrina Carpenter) by Oct 10, 2025 at 10:00 AM ET?",More than 80 million,culture,0.005,77.97,0
"What will be the total number of Spotify streams for ""The Life of a Showgirl (feat. Sabrina Carpenter)"" by Taylor Swift (with Sabrina Carpenter) by Oct 10, 2025 at 10:00 AM ET?",More than 90 million,culture,0.005,77.97,0
"Which professional tennis player, Shuai Zhang or Veronika Erjavec, will win the Zhang vs Erjavec round of 16 match at the 2025 WTA Guangzhou tournament (the match must have at least one ball played to count)?",Shuai Zhang,sports,0.8,11.04,1
"Which professional tennis player, Shuai Zhang or Veronika Erjavec, will win the Zhang vs Erjavec round of 16 match at the 2025 WTA Guangzhou tournament (the match must have at least one ball played to count)?",Veronika Erjavec,sports,0.205,11.04,0
"Which professional football team, Green Bay or Philadelphia, will win the game scheduled for Nov 10, 2025, in Green Bay?",Green Bay,sports,0.595,242.27,0
"Which professional football team, Green Bay or Philadelphia, will win the game scheduled for Nov 10, 2025, in Green Bay?",Philadelphia,sports,0.405,242.27,1
"Which college football team, Arkansas State or Georgia Southern, will win the game scheduled for Oct 25, 2025?",Arkansas St.,sports,0.515,45.12,1
"Which college football team, Arkansas State or Georgia Southern, will win the game scheduled for Oct 25, 2025?",Georgia Southern,sports,0.48,45.12,0
"Which professional baseball team, Chicago C or Milwaukee, will win the game scheduled for Oct 6, 2025?",Chicago C,sports,0.45,13.05,0
"Which professional baseball team, Chicago C or Milwaukee, will win the game scheduled for Oct 6, 2025?",Milwaukee,sports,0.55,13.05,1
"Which college football team, Navy or Air Force, will win the Air Force at Navy game scheduled for Oct 4, 2025?",Air Force,sports,0.195,40.82,0
"Which college football team, Navy or Air Force, will win the Air Force at Navy game scheduled for Oct 4, 2025?",Navy,sports,0.8,40.82,1
"Which college football team, Washington St. or Toledo, will win the game scheduled for Oct 25, 2025?",Toledo,sports,0.505,41.8,0
"Which college football team, Washington St. or Toledo, will win the game scheduled for Oct 25, 2025?",Washington St.,sports,0.49,41.8,1
Which word or phrase from the market's outcome list will Donald Trump say during his speech in Israel on October 13th?,Biden,politics,0.595,38.52,1
Which word or phrase from the market's outcome list will Donald Trump say during his speech in Israel on October 13th?,Drone,politics,0.13,38.52,0
Which word or phrase from the market's outcome list will Donald Trump say during his speech in Israel on October 13th?,Gaza,politics,0.92,38.52,1
Which word or phrase from the market's outcome list will Donald Trump say during his speech in Israel on October 13th?,Golden Dome,politics,0.19,38.52,0
Which word or phrase from the market's outcome list will Donald Trump say during his speech in Israel on October 13th?,Hamas (3+ times),politics,0.79,38.52,0
Which word or phrase from the market's outcome list will Donald Trump say during his speech in Israel on October 13th?,Heinous,politics,0.3,38.52,1
Which word or phrase from the market's outcome list will Donald Trump say during his speech in Israel on October 13th?,Hostage (3+ times),politics,0.75,38.52,1
Which word or phrase from the market's outcome list will Donald Trump say during his speech in Israel on October 13th?,Hottest,politics,0.51,38.52,1
Which word or phrase from the market's outcome list will Donald Trump say during his speech in Israel on October 13th?,Military,politics,0.76,38.52,1
Which word or phrase from the market's outcome list will Donald Trump say during his speech in Israel on October 13th?,NATO,politics,0.18,38.52,0
Which word or phrase from the market's outcome list will Donald Trump say during his speech in Israel on October 13th?,Negotiate,politics,0.615,38.52,1
Which word or phrase from the market's outcome list will Donald Trump say during his speech in Israel on October 13th?,Nuclear,politics,0.665,38.52,1
Which word or phrase from the market's outcome list will Donald Trump say during his speech in Israel on October 13th?,October 7,politics,0.815,38.52,1
Which word or phrase from the market's outcome list will Donald Trump say during his speech in Israel on October 13th?,Palestine,politics,0.24,38.52,0
Which word or phrase from the market's outcome list will Donald Trump say during his speech in Israel on October 13th?,Peace (3+ times),politics,0.83,38.52,1
Which word or phrase from the market's outcome list will Donald Trump say during his speech in Israel on October 13th?,Terrorist,politics,0.715,38.52,1
Which word or phrase from the market's outcome list will Donald Trump say during his speech in Israel on October 13th?,Ukraine,politics,0.265,38.52,1
Which word or phrase from the market's outcome list will Donald Trump say during his speech in Israel on October 13th?,World War,politics,0.17,38.52,1
"Which college football team, Coastal Carolina or Marshall, will win the game scheduled for Oct 30, 2025?",Coastal Carolina,sports,0.385,98.67,1
"Which college football team, Coastal Carolina or Marshall, will win the game scheduled for Oct 30, 2025?",Marshall,sports,0.615,98.67,0
"Which professional football team, New York G or Philadelphia, will win the game scheduled for Oct 9, 2025?",New York G,sports,0.225,72.4,1
"Which professional football team, New York G or Philadelphia, will win the game scheduled for Oct 9, 2025?",Philadelphia,sports,0.775,72.4,0
"Will Donald Trump say the phrase ""AOC"" after Aug 4, 2025 at 4:45 PM ET and before Sep 1, 2025?",Bill Clinton,other,0.995,61.87,1
"Will Donald Trump say the phrase ""AOC"" after Aug 4, 2025 at 4:45 PM ET and before Sep 1, 2025?",Bitcoin,other,0.035,61.87,0
"Will Donald Trump say the phrase ""AOC"" after Aug 4, 2025 at 4:45 PM ET and before Sep 1, 2025?",Clean Beautiful Coal,other,0.04,61.87,0
"Will Donald Trump say the phrase ""AOC"" after Aug 4, 2025 at 4:45 PM ET and before Sep 1, 2025?",Con Job,other,0.035,61.87,0
"Will Donald Trump say the phrase ""AOC"" after Aug 4, 2025 at 4:45 PM ET and before Sep 1, 2025?",Elon,other,0.065,61.87,0
"Will Donald Trump say the phrase ""AOC"" after Aug 4, 2025 at 4:45 PM ET and before Sep 1, 2025?",Epstein,other,0.5,61.87,1
"Will Donald Trump say the phrase ""AOC"" after Aug 4, 2025 at 4:45 PM ET and before Sep 1, 2025?",Hunter,other,0.045,61.87,0
"Will Donald Trump say the phrase ""AOC"" after Aug 4, 2025 at 4:45 PM ET and before Sep 1, 2025?",Larry Summers,other,0.995,61.87,1
"Will Donald Trump say the phrase ""AOC"" after Aug 4, 2025 at 4:45 PM ET and before Sep 1, 2025?",Lisa Monaco,other,0.04,61.87,0
"Will Donald Trump say the phrase ""AOC"" after Aug 4, 2025 at 4:45 PM ET and before Sep 1, 2025?",Loomer,other,0.03,61.87,0
"Will Donald Trump say the phrase ""AOC"" after Aug 4, 2025 at 4:45 PM ET and before Sep 1, 2025?",Lyin Kamala,other,0.04,61.87,0
"Will Donald Trump say the phrase ""AOC"" after Aug 4, 2025 at 4:45 PM ET and before Sep 1, 2025?",Massie,other,0.05,61.87,0
"Will Donald Trump say the phrase ""AOC"" after Aug 4, 2025 at 4:45 PM ET and before Sep 1, 2025?",Nest Egg,other,0.045,61.87,0
"Will Donald Trump say the phrase ""AOC"" after Aug 4, 2025 at 4:45 PM ET and before Sep 1, 2025?",Palestine,other,0.035,61.87,0
"Will Donald Trump say the phrase ""AOC"" after Aug 4, 2025 at 4:45 PM ET and before Sep 1, 2025?",Paramount,other,0.045,61.87,0
"Will Donald Trump say the phrase ""AOC"" after Aug 4, 2025 at 4:45 PM ET and before Sep 1, 2025?",Recession,other,0.025,61.87,0
"Will Donald Trump say the phrase ""AOC"" after Aug 4, 2025 at 4:45 PM ET and before Sep 1, 2025?",South Park,other,0.03,61.87,0
"Will Donald Trump say the phrase ""AOC"" after Aug 4, 2025 at 4:45 PM ET and before Sep 1, 2025?",Swamp,other,0.05,61.87,0
"Will Donald Trump say the phrase ""AOC"" after Aug 4, 2025 at 4:45 PM ET and before Sep 1, 2025?",Sydney Sweeney,other,0.035,61.87,0
"Will Donald Trump say the phrase ""AOC"" after Aug 4, 2025 at 4:45 PM ET and before Sep 1, 2025?",Too Big to Rig,other,0.5,61.87,1
"Will Donald Trump say the phrase ""AOC"" after Aug 4, 2025 at 4:45 PM ET and before Sep 1, 2025?",Two-State,other,0.035,61.87,0
"Will Donald Trump say the phrase ""AOC"" after Aug 4, 2025 at 4:45 PM ET and before Sep 1, 2025?",UFC,other,0.12,61.87,0
"Will Donald Trump say the phrase ""AOC"" after Aug 4, 2025 at 4:45 PM ET and before Sep 1, 2025?",Zohran / Mamdani,other,0.115,61.87,0
Who will be the Democratic Party's nominee in the 2025 New York City mayoral election?,Adrienne Adams,politics,0.005,351.5,0
Who will be the Democratic Party's nominee in the 2025 New York City mayoral election?,Alicia Glen,politics,0.005,351.5,0
Who will be the Democratic Party's nominee in the 2025 New York City mayoral election?,Andrew Cuomo,politics,0.715,351.5,0
Who will be the Democratic Party's nominee in the 2025 New York City mayoral election?,Brad Lander,politics,0.015,351.5,0
Who will be the Democratic Party's nominee in the 2025 New York City mayoral election?,Carlina Rivera,politics,0.005,351.5,0
Who will be the Democratic Party's nominee in the 2025 New York City mayoral election?,Christine Quinn,politics,0.005,351.5,0
Who will be the Democratic Party's nominee in the 2025 New York City mayoral election?,Diana Ayala,politics,0.005,351.5,0
Who will be the Democratic Party's nominee in the 2025 New York City mayoral election?,Donovan Richards,politics,0.005,351.5,0
Who will be the Democratic Party's nominee in the 2025 New York City mayoral election?,Eric Adams,politics,0.005,351.5,0
Who will be the Democratic Party's nominee in the 2025 New York City mayoral election?,Jennifer Jones Austin,politics,0.005,351.5,0
Who will be the Democratic Party's nominee in the 2025 New York City mayoral election?,Jessica González-Rojas,politics,0.005,351.5,0
Who will be the Democratic Party's nominee in the 2025 New York City mayoral election?,Jessica Ramos,politics,0.005,351.5,0
Who will be the Democratic Party's nominee in the 2025 New York City mayoral election?,John Liu,politics,0.005,351.5,0
Who will be the Democratic Party's nominee in the 2025 New York City mayoral election?,Jumaane Williams,politics,0.005,351.5,0
Who will be the Democratic Party's nominee in the 2025 New York City mayoral election?,Kathryn Garcia,politics,0.005,351.5,0
Who will be the Democratic Party's nominee in the 2025 New York City mayoral election?,Letitia James,politics,0.005,351.5,0
Who will be the Democratic Party's nominee in the 2025 New York City mayoral election?,Michael Blake,politics,0.005,351.5,0
Who will be the Democratic Party's nominee in the 2025 New York City mayoral election?,Scott Stringer,politics,0.005,351.5,0
Who will be the Democratic Party's nominee in the 2025 New York City mayoral election?,Vanessa Gibson,politics,0.005,351.5,0
Who will be the Democratic Party's nominee in the 2025 New York City mayoral election?,Whitney Tilson,politics,0.005,351.5,0
Who will be the Democratic Party's nominee in the 2025 New York City mayoral election?,Zellnor Myrie,politics,0.005,351.5,0
Who will be the Democratic Party's nominee in the 2025 New York City mayoral election?,Zohran Mamdani,politics,0.275,351.5,1
Unable to augment: insufficient time/date information provided to include a specific date or time period.,Arizona,sports,0.015,2103.37,0
Unable to augment: insufficient time/date information provided to include a specific date or time period.,Atlanta,sports,0.005,2103.37,0
Unable to augment: insufficient time/date information provided to include a specific date or time period.,Chicago C,sports,0.145,2103.37,0
Unable to augment: insufficient time/date information provided to include a specific date or time period.,Cincinnati,sports,0.005,2103.37,0
Unable to augment: insufficient time/date information provided to include a specific date or time period.,Colorado,sports,0.005,2103.37,0
Unable to augment: insufficient time/date information provided to include a specific date or time period.,Los Angeles D,sports,0.385,2103.37,1
Unable to augment: insufficient time/date information provided to include a specific date or time period.,Miami,sports,0.005,2103.37,0
Unable to augment: insufficient time/date information provided to include a specific date or time period.,Milwaukee,sports,0.11,2103.37,0
Unable to augment: insufficient time/date information provided to include a specific date or time period.,New York M,sports,0.115,2103.37,0
Unable to augment: insufficient time/date information provided to include a specific date or time period.,Philadelphia,sports,0.145,2103.37,0
Unable to augment: insufficient time/date information provided to include a specific date or time period.,Pittsburgh,sports,0.005,2103.37,0
Unable to augment: insufficient time/date information provided to include a specific date or time period.,San Diego,sports,0.045,2103.37,0
Unable to augment: insufficient time/date information provided to include a specific date or time period.,San Francisco,sports,0.035,2103.37,0
Unable to augment: insufficient time/date information provided to include a specific date or time period.,St. Louis,sports,0.015,2103.37,0
Unable to augment: insufficient time/date information provided to include a specific date or time period.,Washington,sports,0.005,2103.37,0
"Which professional baseball team, Philadelphia or San Diego, will win Game 1 of their matchup scheduled for Jul 2, 2025?",Philadelphia,sports,0.495,8.14,0
"Which professional baseball team, Philadelphia or San Diego, will win Game 1 of their matchup scheduled for Jul 2, 2025?",San Diego,sports,0.505,8.14,1
"Which professional baseball team, Seattle or Detroit, will win Game 3 of the Seattle vs Detroit series scheduled for Oct 7, 2025?",Detroit,sports,0.445,18.57,0
"Which professional baseball team, Seattle or Detroit, will win Game 3 of the Seattle vs Detroit series scheduled for Oct 7, 2025?",Seattle,sports,0.555,18.57,1
"Which professional tennis player, Tallon Griekspoor or Taro Daniel, will win their round of 16 match at the 2025 ATP Chengdu tournament (the market only resolves if the match begins and at least one ball is played)?",Tallon Griekspoor,sports,0.645,6.83,0
"Which professional tennis player, Tallon Griekspoor or Taro Daniel, will win their round of 16 match at the 2025 ATP Chengdu tournament (the market only resolves if the match begins and at least one ball is played)?",Taro Daniel,sports,0.355,6.83,1
Will the U.S. Consumer Price Index (CPI) year-over-year change (one-decimal-place value as reported by the U.S. Bureau of Labor Statistics) for the twelve months ending August 2025 be greater than 2.4%?,Above 2.4%,finance,0.985,15.05,1
Will the U.S. Consumer Price Index (CPI) year-over-year change (one-decimal-place value as reported by the U.S. Bureau of Labor Statistics) for the twelve months ending August 2025 be greater than 2.4%?,Above 2.5%,finance,0.985,15.05,1
Will the U.S. Consumer Price Index (CPI) year-over-year change (one-decimal-place value as reported by the U.S. Bureau of Labor Statistics) for the twelve months ending August 2025 be greater than 2.4%?,Above 2.6%,finance,0.97,15.05,1
Will the U.S. Consumer Price Index (CPI) year-over-year change (one-decimal-place value as reported by the U.S. Bureau of Labor Statistics) for the twelve months ending August 2025 be greater than 2.4%?,Above 2.7%,finance,0.95,15.05,1
Will the U.S. Consumer Price Index (CPI) year-over-year change (one-decimal-place value as reported by the U.S. Bureau of Labor Statistics) for the twelve months ending August 2025 be greater than 2.4%?,Above 2.8%,finance,0.605,15.05,1
Will the U.S. Consumer Price Index (CPI) year-over-year change (one-decimal-place value as reported by the U.S. Bureau of Labor Statistics) for the twelve months ending August 2025 be greater than 2.4%?,Above 2.9%,finance,0.185,15.05,0
Will the U.S. Consumer Price Index (CPI) year-over-year change (one-decimal-place value as reported by the U.S. Bureau of Labor Statistics) for the twelve months ending August 2025 be greater than 2.4%?,Above 3.0%,finance,0.04,15.05,0
Will the U.S. Consumer Price Index (CPI) year-over-year change (one-decimal-place value as reported by the U.S. Bureau of Labor Statistics) for the twelve months ending August 2025 be greater than 2.4%?,Above 3.1%,finance,0.01,15.05,0
"Which college football team, Colorado St. or Fresno St., will win the game scheduled for Oct 10, 2025?",Colorado St.,sports,0.325,31.06,1
"Which college football team, Colorado St. or Fresno St., will win the game scheduled for Oct 10, 2025?",Fresno St.,sports,0.68,31.06,0
"Which college football team, Arizona or Oklahoma St., will win the game scheduled for Oct 4, 2025?",Arizona,sports,0.905,17.98,1
"Which college football team, Arizona or Oklahoma St., will win the game scheduled for Oct 4, 2025?",Oklahoma St.,sports,0.095,17.98,0
"Which college football team, Kennesaw St. or Arkansas St., will win the game scheduled for Sep 20, 2025?",Arkansas St.,sports,0.64,25.03,0
"Which college football team, Kennesaw St. or Arkansas St., will win the game scheduled for Sep 20, 2025?",Kennesaw St.,sports,0.36,25.03,1
"Which professional baseball team, Toronto or Los Angeles D, will win the game scheduled for Oct 27, 2025?",Los Angeles D,sports,0.595,145.96,1
"Which professional baseball team, Toronto or Los Angeles D, will win the game scheduled for Oct 27, 2025?",Toronto,sports,0.4,145.96,0
"Which professional tennis player, Andrey Rublev or Valentin Royer, will win the Rublev vs Royer match in the round of 16 at the 2025 ATP Hangzhou tournament?",Andrey Rublev,sports,0.825,9.48,0
"Which professional tennis player, Andrey Rublev or Valentin Royer, will win the Rublev vs Royer match in the round of 16 at the 2025 ATP Hangzhou tournament?",Valentin Royer,sports,0.175,9.48,1
"Which player, Amanda Anisimova or Anastasia Pavlyuchenkova, will advance past the quarterfinals in the 2025 Wimbledon Women's Singles tournament?",Amanda Anisimova,sports,0.685,28.99,1
"Which player, Amanda Anisimova or Anastasia Pavlyuchenkova, will advance past the quarterfinals in the 2025 Wimbledon Women's Singles tournament?",Anastasia Pavlyuchenkova,sports,0.275,28.99,0
"Which college football team, Pittsburgh or Louisville, will win the game scheduled for Sep 27, 2025, at Pittsburgh?",Louisville,sports,0.645,40.74,1
"Which college football team, Pittsburgh or Louisville, will win the game scheduled for Sep 27, 2025, at Pittsburgh?",Pittsburgh,sports,0.36,40.74,0
"Will the first budget reconciliation bill to become law before Jan 1, 2027 impose a tax on foreign remittances with a rate of at least 2%?",At least 2%,politics,0.04,8.31,0
"Will the first budget reconciliation bill to become law before Jan 1, 2027 impose a tax on foreign remittances with a rate of at least 2%?",At least 4%,politics,0.005,8.31,0
"Will the first budget reconciliation bill to become law before Jan 1, 2027 impose a tax on foreign remittances with a rate of at least 2%?",At least 7%,politics,0.215,8.31,0
"Will the average regular gasoline price in the United States, as reported by AAA, be strictly greater than $2.80 on Sep 30, 2025?",Above 2.80,finance,0.995,21.05,1
"Will the average regular gasoline price in the United States, as reported by AAA, be strictly greater than $2.80 on Sep 30, 2025?",Above 2.85,finance,0.995,21.05,1
"Will the average regular gasoline price in the United States, as reported by AAA, be strictly greater than $2.80 on Sep 30, 2025?",Above 2.90,finance,0.995,21.05,1
"Will the average regular gasoline price in the United States, as reported by AAA, be strictly greater than $2.80 on Sep 30, 2025?",Above 2.95,finance,0.995,21.05,1
"Will the average regular gasoline price in the United States, as reported by AAA, be strictly greater than $2.80 on Sep 30, 2025?",Above 3.00,finance,0.995,21.05,1
"Will the average regular gasoline price in the United States, as reported by AAA, be strictly greater than $2.80 on Sep 30, 2025?",Above 3.05,finance,0.995,21.05,1
"Will the average regular gasoline price in the United States, as reported by AAA, be strictly greater than $2.80 on Sep 30, 2025?",Above 3.10,finance,0.99,21.05,1
"Will the average regular gasoline price in the United States, as reported by AAA, be strictly greater than $2.80 on Sep 30, 2025?",Above 3.15,finance,0.08,21.05,0
"Will the average regular gasoline price in the United States, as reported by AAA, be strictly greater than $2.80 on Sep 30, 2025?",Above 3.20,finance,0.005,21.05,0
"Will the average regular gasoline price in the United States, as reported by AAA, be strictly greater than $2.80 on Sep 30, 2025?",Above 3.25,finance,0.005,21.05,0
"Which professional English Premier League (EPL) soccer team, Bournemouth or Fulham, will win the match scheduled for Oct 3, 2025 after 90 minutes plus stoppage time (excluding extra time and penalties)?",Bournemouth,sports,0.52,31.65,1
"Which professional English Premier League (EPL) soccer team, Bournemouth or Fulham, will win the match scheduled for Oct 3, 2025 after 90 minutes plus stoppage time (excluding extra time and penalties)?",Fulham,sports,0.23,31.65,0
"Which professional English Premier League (EPL) soccer team, Bournemouth or Fulham, will win the match scheduled for Oct 3, 2025 after 90 minutes plus stoppage time (excluding extra time and penalties)?",Tie,sports,0.25,31.65,0
"Which professional EPL soccer team, Brentford or Newcastle, will win the match scheduled for Nov 9, 2025 after 90 minutes plus stoppage time (excluding extra time and penalties)?",Brentford,sports,0.2,300.93,1
"Which professional EPL soccer team, Brentford or Newcastle, will win the match scheduled for Nov 9, 2025 after 90 minutes plus stoppage time (excluding extra time and penalties)?",Newcastle,sports,0.365,300.93,0
"Which professional EPL soccer team, Brentford or Newcastle, will win the match scheduled for Nov 9, 2025 after 90 minutes plus stoppage time (excluding extra time and penalties)?",Tie,sports,0.195,300.93,0
"Which college football team, Oregon St. or Washington St., will win the game scheduled for Nov 1, 2025?",Oregon St.,sports,0.355,144.67,1
"Which college football team, Oregon St. or Washington St., will win the game scheduled for Nov 1, 2025?",Washington St.,sports,0.635,144.67,0
"Which college football team, UCF or Houston, will win the Houston at UCF game scheduled for Nov 7, 2025?",Houston,sports,0.495,124.28,1
"Which college football team, UCF or Houston, will win the Houston at UCF game scheduled for Nov 7, 2025?",UCF,sports,0.505,124.28,0
"Which professional baseball team, Houston or Cleveland, will win the Cleveland at Houston game scheduled for Jul 7, 2025?",Cleveland,sports,0.405,15.03,1
"Which professional baseball team, Houston or Cleveland, will win the Cleveland at Houston game scheduled for Jul 7, 2025?",Houston,sports,0.595,15.03,0
"What action will the Federal Reserve take regarding its policy interest rate at the meeting on Oct 29, 2025?",Cut 25bps,finance,0.865,500.89,1
"What action will the Federal Reserve take regarding its policy interest rate at the meeting on Oct 29, 2025?",Cut >25bps,finance,0.045,500.89,0
"What action will the Federal Reserve take regarding its policy interest rate at the meeting on Oct 29, 2025?",Fed maintains rate,finance,0.085,500.89,0
"What action will the Federal Reserve take regarding its policy interest rate at the meeting on Oct 29, 2025?",Hike 25bps,finance,0.005,500.89,0
"What action will the Federal Reserve take regarding its policy interest rate at the meeting on Oct 29, 2025?",Hike >25bps,finance,0.005,500.89,0
"Which professional baseball team, Boston or New York Y, will win the game scheduled for Oct 1, 2025?",Boston,sports,0.385,12.39,0
"Which professional baseball team, Boston or New York Y, will win the game scheduled for Oct 1, 2025?",New York Y,sports,0.625,12.39,1
"Which professional baseball team, Los Angeles D or Philadelphia, will win Game 1 of their matchup scheduled for Oct 4, 2025?",Los Angeles D,sports,0.48,15.81,1
"Which professional baseball team, Los Angeles D or Philadelphia, will win Game 1 of their matchup scheduled for Oct 4, 2025?",Philadelphia,sports,0.505,15.81,0
"Which party, Drake or Universal Music Group (UMG), will be held liable in the lawsuit between Drake and UMG by Dec 31, 2026?",Before 2027,culture,0.045,15.82,0
"Which professional hockey team, San Jose or Vegas, will win the game scheduled for Oct 3, 2025?",San Jose,sports,0.275,7.15,1
"Which professional hockey team, San Jose or Vegas, will win the game scheduled for Oct 3, 2025?",Vegas,sports,0.695,7.15,0
"Which professional football team, Tennessee or New England, will win the game scheduled for Oct 19, 2025?",New England,sports,0.705,257.54,1
"Which professional football team, Tennessee or New England, will win the game scheduled for Oct 19, 2025?",Tennessee,sports,0.31,257.54,0
"Which college football team, Akron or Duquesne, will win the game at Akron scheduled for Sep 20, 2025?",Akron,sports,0.755,6.32,1
"Which college football team, Akron or Duquesne, will win the game at Akron scheduled for Sep 20, 2025?",Duquesne,sports,0.255,6.32,0
"Which professional UCL soccer team, Monaco or Manchester City, will win the match scheduled for Oct 1, 2025 after 90 minutes plus stoppage time (excluding extra time and penalties)?",Manchester City,sports,0.585,130.0,0
"Which professional UCL soccer team, Monaco or Manchester City, will win the match scheduled for Oct 1, 2025 after 90 minutes plus stoppage time (excluding extra time and penalties)?",Monaco,sports,0.19,130.0,0
"Which professional UCL soccer team, Monaco or Manchester City, will win the match scheduled for Oct 1, 2025 after 90 minutes plus stoppage time (excluding extra time and penalties)?",Tie,sports,0.22,130.0,1
"Which professional women's basketball team, Las Vegas or Dallas, will win the game scheduled for Jul 16, 2025?",Dallas,sports,0.33,38.16,0
"Which professional women's basketball team, Las Vegas or Dallas, will win the game scheduled for Jul 16, 2025?",Las Vegas,sports,0.67,38.16,1
"Which professional baseball team, Washington or Atlanta, will win the game scheduled for May 21, 2025?",Atlanta,sports,0.54,503.11,1
"Which professional baseball team, Washington or Atlanta, will win the game scheduled for May 21, 2025?",Washington,sports,0.44,503.11,0
"Will the film ""The Long Walk"" have a Rotten Tomatoes Tomatometer score above 45 on Sep 15, 2025 at 10:00 AM ET?",Above 45,culture,0.995,75.4,1
"Will the film ""The Long Walk"" have a Rotten Tomatoes Tomatometer score above 45 on Sep 15, 2025 at 10:00 AM ET?",Above 60,culture,0.995,75.4,1
"Will the film ""The Long Walk"" have a Rotten Tomatoes Tomatometer score above 45 on Sep 15, 2025 at 10:00 AM ET?",Above 75,culture,0.995,75.4,1
"Will the film ""The Long Walk"" have a Rotten Tomatoes Tomatometer score above 45 on Sep 15, 2025 at 10:00 AM ET?",Above 80,culture,0.995,75.4,1
"Will the film ""The Long Walk"" have a Rotten Tomatoes Tomatometer score above 45 on Sep 15, 2025 at 10:00 AM ET?",Above 85,culture,0.985,75.4,1
"Will the film ""The Long Walk"" have a Rotten Tomatoes Tomatometer score above 45 on Sep 15, 2025 at 10:00 AM ET?",Above 87,culture,0.935,75.4,1
"Will the film ""The Long Walk"" have a Rotten Tomatoes Tomatometer score above 45 on Sep 15, 2025 at 10:00 AM ET?",Above 90,culture,0.625,75.4,0
"Will the film ""The Long Walk"" have a Rotten Tomatoes Tomatometer score above 45 on Sep 15, 2025 at 10:00 AM ET?",Above 92,culture,0.36,75.4,0
"Will the film ""The Long Walk"" have a Rotten Tomatoes Tomatometer score above 45 on Sep 15, 2025 at 10:00 AM ET?",Above 95,culture,0.005,75.4,0
"Will the film ""The Long Walk"" have a Rotten Tomatoes Tomatometer score above 45 on Sep 15, 2025 at 10:00 AM ET?",Above 97,culture,0.005,75.4,0
"Which professional basketball team, Washington or Charlotte, will win the game scheduled for Oct 26, 2025?",Charlotte,sports,0.525,46.22,1
"Which professional basketball team, Washington or Charlotte, will win the game scheduled for Oct 26, 2025?",Washington,sports,0.525,46.22,0
"Which professional football team, Philadelphia or New York G, will win the game scheduled for Oct 26, 2025 in Philadelphia?",New York G,sports,0.215,283.89,0
"Which professional football team, Philadelphia or New York G, will win the game scheduled for Oct 26, 2025 in Philadelphia?",Philadelphia,sports,0.8,283.89,1
"Which professional MMA fighter, Jhonata Diniz or Alvin Hines, will win the Diniz vs Hines fight scheduled for Jun 28, 2025 (UFC 317)?",Alvin Hines,sports,0.215,6.81,0
"Which professional MMA fighter, Jhonata Diniz or Alvin Hines, will win the Diniz vs Hines fight scheduled for Jun 28, 2025 (UFC 317)?",Jhonata Diniz,sports,0.785,6.81,1
"Which college football team, Middle Tennessee or Jacksonville St., will win the game scheduled for Oct 29, 2025?",Jacksonville St.,sports,0.68,73.68,1
"Which college football team, Middle Tennessee or Jacksonville St., will win the game scheduled for Oct 29, 2025?",Middle Tennessee,sports,0.32,73.68,0
"Which college football team, Georgia or Kentucky, will win the Kentucky at Georgia game scheduled for Oct 4, 2025?",Georgia,sports,0.865,163.37,1
"Which college football team, Georgia or Kentucky, will win the Kentucky at Georgia game scheduled for Oct 4, 2025?",Kentucky,sports,0.14,163.37,0
"How many songs by Taylor Swift will be in the Billboard Hot 100's top 10 on the Billboard chart dated Oct 25, 2025?",Exactly 1 song,culture,0.005,162.16,0
"How many songs by Taylor Swift will be in the Billboard Hot 100's top 10 on the Billboard chart dated Oct 25, 2025?",Exactly 10 songs,culture,0.02,162.16,0
"How many songs by Taylor Swift will be in the Billboard Hot 100's top 10 on the Billboard chart dated Oct 25, 2025?",Exactly 2 songs,culture,0.005,162.16,0
"How many songs by Taylor Swift will be in the Billboard Hot 100's top 10 on the Billboard chart dated Oct 25, 2025?",Exactly 3 songs,culture,0.005,162.16,0
"How many songs by Taylor Swift will be in the Billboard Hot 100's top 10 on the Billboard chart dated Oct 25, 2025?",Exactly 4 songs,culture,0.005,162.16,0
"How many songs by Taylor Swift will be in the Billboard Hot 100's top 10 on the Billboard chart dated Oct 25, 2025?",Exactly 5 songs,culture,0.005,162.16,0
"How many songs by Taylor Swift will be in the Billboard Hot 100's top 10 on the Billboard chart dated Oct 25, 2025?",Exactly 6 songs,culture,0.01,162.16,0
"How many songs by Taylor Swift will be in the Billboard Hot 100's top 10 on the Billboard chart dated Oct 25, 2025?",Exactly 7 songs,culture,0.06,162.16,0
"How many songs by Taylor Swift will be in the Billboard Hot 100's top 10 on the Billboard chart dated Oct 25, 2025?",Exactly 8 songs,culture,0.915,162.16,1
"How many songs by Taylor Swift will be in the Billboard Hot 100's top 10 on the Billboard chart dated Oct 25, 2025?",Exactly 9 songs,culture,0.025,162.16,0
What will the announcers say during the Washington at Kansas City pro football game?,Barbecue / Barbeque,other,0.05,11.11,0
What will the announcers say during the Washington at Kansas City pro football game?,Concussion Protocol,other,0.02,11.11,0
What will the announcers say during the Washington at Kansas City pro football game?,Down to the wire,other,0.095,11.11,0
What will the announcers say during the Washington at Kansas City pro football game?,Ejected / Ejection,other,0.025,11.11,0
What will the announcers say during the Washington at Kansas City pro football game?,Engaged / Engagement,other,0.375,11.11,0
What will the announcers say during the Washington at Kansas City pro football game?,Facemask / Face Mask,other,0.22,11.11,0
What will the announcers say during the Washington at Kansas City pro football game?,Fumble,other,0.995,11.11,1
What will the announcers say during the Washington at Kansas City pro football game?,Hail Mary,other,0.09,11.11,0
What will the announcers say during the Washington at Kansas City pro football game?,Inch / Inches,other,0.995,11.11,1
What will the announcers say during the Washington at Kansas City pro football game?,Intentional Grounding,other,0.995,11.11,1
What will the announcers say during the Washington at Kansas City pro football game?,Late Hit,other,0.095,11.11,0
What will the announcers say during the Washington at Kansas City pro football game?,Miracle,other,0.48,11.11,0
What will the announcers say during the Washington at Kansas City pro football game?,One Handed,other,0.13,11.11,0
What will the announcers say during the Washington at Kansas City pro football game?,Overtime,other,0.185,11.11,0
What will the announcers say during the Washington at Kansas City pro football game?,Pick Six,other,0.43,11.11,0
What will the announcers say during the Washington at Kansas City pro football game?,Pylon,other,0.16,11.11,0
What will the announcers say during the Washington at Kansas City pro football game?,Roughing the Passer,other,0.465,11.11,0
What will the announcers say during the Washington at Kansas City pro football game?,Safety,other,0.995,11.11,1
What will the announcers say during the Washington at Kansas City pro football game?,Showgirl,other,0.045,11.11,0
What will the announcers say during the Washington at Kansas City pro football game?,Speed,other,0.995,11.11,1
What will the announcers say during the Washington at Kansas City pro football game?,Stuffed,other,0.16,11.11,0
What will the announcers say during the Washington at Kansas City pro football game?,Superbowl / Super Bowl,other,0.995,11.11,1
What will the announcers say during the Washington at Kansas City pro football game?,Taylor / Swift,other,0.995,11.11,1
What will the announcers say during the Washington at Kansas City pro football game?,Tie,other,0.995,11.11,1
What will the announcers say during the Washington at Kansas City pro football game?,Turf,other,0.08,11.11,0
What will the announcers say during the Washington at Kansas City pro football game?,Veteran,other,0.185,11.11,0
What will the announcers say during the Washington at Kansas City pro football game?,What a catch,other,0.995,11.11,1
What will the announcers say during the Washington at Kansas City pro football game?,Wild,other,0.105,11.11,0
"Which college football team, Pittsburgh or Louisville, will win the game scheduled for Sep 27, 2025, at Pittsburgh?",Louisville,sports,0.635,81.74,1
"Which college football team, Pittsburgh or Louisville, will win the game scheduled for Sep 27, 2025, at Pittsburgh?",Pittsburgh,sports,0.365,81.74,0
Will Oscar Piastri finish in the top three (podium) at the Azerbaijan Grand Prix 2025?,Alexander Albon,sports,0.02,19.15,0
Will Oscar Piastri finish in the top three (podium) at the Azerbaijan Grand Prix 2025?,Andrea Kimi Antonelli,sports,0.06,19.15,0
Will Oscar Piastri finish in the top three (podium) at the Azerbaijan Grand Prix 2025?,Carlos Sainz Jr.,sports,0.12,19.15,1
Will Oscar Piastri finish in the top three (podium) at the Azerbaijan Grand Prix 2025?,Charles Leclerc,sports,0.155,19.15,0
Will Oscar Piastri finish in the top three (podium) at the Azerbaijan Grand Prix 2025?,Esteban Ocon,sports,0.005,19.15,0
Will Oscar Piastri finish in the top three (podium) at the Azerbaijan Grand Prix 2025?,Fernando Alonso,sports,0.02,19.15,0
Will Oscar Piastri finish in the top three (podium) at the Azerbaijan Grand Prix 2025?,Franco Colapinto,sports,0.005,19.15,0
Will Oscar Piastri finish in the top three (podium) at the Azerbaijan Grand Prix 2025?,Gabriel Bortoleto,sports,0.02,19.15,0
Will Oscar Piastri finish in the top three (podium) at the Azerbaijan Grand Prix 2025?,George Russell,sports,0.365,19.15,1
Will Oscar Piastri finish in the top three (podium) at the Azerbaijan Grand Prix 2025?,Isack Hadjar,sports,0.03,19.15,0
Will Oscar Piastri finish in the top three (podium) at the Azerbaijan Grand Prix 2025?,Lance Stroll,sports,0.005,19.15,0
Will Oscar Piastri finish in the top three (podium) at the Azerbaijan Grand Prix 2025?,Lando Norris,sports,0.71,19.15,0
Will Oscar Piastri finish in the top three (podium) at the Azerbaijan Grand Prix 2025?,Lewis Hamilton,sports,0.105,19.15,0
Will Oscar Piastri finish in the top three (podium) at the Azerbaijan Grand Prix 2025?,Liam Lawson,sports,0.035,19.15,0
Will Oscar Piastri finish in the top three (podium) at the Azerbaijan Grand Prix 2025?,Max Verstappen,sports,0.895,19.15,1
Will Oscar Piastri finish in the top three (podium) at the Azerbaijan Grand Prix 2025?,Nico Hulkenberg,sports,0.005,19.15,0
Will Oscar Piastri finish in the top three (podium) at the Azerbaijan Grand Prix 2025?,Oliver Bearman,sports,0.005,19.15,0
Will Oscar Piastri finish in the top three (podium) at the Azerbaijan Grand Prix 2025?,Oscar Piastri,sports,0.585,19.15,0
Will Oscar Piastri finish in the top three (podium) at the Azerbaijan Grand Prix 2025?,Pierre Gasly,sports,0.005,19.15,0
Will Oscar Piastri finish in the top three (podium) at the Azerbaijan Grand Prix 2025?,Yuki Tsunoda,sports,0.02,19.15,0
"What action will the Federal Reserve take regarding the target federal funds rate at its policy decision on September 17, 2025?",Cut 25bps,finance,0.865,224.89,1
"What action will the Federal Reserve take regarding the target federal funds rate at its policy decision on September 17, 2025?",Cut >25bps,finance,0.105,224.89,0
"What action will the Federal Reserve take regarding the target federal funds rate at its policy decision on September 17, 2025?",Fed maintains rate,finance,0.045,224.89,0
"What action will the Federal Reserve take regarding the target federal funds rate at its policy decision on September 17, 2025?",Hike 25bps,finance,0.005,224.89,0
"What action will the Federal Reserve take regarding the target federal funds rate at its policy decision on September 17, 2025?",Hike >25bps,finance,0.005,224.89,0
"Which college football team, Akron or UMass, will win the UMass at Akron game scheduled for Nov 4, 2025?",Akron,sports,0.785,51.17,1
"Which college football team, Akron or UMass, will win the UMass at Akron game scheduled for Nov 4, 2025?",UMass,sports,0.215,51.17,0
"Which college football team, Appalachian St. or Georgia Southern, will win the Georgia Southern at Appalachian St. college football game scheduled for Nov 6, 2025?",Appalachian St.,sports,0.675,100.3,0
"Which college football team, Appalachian St. or Georgia Southern, will win the Georgia Southern at Appalachian St. college football game scheduled for Nov 6, 2025?",Georgia Southern,sports,0.325,100.3,1
What will the announcers say during the Kansas City at Jacksonville Pro football game?,Concussion Protocol,politics,0.005,6.65,0
What will the announcers say during the Kansas City at Jacksonville Pro football game?,Face Mask / Facemask,politics,0.005,6.65,0
What will the announcers say during the Kansas City at Jacksonville Pro football game?,Fumble,politics,0.995,6.65,1
What will the announcers say during the Kansas City at Jacksonville Pro football game?,Hail Mary,politics,0.005,6.65,0
What will the announcers say during the Kansas City at Jacksonville Pro football game?,Inch / Inches,politics,0.005,6.65,0
What will the announcers say during the Kansas City at Jacksonville Pro football game?,Intentional Grounding,politics,0.005,6.65,0
What will the announcers say during the Kansas City at Jacksonville Pro football game?,Late Hit,politics,0.005,6.65,0
What will the announcers say during the Kansas City at Jacksonville Pro football game?,Miracle,politics,0.005,6.65,0
What will the announcers say during the Kansas City at Jacksonville Pro football game?,One Handed,politics,0.005,6.65,0
What will the announcers say during the Kansas City at Jacksonville Pro football game?,Onside Kick,politics,0.005,6.65,0
What will the announcers say during the Kansas City at Jacksonville Pro football game?,Overtime,politics,0.005,6.65,0
What will the announcers say during the Kansas City at Jacksonville Pro football game?,Pick Six,politics,0.995,6.65,1
What will the announcers say during the Kansas City at Jacksonville Pro football game?,Pylon,politics,0.005,6.65,0
What will the announcers say during the Kansas City at Jacksonville Pro football game?,Rashee Rice,politics,0.005,6.65,0
What will the announcers say during the Kansas City at Jacksonville Pro football game?,Roughing the Passer,politics,0.045,6.65,0
What will the announcers say during the Kansas City at Jacksonville Pro football game?,Safety,politics,0.995,6.65,1
What will the announcers say during the Kansas City at Jacksonville Pro football game?,Taunting,politics,0.005,6.65,0
What will the announcers say during the Kansas City at Jacksonville Pro football game?,Taylor Swift,politics,0.04,6.65,0
What will the announcers say during the Kansas City at Jacksonville Pro football game?,Turf,politics,0.045,6.65,0
What will the announcers say during the Kansas City at Jacksonville Pro football game?,Wild,politics,0.005,6.65,0
"Will any MrBeast video uploaded in September 2025 receive more than 100 million views seven days after its upload (measured at 10:00 AM ET on the seventh day), before Oct 1, 2025?",In 2025,culture,0.225,253.38,0
"Will the Associated Press (AP) make its first definitive call of a winner in the 2025 New York City mayoral election before 9:05 PM ET on Nov 4, 2025?",Before 10:00 PM ET,other,0.28,146.2,1
"Will the Associated Press (AP) make its first definitive call of a winner in the 2025 New York City mayoral election before 9:05 PM ET on Nov 4, 2025?",Before 10:30 PM ET,other,0.325,146.2,1
"Will the Associated Press (AP) make its first definitive call of a winner in the 2025 New York City mayoral election before 9:05 PM ET on Nov 4, 2025?",Before 11:00 PM ET,other,0.53,146.2,1
"Will the Associated Press (AP) make its first definitive call of a winner in the 2025 New York City mayoral election before 9:05 PM ET on Nov 4, 2025?",Before 11:30 PM ET,other,0.54,146.2,1
"Will the Associated Press (AP) make its first definitive call of a winner in the 2025 New York City mayoral election before 9:05 PM ET on Nov 4, 2025?",Before 12:00 AM ET,other,0.755,146.2,1
"Will the Associated Press (AP) make its first definitive call of a winner in the 2025 New York City mayoral election before 9:05 PM ET on Nov 4, 2025?",Before 3:00 AM ET,other,0.865,146.2,1
"Will the Associated Press (AP) make its first definitive call of a winner in the 2025 New York City mayoral election before 9:05 PM ET on Nov 4, 2025?",Before 9:05 PM ET,other,0.1,146.2,0
"Will the Associated Press (AP) make its first definitive call of a winner in the 2025 New York City mayoral election before 9:05 PM ET on Nov 4, 2025?",Before 9:30 PM ET,other,0.11,146.2,0
"Which college football team, Old Dominion or Liberty, will win the game scheduled for Sep 27, 2025?",Liberty,sports,0.145,40.4,0
"Which college football team, Old Dominion or Liberty, will win the game scheduled for Sep 27, 2025?",Old Dominion,sports,0.855,40.4,1
Who will be ranked the #1 player in men's professional football by NFL.com in 2025?,A.J. Brown,other,0.025,1134.25,0
Who will be ranked the #1 player in men's professional football by NFL.com in 2025?,Aidan Hutchinson,other,0.025,1134.25,0
Who will be ranked the #1 player in men's professional football by NFL.com in 2025?,Brock Bowers,other,0.025,1134.25,0
Who will be ranked the #1 player in men's professional football by NFL.com in 2025?,CeeDee Lamb,other,0.025,1134.25,0
Who will be ranked the #1 player in men's professional football by NFL.com in 2025?,Creed Humphrey,other,0.025,1134.25,0
Who will be ranked the #1 player in men's professional football by NFL.com in 2025?,Derek Stingley Jr.,other,0.025,1134.25,0
Who will be ranked the #1 player in men's professional football by NFL.com in 2025?,Derrick Henry,other,0.025,1134.25,0
Who will be ranked the #1 player in men's professional football by NFL.com in 2025?,Dexter Lawrence,other,0.025,1134.25,0
Who will be ranked the #1 player in men's professional football by NFL.com in 2025?,Fred Warner,other,0.025,1134.25,0
Who will be ranked the #1 player in men's professional football by NFL.com in 2025?,George Kittle,other,0.025,1134.25,0
Who will be ranked the #1 player in men's professional football by NFL.com in 2025?,Ja'Marr Chase,other,0.03,1134.25,0
Who will be ranked the #1 player in men's professional football by NFL.com in 2025?,Jahmyr Gibbs,other,0.025,1134.25,0
Who will be ranked the #1 player in men's professional football by NFL.com in 2025?,Jalen Carter,other,0.025,1134.25,0
Who will be ranked the #1 player in men's professional football by NFL.com in 2025?,Jayden Daniels,other,0.025,1134.25,0
Who will be ranked the #1 player in men's professional football by NFL.com in 2025?,Joe Burrow,other,0.025,1134.25,0
Who will be ranked the #1 player in men's professional football by NFL.com in 2025?,Jordan Mailata,other,0.025,1134.25,0
Who will be ranked the #1 player in men's professional football by NFL.com in 2025?,Josh Allen,other,0.26,1134.25,0
Who will be ranked the #1 player in men's professional football by NFL.com in 2025?,Justin Jefferson,other,0.025,1134.25,0
Who will be ranked the #1 player in men's professional football by NFL.com in 2025?,Lamar Jackson,other,0.21,1134.25,0
Who will be ranked the #1 player in men's professional football by NFL.com in 2025?,Lane Johnson,other,0.025,1134.25,0
Who will be ranked the #1 player in men's professional football by NFL.com in 2025?,Maxx Crosby,other,0.025,1134.25,0
Who will be ranked the #1 player in men's professional football by NFL.com in 2025?,Micah Parsons,other,0.025,1134.25,0
Who will be ranked the #1 player in men's professional football by NFL.com in 2025?,Myles Garrett,other,0.035,1134.25,0
Who will be ranked the #1 player in men's professional football by NFL.com in 2025?,Nick Bosa,other,0.025,1134.25,0
Who will be ranked the #1 player in men's professional football by NFL.com in 2025?,Patrick Mahomes,other,0.13,1134.25,0
Who will be ranked the #1 player in men's professional football by NFL.com in 2025?,Patrick Surtain II,other,0.025,1134.25,0
Who will be ranked the #1 player in men's professional football by NFL.com in 2025?,Penei Sewell,other,0.025,1134.25,0
Who will be ranked the #1 player in men's professional football by NFL.com in 2025?,Saquon Barkley,other,0.28,1134.25,1
Who will be ranked the #1 player in men's professional football by NFL.com in 2025?,Sauce Gardner,other,0.025,1134.25,0
Who will be ranked the #1 player in men's professional football by NFL.com in 2025?,T.J. Watt,other,0.025,1134.25,0
Who will be ranked the #1 player in men's professional football by NFL.com in 2025?,Trent Williams,other,0.025,1134.25,0
Who will be ranked the #1 player in men's professional football by NFL.com in 2025?,Trey Hendrickson,other,0.025,1134.25,0
Who will be ranked the #1 player in men's professional football by NFL.com in 2025?,Tristan Wirfs,other,0.025,1134.25,0
Who will be ranked the #1 player in men's professional football by NFL.com in 2025?,Tyreek Hill,other,0.045,1134.25,0
"Which professional baseball team, Seattle or Detroit, will win Game 3 of the Seattle vs Detroit series scheduled for Oct 7, 2025?",Detroit,sports,0.475,73.13,0
"Which professional baseball team, Seattle or Detroit, will win Game 3 of the Seattle vs Detroit series scheduled for Oct 7, 2025?",Seattle,sports,0.525,73.13,1
"Which college football team, Western Michigan or North Texas, will win the game scheduled for Sep 6, 2025?",North Texas,sports,0.76,143.03,1
"Which college football team, Western Michigan or North Texas, will win the game scheduled for Sep 6, 2025?",Western Michigan,sports,0.24,143.03,0
"Will any MrBeast video uploaded in September 2025 receive more than 100 million views seven days after its upload (measured at 10:00 AM ET on the seventh day), before Oct 1, 2025?",In 2025,culture,0.41,548.38,0
"Which professional football team, Washington or New York G, will win the game scheduled for Sep 7, 2025?",New York G,sports,0.295,44.2,0
"Which professional football team, Washington or New York G, will win the game scheduled for Sep 7, 2025?",Washington,sports,0.705,44.2,1
What will Trump say during his meeting with the President of Syria?,Ballroom,other,0.005,14.89,0
What will Trump say during his meeting with the President of Syria?,Biden,other,0.005,14.89,0
What will Trump say during his meeting with the President of Syria?,Border,other,0.005,14.89,0
What will Trump say during his meeting with the President of Syria?,Ceasefire,other,0.005,14.89,0
What will Trump say during his meeting with the President of Syria?,China,other,0.005,14.89,0
What will Trump say during his meeting with the President of Syria?,Communist / Communism,other,0.005,14.89,0
What will Trump say during his meeting with the President of Syria?,Crypto / Bitcoin,other,0.005,14.89,0
What will Trump say during his meeting with the President of Syria?,Democrat,other,0.005,14.89,0
What will Trump say during his meeting with the President of Syria?,Hottest,other,0.005,14.89,0
What will Trump say during his meeting with the President of Syria?,Illegal Alien,other,0.005,14.89,0
What will Trump say during his meeting with the President of Syria?,Inflation,other,0.005,14.89,0
What will Trump say during his meeting with the President of Syria?,Investment,other,0.005,14.89,0
What will Trump say during his meeting with the President of Syria?,Middle East,other,0.005,14.89,0
What will Trump say during his meeting with the President of Syria?,Negotiate / Negotiation,other,0.005,14.89,0
What will Trump say during his meeting with the President of Syria?,New York / Mayor,other,0.005,14.89,0
What will Trump say during his meeting with the President of Syria?,Nuclear,other,0.005,14.89,0
What will Trump say during his meeting with the President of Syria?,Oil,other,0.005,14.89,0
What will Trump say during his meeting with the President of Syria?,Putin,other,0.005,14.89,0
What will Trump say during his meeting with the President of Syria?,Sanction,other,0.005,14.89,0
What will Trump say during his meeting with the President of Syria?,Shutdown / Shut Down,other,0.005,14.89,0
What will Trump say during his meeting with the President of Syria?,Stock Market,other,0.005,14.89,0
What will Trump say during his meeting with the President of Syria?,Tax,other,0.005,14.89,0
What will Trump say during his meeting with the President of Syria?,Trillion,other,0.005,14.89,0
What will Trump say during his meeting with the President of Syria?,Trump,other,0.005,14.89,0
"Will Jimmy Kimmel issue a public apology for comments made during his opening monologue on September 15, 2025 before Sep 29, 2025?",Yes,other,0.005,15.39,0
"Which professional MMA fighter, Magomed Ankalaev or Alex Pereira, will win the Ankalaev vs Pereira fight scheduled for Oct 4, 2025 (UFC 320)?",Alex Pereira,sports,0.31,27.09,1
"Which professional MMA fighter, Magomed Ankalaev or Alex Pereira, will win the Ankalaev vs Pereira fight scheduled for Oct 4, 2025 (UFC 320)?",Magomed Ankalaev,sports,0.695,27.09,0
"Will the film ""Superman"" have a Rotten Tomatoes Tomatometer score above 45 on Jul 14, 2025 at 10:00 AM ET?",Above 45,culture,0.975,601.97,1
"Will the film ""Superman"" have a Rotten Tomatoes Tomatometer score above 45 on Jul 14, 2025 at 10:00 AM ET?",Above 60,culture,0.92,601.97,1
"Will the film ""Superman"" have a Rotten Tomatoes Tomatometer score above 45 on Jul 14, 2025 at 10:00 AM ET?",Above 65,culture,0.915,601.97,1
"Will the film ""Superman"" have a Rotten Tomatoes Tomatometer score above 45 on Jul 14, 2025 at 10:00 AM ET?",Above 70,culture,0.85,601.97,1
"Will the film ""Superman"" have a Rotten Tomatoes Tomatometer score above 45 on Jul 14, 2025 at 10:00 AM ET?",Above 75,culture,0.74,601.97,1
"Will the film ""Superman"" have a Rotten Tomatoes Tomatometer score above 45 on Jul 14, 2025 at 10:00 AM ET?",Above 80,culture,0.68,601.97,1
"Will the film ""Superman"" have a Rotten Tomatoes Tomatometer score above 45 on Jul 14, 2025 at 10:00 AM ET?",Above 85,culture,0.52,601.97,0
"Will the film ""Superman"" have a Rotten Tomatoes Tomatometer score above 45 on Jul 14, 2025 at 10:00 AM ET?",Above 90,culture,0.275,601.97,0
"Will the film ""Superman"" have a Rotten Tomatoes Tomatometer score above 45 on Jul 14, 2025 at 10:00 AM ET?",Above 95,culture,0.075,601.97,0
"Which of the listed celebrities (Drake, Nicki Minaj, 21 Savage, Post Malone, LeBron James, Timothée Chalamet, Odell Beckham Jr., MrBeast, Michael B. Jordan, Zendaya) will attend Kai Cenat’s ‘Mafiathon 3’ stream?",21 Savage,culture,0.11,38.31,0
"Which of the listed celebrities (Drake, Nicki Minaj, 21 Savage, Post Malone, LeBron James, Timothée Chalamet, Odell Beckham Jr., MrBeast, Michael B. Jordan, Zendaya) will attend Kai Cenat’s ‘Mafiathon 3’ stream?",Drake,culture,0.075,38.31,0
"Which of the listed celebrities (Drake, Nicki Minaj, 21 Savage, Post Malone, LeBron James, Timothée Chalamet, Odell Beckham Jr., MrBeast, Michael B. Jordan, Zendaya) will attend Kai Cenat’s ‘Mafiathon 3’ stream?",Michael B. Jordan,culture,0.09,38.31,0
"Which of the listed celebrities (Drake, Nicki Minaj, 21 Savage, Post Malone, LeBron James, Timothée Chalamet, Odell Beckham Jr., MrBeast, Michael B. Jordan, Zendaya) will attend Kai Cenat’s ‘Mafiathon 3’ stream?",MrBeast,culture,0.17,38.31,0
"Which of the listed celebrities (Drake, Nicki Minaj, 21 Savage, Post Malone, LeBron James, Timothée Chalamet, Odell Beckham Jr., MrBeast, Michael B. Jordan, Zendaya) will attend Kai Cenat’s ‘Mafiathon 3’ stream?",Nicki Minaj,culture,0.09,38.31,0
"Which of the listed celebrities (Drake, Nicki Minaj, 21 Savage, Post Malone, LeBron James, Timothée Chalamet, Odell Beckham Jr., MrBeast, Michael B. Jordan, Zendaya) will attend Kai Cenat’s ‘Mafiathon 3’ stream?",Odell Beckham Jr.,culture,0.055,38.31,0
"Which of the listed celebrities (Drake, Nicki Minaj, 21 Savage, Post Malone, LeBron James, Timothée Chalamet, Odell Beckham Jr., MrBeast, Michael B. Jordan, Zendaya) will attend Kai Cenat’s ‘Mafiathon 3’ stream?",Post Malone,culture,0.06,38.31,0
"Which of the listed celebrities (Drake, Nicki Minaj, 21 Savage, Post Malone, LeBron James, Timothée Chalamet, Odell Beckham Jr., MrBeast, Michael B. Jordan, Zendaya) will attend Kai Cenat’s ‘Mafiathon 3’ stream?",Timothée Chalamet,culture,0.05,38.31,0
"Which of the listed celebrities (Drake, Nicki Minaj, 21 Savage, Post Malone, LeBron James, Timothée Chalamet, Odell Beckham Jr., MrBeast, Michael B. Jordan, Zendaya) will attend Kai Cenat’s ‘Mafiathon 3’ stream?",Zendaya,culture,0.035,38.31,0
"Will the Henry Hub spot price of natural gas, as reported daily by the U.S. Energy Information Administration (EIA), exceed $3.00 per million British thermal unit (MMBtu) on any day between January 7, 2025 and December 29, 2025?",$3.01 or above,finance,0.73,134.08,1
"Will the Henry Hub spot price of natural gas, as reported daily by the U.S. Energy Information Administration (EIA), exceed $3.00 per million British thermal unit (MMBtu) on any day between January 7, 2025 and December 29, 2025?",$4.01 or above,finance,0.575,134.08,1
"Which boxer, Jake Paul or Gervonta Davis, will win the boxing match scheduled for Nov 14, 2025?",Gervonta Davis,sports,0.485,264.53,0
"Which boxer, Jake Paul or Gervonta Davis, will win the boxing match scheduled for Nov 14, 2025?",Jake Paul,sports,0.43,264.53,0
"Will Jeff Probst say the word ""Puzzle"" during Survivor Season 49 Episode 3?",Alliance,politics,0.385,15.23,0
"Will Jeff Probst say the word ""Puzzle"" during Survivor Season 49 Episode 3?",Blindside / Blind Side,politics,0.38,15.23,0
"Will Jeff Probst say the word ""Puzzle"" during Survivor Season 49 Episode 3?",Bromance,politics,0.135,15.23,0
"Will Jeff Probst say the word ""Puzzle"" during Survivor Season 49 Episode 3?",Fake,politics,0.155,15.23,0
"Will Jeff Probst say the word ""Puzzle"" during Survivor Season 49 Episode 3?",Fire,politics,0.765,15.23,1
"Will Jeff Probst say the word ""Puzzle"" during Survivor Season 49 Episode 3?",Flint,politics,0.965,15.23,1
"Will Jeff Probst say the word ""Puzzle"" during Survivor Season 49 Episode 3?",Hungry / Hunger,politics,0.495,15.23,0
"Will Jeff Probst say the word ""Puzzle"" during Survivor Season 49 Episode 3?",Immunity Idol,politics,0.785,15.23,1
"Will Jeff Probst say the word ""Puzzle"" during Survivor Season 49 Episode 3?",Puzzle,politics,0.895,15.23,1
"Will Jeff Probst say the word ""Puzzle"" during Survivor Season 49 Episode 3?",Quit,politics,0.32,15.23,0
"Will Jeff Probst say the word ""Puzzle"" during Survivor Season 49 Episode 3?",Reward,politics,0.93,15.23,1
"Will Jeff Probst say the word ""Puzzle"" during Survivor Season 49 Episode 3?",Risk,politics,0.375,15.23,1
"Will Jeff Probst say the word ""Puzzle"" during Survivor Season 49 Episode 3?",Storm,politics,0.12,15.23,0
"Will Jeff Probst say the word ""Puzzle"" during Survivor Season 49 Episode 3?",Target,politics,0.315,15.23,0
"Will Jeff Probst say the word ""Puzzle"" during Survivor Season 49 Episode 3?",Trust,politics,0.57,15.23,0
"Will Jeff Probst say the word ""Puzzle"" during Survivor Season 49 Episode 3?",Unfair,politics,0.065,15.23,0
"Will Jeff Probst say the word ""Puzzle"" during Survivor Season 49 Episode 3?",Weak,politics,0.205,15.23,0
"Will the month-over-month percent change in the Personal Consumption Expenditures Price Index excluding food and energy (core PCE) for August 2025, rounded to a single decimal, be above 0.0% according to the Bureau of Economic Analysis?",Above 0.0%,finance,0.975,174.06,1
"Will the month-over-month percent change in the Personal Consumption Expenditures Price Index excluding food and energy (core PCE) for August 2025, rounded to a single decimal, be above 0.0% according to the Bureau of Economic Analysis?",Above 0.1%,finance,0.915,174.06,1
"Will the month-over-month percent change in the Personal Consumption Expenditures Price Index excluding food and energy (core PCE) for August 2025, rounded to a single decimal, be above 0.0% according to the Bureau of Economic Analysis?",Above 0.2%,finance,0.275,174.06,0
"Will the month-over-month percent change in the Personal Consumption Expenditures Price Index excluding food and energy (core PCE) for August 2025, rounded to a single decimal, be above 0.0% according to the Bureau of Economic Analysis?",Above 0.3%,finance,0.025,174.06,0
"Will the month-over-month percent change in the Personal Consumption Expenditures Price Index excluding food and energy (core PCE) for August 2025, rounded to a single decimal, be above 0.0% according to the Bureau of Economic Analysis?",Above 0.4%,finance,0.015,174.06,0
"Which professional baseball team, Washington or Cincinnati, will win the game scheduled for Jul 21, 2025?",Cincinnati,sports,0.55,14.02,0
"Which professional baseball team, Washington or Cincinnati, will win the game scheduled for Jul 21, 2025?",Washington,sports,0.45,14.02,1
"Which professional baseball team, Minnesota or Chicago C, will win the game scheduled for Jul 10, 2025?",Chicago C,sports,0.55,7.63,1
"Which professional baseball team, Minnesota or Chicago C, will win the game scheduled for Jul 10, 2025?",Minnesota,sports,0.45,7.63,0
"Which professional basketball team, Toronto or Dallas, will win the game scheduled for Oct 26, 2025?",Dallas,sports,0.52,49.38,1
"Which professional basketball team, Toronto or Dallas, will win the game scheduled for Oct 26, 2025?",Toronto,sports,0.52,49.38,0
"Which professional football team, Los Angeles C or Pittsburgh, will win the game scheduled for Nov 9, 2025?",Los Angeles C,sports,0.655,219.02,1
"Which professional football team, Los Angeles C or Pittsburgh, will win the game scheduled for Nov 9, 2025?",Pittsburgh,sports,0.345,219.02,0
"Which professional baseball team, Los Angeles D or Houston, will win the game scheduled for Jul 6, 2025?",Houston,sports,0.385,10.83,1
"Which professional baseball team, Los Angeles D or Houston, will win the game scheduled for Jul 6, 2025?",Los Angeles D,sports,0.61,10.83,0
"Which professional football team, Detroit or Tampa Bay, will win the game scheduled for Oct 20, 2025, in Detroit?",Detroit,sports,0.465,288.06,1
"Which professional football team, Detroit or Tampa Bay, will win the game scheduled for Oct 20, 2025, in Detroit?",Tampa Bay,sports,0.33,288.06,0
"Which professional baseball team, Philadelphia or Los Angeles D, will win the game scheduled for Oct 8, 2025?",Los Angeles D,sports,0.625,17.53,0
"Which professional baseball team, Philadelphia or Los Angeles D, will win the game scheduled for Oct 8, 2025?",Philadelphia,sports,0.375,17.53,1
Laver Cup,Team Europe,sports,0.005,9.16,0
Laver Cup,Team World,sports,0.995,9.16,1
"Which professional La Liga soccer team, Getafe or Levante, will win the match scheduled for Sep 27, 2025? (Result considered after 90 minutes plus stoppage time; excludes extra time and penalties.)",Getafe,sports,0.48,134.01,0
"Which professional La Liga soccer team, Getafe or Levante, will win the match scheduled for Sep 27, 2025? (Result considered after 90 minutes plus stoppage time; excludes extra time and penalties.)",Levante,sports,0.21,134.01,0
"Which professional La Liga soccer team, Getafe or Levante, will win the match scheduled for Sep 27, 2025? (Result considered after 90 minutes plus stoppage time; excludes extra time and penalties.)",Tie,sports,0.3,134.01,1
Laver Cup,Team Europe,sports,0.005,12.5,0
Laver Cup,Team World,sports,0.985,12.5,1
"Will Donald Trump say the word ""Maduro"" (including plural or possessive forms) at any time before Oct 27, 2025?",Barack Hussein Obama,other,0.355,130.44,1
"Will Donald Trump say the word ""Maduro"" (including plural or possessive forms) at any time before Oct 27, 2025?",Crypto / Bitcoin,other,0.215,130.44,1
"Will Donald Trump say the word ""Maduro"" (including plural or possessive forms) at any time before Oct 27, 2025?",Elon / Musk,other,0.285,130.44,0
"Will Donald Trump say the word ""Maduro"" (including plural or possessive forms) at any time before Oct 27, 2025?",Epstein,other,0.125,130.44,0
"Will Donald Trump say the word ""Maduro"" (including plural or possessive forms) at any time before Oct 27, 2025?",Ghislaine / Maxwell,other,0.135,130.44,0
"Will Donald Trump say the word ""Maduro"" (including plural or possessive forms) at any time before Oct 27, 2025?",Insurrection,other,0.81,130.44,1
"Will Donald Trump say the word ""Maduro"" (including plural or possessive forms) at any time before Oct 27, 2025?",Maduro,other,0.315,130.44,0
"Will Donald Trump say the word ""Maduro"" (including plural or possessive forms) at any time before Oct 27, 2025?",Marijuana / Weed / Cannabis,other,0.205,130.44,0
"Will Donald Trump say the word ""Maduro"" (including plural or possessive forms) at any time before Oct 27, 2025?",Newscum,other,0.445,130.44,0
"Will Donald Trump say the word ""Maduro"" (including plural or possessive forms) at any time before Oct 27, 2025?",Nine War,other,0.275,130.44,0
"Will Donald Trump say the word ""Maduro"" (including plural or possessive forms) at any time before Oct 27, 2025?",Predict / Prediction,other,0.345,130.44,1
"Will Donald Trump say the word ""Maduro"" (including plural or possessive forms) at any time before Oct 27, 2025?",Sleepy Joe,other,0.35,130.44,0
"Will Donald Trump say the word ""Maduro"" (including plural or possessive forms) at any time before Oct 27, 2025?",Slopadopoulos,other,0.975,130.44,1
"Will Donald Trump say the word ""Maduro"" (including plural or possessive forms) at any time before Oct 27, 2025?",Soros,other,0.415,130.44,0
"Will Donald Trump say the word ""Maduro"" (including plural or possessive forms) at any time before Oct 27, 2025?",TikTok,other,0.37,130.44,0
"Will Donald Trump say the word ""Maduro"" (including plural or possessive forms) at any time before Oct 27, 2025?",Zohran / Mamdani,other,0.625,130.44,0
"Which college football team, Northern Illinois or Ball St., will win the game scheduled for Oct 25, 2025?",Ball St.,sports,0.33,42.49,0
"Which college football team, Northern Illinois or Ball St., will win the game scheduled for Oct 25, 2025?",Northern Illinois,sports,0.655,42.49,1
"Which professional baseball team, Los Angeles D or Toronto, will win the Los Angeles D vs Toronto Game 1 scheduled for Oct 24, 2025?",Los Angeles D,sports,0.595,75.29,0
"Which professional baseball team, Los Angeles D or Toronto, will win the Los Angeles D vs Toronto Game 1 scheduled for Oct 24, 2025?",Toronto,sports,0.415,75.29,1
"Which college football team, Texas A&M or Auburn, will win the Auburn at Texas A&M game scheduled for Sep 27, 2025?",Auburn,sports,0.32,72.98,0
"Which college football team, Texas A&M or Auburn, will win the Auburn at Texas A&M game scheduled for Sep 27, 2025?",Texas A&M,sports,0.68,72.98,1
"Which college football team, East Carolina or BYU, will win the game scheduled for Sep 20, 2025?",BYU,sports,0.7,146.99,1
"Which college football team, East Carolina or BYU, will win the game scheduled for Sep 20, 2025?",East Carolina,sports,0.24,146.99,0
"Which professional football team, Washington or Las Vegas, will win the game scheduled for Sep 21, 2025?",Las Vegas,sports,0.275,235.99,0
"Which professional football team, Washington or Las Vegas, will win the game scheduled for Sep 21, 2025?",Washington,sports,0.725,235.99,1
"Will Charles Barkley say ""San Antonio"" during the NBA Tip-Off broadcast on October 29th?",Final,other,0.06,11.32,0
"Will Charles Barkley say ""San Antonio"" during the NBA Tip-Off broadcast on October 29th?",Gamble / Gambling,other,0.15,11.32,0
"Will Charles Barkley say ""San Antonio"" during the NBA Tip-Off broadcast on October 29th?",Haliburton,other,0.075,11.32,0
"Will Charles Barkley say ""San Antonio"" during the NBA Tip-Off broadcast on October 29th?",Lebron,other,0.995,11.32,1
"Will Charles Barkley say ""San Antonio"" during the NBA Tip-Off broadcast on October 29th?",MVP,other,0.12,11.32,0
"Will Charles Barkley say ""San Antonio"" during the NBA Tip-Off broadcast on October 29th?",Nuggets,other,0.21,11.32,0
"Will Charles Barkley say ""San Antonio"" during the NBA Tip-Off broadcast on October 29th?",Playoff,other,0.2,11.32,0
"Will Charles Barkley say ""San Antonio"" during the NBA Tip-Off broadcast on October 29th?",Ring,other,0.22,11.32,0
"Will Charles Barkley say ""San Antonio"" during the NBA Tip-Off broadcast on October 29th?",Rozier,other,0.105,11.32,0
"Will Charles Barkley say ""San Antonio"" during the NBA Tip-Off broadcast on October 29th?",San Antonio,other,0.16,11.32,0
"Will Charles Barkley say ""San Antonio"" during the NBA Tip-Off broadcast on October 29th?",Steph,other,0.1,11.32,0
"Will Charles Barkley say ""San Antonio"" during the NBA Tip-Off broadcast on October 29th?",Tatum,other,0.995,11.32,1
"Will Charles Barkley say ""San Antonio"" during the NBA Tip-Off broadcast on October 29th?",Trade,other,0.59,11.32,1
Will the U.S. federal budget deficit in fiscal year 2025 be smaller than the U.S. federal budget deficit in fiscal year 2024?,In fiscal year 2025,politics,0.77,186.17,1
"Which college football team, Coastal Carolina or Louisiana-Monroe, will win the game scheduled for Oct 11, 2025, at Coastal Carolina?",Coastal Carolina,sports,0.445,12.5,1
"Which college football team, Coastal Carolina or Louisiana-Monroe, will win the game scheduled for Oct 11, 2025, at Coastal Carolina?",Louisiana-Monroe,sports,0.56,12.5,0
"What will Hollow Knight: Silksong's Metacritic Metascore be seven days after the game's release, measured at 10:00 AM ET?",50 or greater,culture,0.965,6.9,1
"What will Hollow Knight: Silksong's Metacritic Metascore be seven days after the game's release, measured at 10:00 AM ET?",55 or greater,culture,0.965,6.9,1
"What will Hollow Knight: Silksong's Metacritic Metascore be seven days after the game's release, measured at 10:00 AM ET?",60 or greater,culture,0.965,6.9,1
"What will Hollow Knight: Silksong's Metacritic Metascore be seven days after the game's release, measured at 10:00 AM ET?",65 or greater,culture,0.965,6.9,1
"What will Hollow Knight: Silksong's Metacritic Metascore be seven days after the game's release, measured at 10:00 AM ET?",70 or greater,culture,0.985,6.9,1
"What will Hollow Knight: Silksong's Metacritic Metascore be seven days after the game's release, measured at 10:00 AM ET?",75 or greater,culture,0.99,6.9,1
"What will Hollow Knight: Silksong's Metacritic Metascore be seven days after the game's release, measured at 10:00 AM ET?",80 or greater,culture,0.96,6.9,1
"What will Hollow Knight: Silksong's Metacritic Metascore be seven days after the game's release, measured at 10:00 AM ET?",85 or greater,culture,0.98,6.9,1
"What will Hollow Knight: Silksong's Metacritic Metascore be seven days after the game's release, measured at 10:00 AM ET?",90 or greater,culture,0.8,6.9,1
"What will Hollow Knight: Silksong's Metacritic Metascore be seven days after the game's release, measured at 10:00 AM ET?",95 or greater,culture,0.015,6.9,0
"Which player, Aryna Sabalenka or Laura Siegemund, will advance past the quarterfinals (reach the semifinals or better) in the 2025 Wimbledon Women's Singles tournament?",Aryna Sabalenka,sports,0.93,27.59,1
"Which player, Aryna Sabalenka or Laura Siegemund, will advance past the quarterfinals (reach the semifinals or better) in the 2025 Wimbledon Women's Singles tournament?",Laura Siegemund,sports,0.075,27.59,0
"Which college football team, Notre Dame or Boise St., will win the game scheduled for Oct 4, 2025?",Boise St.,sports,0.095,29.9,0
"Which college football team, Notre Dame or Boise St., will win the game scheduled for Oct 4, 2025?",Notre Dame,sports,0.905,29.9,1
"Which professional tennis player, Diana Shnaider or Anna Kalinskaya, will win their round of 16 match at the 2025 WTA Tokyo tournament?",Anna Kalinskaya,sports,0.445,6.81,1
"Which professional tennis player, Diana Shnaider or Anna Kalinskaya, will win their round of 16 match at the 2025 WTA Tokyo tournament?",Diana Shnaider,sports,0.555,6.81,0
"Which professional football team, Detroit or Cleveland, will win the game scheduled for Sep 28, 2025?",Cleveland,sports,0.175,32.48,0
"Which professional football team, Detroit or Cleveland, will win the game scheduled for Sep 28, 2025?",Detroit,sports,0.825,32.48,1
"Which college football team, Mississippi St. or Tennessee, will win the game scheduled for Sep 27, 2025?",Mississippi St.,sports,0.295,8.48,0
"Which college football team, Mississippi St. or Tennessee, will win the game scheduled for Sep 27, 2025?",Tennessee,sports,0.715,8.48,1
"Which college football team, Oregon St. or Fresno St., will win the Fresno St. vs Oregon St. college football game scheduled for Sep 6, 2025?",Fresno St.,sports,0.425,119.22,1
"Which college football team, Oregon St. or Fresno St., will win the Fresno St. vs Oregon St. college football game scheduled for Sep 6, 2025?",Oregon St.,sports,0.575,119.22,0
"Which professional English Premier League (EPL) soccer team, Bournemouth or Fulham, will win the match scheduled for Oct 3, 2025 after 90 minutes plus stoppage time (excluding extra time and penalties)?",Bournemouth,sports,0.47,260.94,1
"Which professional English Premier League (EPL) soccer team, Bournemouth or Fulham, will win the match scheduled for Oct 3, 2025 after 90 minutes plus stoppage time (excluding extra time and penalties)?",Fulham,sports,0.26,260.94,0
"Which professional English Premier League (EPL) soccer team, Bournemouth or Fulham, will win the match scheduled for Oct 3, 2025 after 90 minutes plus stoppage time (excluding extra time and penalties)?",Tie,sports,0.27,260.94,0
"Which professional basketball team, Indiana or Oklahoma City, will win the game scheduled for Oct 23, 2025?",Indiana,sports,0.275,45.82,0
"Which professional basketball team, Indiana or Oklahoma City, will win the game scheduled for Oct 23, 2025?",Oklahoma City,sports,0.74,45.82,1
"How many album sales will 'AM I THE DRAMA?' have on the Hits Daily Double Top 50 Chart dated September 26, 2025?","At least 100,000 albums",culture,0.57,96.88,0
"How many album sales will 'AM I THE DRAMA?' have on the Hits Daily Double Top 50 Chart dated September 26, 2025?","At least 150,000 albums",culture,0.345,96.88,0
"How many album sales will 'AM I THE DRAMA?' have on the Hits Daily Double Top 50 Chart dated September 26, 2025?","At least 200,000 albums",culture,0.13,96.88,0
"How many album sales will 'AM I THE DRAMA?' have on the Hits Daily Double Top 50 Chart dated September 26, 2025?","At least 250,000 albums",culture,0.06,96.88,0
"How many album sales will 'AM I THE DRAMA?' have on the Hits Daily Double Top 50 Chart dated September 26, 2025?","At least 50,000 albums",culture,0.895,96.88,1
"Which candidate, Andrew Cuomo, Eric Adams, or Curtis Sliwa, will drop out of the New York City mayoral race before Nov 4, 2025?",Andrew Cuomo,politics,0.035,734.36,0
"Which candidate, Andrew Cuomo, Eric Adams, or Curtis Sliwa, will drop out of the New York City mayoral race before Nov 4, 2025?",Curtis Sliwa,politics,0.145,734.36,0
"Which candidate, Andrew Cuomo, Eric Adams, or Curtis Sliwa, will drop out of the New York City mayoral race before Nov 4, 2025?",Eric Adams,politics,0.5,734.36,1
"Which professional football team, New York G or Green Bay, will win the game scheduled for Nov 16, 2025?",Green Bay,sports,0.735,212.88,1
"Which professional football team, New York G or Green Bay, will win the game scheduled for Nov 16, 2025?",New York G,sports,0.265,212.88,0
How many wins will the Seattle professional baseball team record in the 2025 regular season?,More than 100 wins,sports,0.045,2241.39,0
How many wins will the Seattle professional baseball team record in the 2025 regular season?,More than 110 wins,sports,0.035,2241.39,0
How many wins will the Seattle professional baseball team record in the 2025 regular season?,More than 70 wins,sports,0.955,2241.39,1
How many wins will the Seattle professional baseball team record in the 2025 regular season?,More than 80 wins,sports,0.73,2241.39,1
How many wins will the Seattle professional baseball team record in the 2025 regular season?,More than 90 wins,sports,0.285,2241.39,0
"Which professional football team, Kansas City or Las Vegas, will win the game scheduled for Oct 19, 2025?",Kansas City,sports,0.84,257.86,1
"Which professional football team, Kansas City or Las Vegas, will win the game scheduled for Oct 19, 2025?",Las Vegas,sports,0.145,257.86,0
"Which professional basketball team, Milwaukee or Washington, will win the game scheduled for Oct 22, 2025?",Milwaukee,sports,0.785,24.23,1
"Which professional basketball team, Milwaukee or Washington, will win the game scheduled for Oct 22, 2025?",Washington,sports,0.215,24.23,0
"Which professional basketball team, Portland or Minnesota, will win the game scheduled for Oct 22, 2025?",Minnesota,sports,0.61,25.2,1
"Which professional basketball team, Portland or Minnesota, will win the game scheduled for Oct 22, 2025?",Portland,sports,0.39,25.2,0
Pro Basketball #4 overall pick this year?,Ace Bailey,sports,0.265,213.92,0
Pro Basketball #4 overall pick this year?,Derik Queen,sports,0.03,213.92,0
Pro Basketball #4 overall pick this year?,Dylan Harper,sports,0.01,213.92,0
Pro Basketball #4 overall pick this year?,Jeremiah Fears,sports,0.03,213.92,0
Pro Basketball #4 overall pick this year?,Khaman Maluach,sports,0.07,213.92,0
Pro Basketball #4 overall pick this year?,Kon Knueppel,sports,0.13,213.92,1
Pro Basketball #4 overall pick this year?,Tre Johnson,sports,0.16,213.92,0
Pro Basketball #4 overall pick this year?,VJ Edgecombe,sports,0.3,213.92,0
"Which professional football team, New York G or Los Angeles C, will win the game scheduled for Sep 28, 2025?",Los Angeles C,sports,0.715,130.06,0
"Which professional football team, New York G or Los Angeles C, will win the game scheduled for Sep 28, 2025?",New York G,sports,0.285,130.06,1
What percentage of the vote will the Party for Freedom (PVV) receive in the 2025 Dutch general election (official certified percentage)?,16% - 17.99%,other,0.495,188.23,1
What percentage of the vote will the Party for Freedom (PVV) receive in the 2025 Dutch general election (official certified percentage)?,18% - 19.99%,other,0.495,188.23,0
What percentage of the vote will the Party for Freedom (PVV) receive in the 2025 Dutch general election (official certified percentage)?,20% - 21.99%,other,0.095,188.23,0
What percentage of the vote will the Party for Freedom (PVV) receive in the 2025 Dutch general election (official certified percentage)?,22% - 23.99%,other,0.05,188.23,0
What percentage of the vote will the Party for Freedom (PVV) receive in the 2025 Dutch general election (official certified percentage)?,24% - 25.99%,other,0.495,188.23,0
What percentage of the vote will the Party for Freedom (PVV) receive in the 2025 Dutch general election (official certified percentage)?,At least 26%,other,0.495,188.23,0
What percentage of the vote will the Party for Freedom (PVV) receive in the 2025 Dutch general election (official certified percentage)?,Below 16%,other,0.505,188.23,0
"Will at least one X-class solar flare be observed prior to Aug 1, 2025?",Before Aug 2025,science_tech,0.49,567.96,0
"Which professional English Premier League soccer team, Nottingham or West Ham, will win the match scheduled for Aug 31, 2025 in regulation time (90 minutes plus stoppage time; excludes extra time and penalties)?",Nottingham,sports,0.595,15.02,0
"Which professional English Premier League soccer team, Nottingham or West Ham, will win the match scheduled for Aug 31, 2025 in regulation time (90 minutes plus stoppage time; excludes extra time and penalties)?",Tie,sports,0.23,15.02,0
"Which professional English Premier League soccer team, Nottingham or West Ham, will win the match scheduled for Aug 31, 2025 in regulation time (90 minutes plus stoppage time; excludes extra time and penalties)?",West Ham,sports,0.17,15.02,1
"Which college football team, Marshall or Missouri St., will win the game scheduled for Sep 6, 2025?",Marshall,sports,0.745,145.45,0
"Which college football team, Marshall or Missouri St., will win the game scheduled for Sep 6, 2025?",Missouri St.,sports,0.255,145.45,1
"Which professional baseball team, Cleveland or Detroit, will win the game scheduled for Jul 5, 2025?",Cleveland,sports,0.44,13.62,0
"Which professional baseball team, Cleveland or Detroit, will win the game scheduled for Jul 5, 2025?",Detroit,sports,0.56,13.62,1
"Which professional basketball team, Toronto or Dallas, will win the game scheduled for Oct 26, 2025?",Dallas,sports,0.505,46.29,1
"Which professional basketball team, Toronto or Dallas, will win the game scheduled for Oct 26, 2025?",Toronto,sports,0.57,46.29,0
"Will Kai Cenat have their hair physically cut or removed from their head during a live stream at any time after issuance and before Oct 1, 2025?",Yes,culture,0.845,14.49,1
What will be Adelita Grijalva's margin of victory (in percentage points; negative if she loses) in the 2025 special election for Arizona's 7th congressional district?,Above 50%,other,0.01,497.75,0
What will be Adelita Grijalva's margin of victory (in percentage points; negative if she loses) in the 2025 special election for Arizona's 7th congressional district?,Below 30%,other,0.395,497.75,0
What will be Adelita Grijalva's margin of victory (in percentage points; negative if she loses) in the 2025 special election for Arizona's 7th congressional district?,Between 30% and 34.99%,other,0.29,497.75,0
What will be Adelita Grijalva's margin of victory (in percentage points; negative if she loses) in the 2025 special election for Arizona's 7th congressional district?,Between 35% and 39.99%,other,0.295,497.75,1
What will be Adelita Grijalva's margin of victory (in percentage points; negative if she loses) in the 2025 special election for Arizona's 7th congressional district?,Between 40% and 44.99%,other,0.115,497.75,0
What will be Adelita Grijalva's margin of victory (in percentage points; negative if she loses) in the 2025 special election for Arizona's 7th congressional district?,Between 45% and 50%,other,0.08,497.75,0
"Which professional Club World Cup soccer team, Seattle Sounders or Atletico Madrid, will win the game scheduled for Jun 19, 2025 after 90 minutes plus stoppage time (excluding extra time and penalties)?",Atletico Madrid,sports,0.75,35.95,1
"Which professional Club World Cup soccer team, Seattle Sounders or Atletico Madrid, will win the game scheduled for Jun 19, 2025 after 90 minutes plus stoppage time (excluding extra time and penalties)?",Seattle Sounders,sports,0.095,35.95,0
"Which professional Club World Cup soccer team, Seattle Sounders or Atletico Madrid, will win the game scheduled for Jun 19, 2025 after 90 minutes plus stoppage time (excluding extra time and penalties)?",Tie,sports,0.15,35.95,0
"Which professional football team, Arizona or Tennessee, will win the game scheduled for Oct 5, 2025?",Arizona,sports,0.815,167.25,0
"Which professional football team, Arizona or Tennessee, will win the game scheduled for Oct 5, 2025?",Tennessee,sports,0.185,167.25,1
"Which college football team, Miami (OH) or UNLV, will win the game scheduled for Sep 20, 2025?",Miami (OH),sports,0.38,139.62,0
"Which college football team, Miami (OH) or UNLV, will win the game scheduled for Sep 20, 2025?",UNLV,sports,0.595,139.62,1
"Which professional hockey team, Philadelphia or Minnesota, will win the game scheduled for Oct 18, 2025?",Minnesota,sports,0.5,25.46,0
"Which professional hockey team, Philadelphia or Minnesota, will win the game scheduled for Oct 18, 2025?",Philadelphia,sports,0.505,25.46,1
"Which college football team, Oregon or Penn St., will win the game scheduled for Sep 27, 2025, at Penn St.?",Oregon,sports,0.44,291.16,1
"Which college football team, Oregon or Penn St., will win the game scheduled for Sep 27, 2025, at Penn St.?",Penn St.,sports,0.595,291.16,0
"Which college football team, Cincinnati or Baylor, will win the game scheduled for Oct 25, 2025?",Baylor,sports,0.38,43.26,0
"Which college football team, Cincinnati or Baylor, will win the game scheduled for Oct 25, 2025?",Cincinnati,sports,0.625,43.26,1
"Will the month-over-month percent change in the Personal Consumption Expenditures Price Index excluding food and energy (core PCE) for August 2025, rounded to a single decimal, be above 0.0% according to the Bureau of Economic Analysis?",Above 0.0%,finance,0.96,348.28,1
"Will the month-over-month percent change in the Personal Consumption Expenditures Price Index excluding food and energy (core PCE) for August 2025, rounded to a single decimal, be above 0.0% according to the Bureau of Economic Analysis?",Above 0.1%,finance,0.835,348.28,1
"Will the month-over-month percent change in the Personal Consumption Expenditures Price Index excluding food and energy (core PCE) for August 2025, rounded to a single decimal, be above 0.0% according to the Bureau of Economic Analysis?",Above 0.2%,finance,0.255,348.28,0
"Will the month-over-month percent change in the Personal Consumption Expenditures Price Index excluding food and energy (core PCE) for August 2025, rounded to a single decimal, be above 0.0% according to the Bureau of Economic Analysis?",Above 0.3%,finance,0.105,348.28,0
"Will the month-over-month percent change in the Personal Consumption Expenditures Price Index excluding food and energy (core PCE) for August 2025, rounded to a single decimal, be above 0.0% according to the Bureau of Economic Analysis?",Above 0.4%,finance,0.025,348.28,0
"What will be the total number of Spotify streams for ""The Life of a Showgirl (feat. Sabrina Carpenter)"" by Taylor Swift (with Sabrina Carpenter) by Oct 10, 2025 at 10:00 AM ET?",More than 10 million,culture,0.995,9.74,1
"What will be the total number of Spotify streams for ""The Life of a Showgirl (feat. Sabrina Carpenter)"" by Taylor Swift (with Sabrina Carpenter) by Oct 10, 2025 at 10:00 AM ET?",More than 100 million,culture,0.01,9.74,0
"What will be the total number of Spotify streams for ""The Life of a Showgirl (feat. Sabrina Carpenter)"" by Taylor Swift (with Sabrina Carpenter) by Oct 10, 2025 at 10:00 AM ET?",More than 110 million,culture,0.005,9.74,0
"What will be the total number of Spotify streams for ""The Life of a Showgirl (feat. Sabrina Carpenter)"" by Taylor Swift (with Sabrina Carpenter) by Oct 10, 2025 at 10:00 AM ET?",More than 15 million,culture,0.995,9.74,1
"What will be the total number of Spotify streams for ""The Life of a Showgirl (feat. Sabrina Carpenter)"" by Taylor Swift (with Sabrina Carpenter) by Oct 10, 2025 at 10:00 AM ET?",More than 20 million,culture,0.975,9.74,1
"What will be the total number of Spotify streams for ""The Life of a Showgirl (feat. Sabrina Carpenter)"" by Taylor Swift (with Sabrina Carpenter) by Oct 10, 2025 at 10:00 AM ET?",More than 25 million,culture,0.975,9.74,1
"What will be the total number of Spotify streams for ""The Life of a Showgirl (feat. Sabrina Carpenter)"" by Taylor Swift (with Sabrina Carpenter) by Oct 10, 2025 at 10:00 AM ET?",More than 30 million,culture,0.98,9.74,1
"What will be the total number of Spotify streams for ""The Life of a Showgirl (feat. Sabrina Carpenter)"" by Taylor Swift (with Sabrina Carpenter) by Oct 10, 2025 at 10:00 AM ET?",More than 35 million,culture,0.975,9.74,1
"What will be the total number of Spotify streams for ""The Life of a Showgirl (feat. Sabrina Carpenter)"" by Taylor Swift (with Sabrina Carpenter) by Oct 10, 2025 at 10:00 AM ET?",More than 40 million,culture,0.98,9.74,1
"What will be the total number of Spotify streams for ""The Life of a Showgirl (feat. Sabrina Carpenter)"" by Taylor Swift (with Sabrina Carpenter) by Oct 10, 2025 at 10:00 AM ET?",More than 45 million,culture,0.985,9.74,1
"What will be the total number of Spotify streams for ""The Life of a Showgirl (feat. Sabrina Carpenter)"" by Taylor Swift (with Sabrina Carpenter) by Oct 10, 2025 at 10:00 AM ET?",More than 50 million,culture,0.995,9.74,1
"What will be the total number of Spotify streams for ""The Life of a Showgirl (feat. Sabrina Carpenter)"" by Taylor Swift (with Sabrina Carpenter) by Oct 10, 2025 at 10:00 AM ET?",More than 55 million,culture,0.995,9.74,1
"What will be the total number of Spotify streams for ""The Life of a Showgirl (feat. Sabrina Carpenter)"" by Taylor Swift (with Sabrina Carpenter) by Oct 10, 2025 at 10:00 AM ET?",More than 60 million,culture,0.05,9.74,0
"What will be the total number of Spotify streams for ""The Life of a Showgirl (feat. Sabrina Carpenter)"" by Taylor Swift (with Sabrina Carpenter) by Oct 10, 2025 at 10:00 AM ET?",More than 65 million,culture,0.015,9.74,0
"What will be the total number of Spotify streams for ""The Life of a Showgirl (feat. Sabrina Carpenter)"" by Taylor Swift (with Sabrina Carpenter) by Oct 10, 2025 at 10:00 AM ET?",More than 70 million,culture,0.005,9.74,0
"What will be the total number of Spotify streams for ""The Life of a Showgirl (feat. Sabrina Carpenter)"" by Taylor Swift (with Sabrina Carpenter) by Oct 10, 2025 at 10:00 AM ET?",More than 75 million,culture,0.015,9.74,0
"What will be the total number of Spotify streams for ""The Life of a Showgirl (feat. Sabrina Carpenter)"" by Taylor Swift (with Sabrina Carpenter) by Oct 10, 2025 at 10:00 AM ET?",More than 80 million,culture,0.01,9.74,0
"What will be the total number of Spotify streams for ""The Life of a Showgirl (feat. Sabrina Carpenter)"" by Taylor Swift (with Sabrina Carpenter) by Oct 10, 2025 at 10:00 AM ET?",More than 90 million,culture,0.015,9.74,0
"Which college football team, Boise St. or Appalachian St., will win the game scheduled for Sep 27, 2025?",Appalachian St.,sports,0.13,7.56,0
"Which college football team, Boise St. or Appalachian St., will win the game scheduled for Sep 27, 2025?",Boise St.,sports,0.87,7.56,1
"Which of the following U.S. Senators — Mike Lee, Chuck Grassley, Mitch McConnell, Lisa Murkowski, Susan Collins, John Curtis, John Fetterman, Thom Tillis, Ruben Gallego, Mark Kelly, or Maggie Hassan — will vote Yea for E.J. Antoni’s nomination to be Commissioner of the Bureau of Labor Statistics before Oct 1, 2025?",Chuck Grassley,politics,0.04,354.9,0
"Which of the following U.S. Senators — Mike Lee, Chuck Grassley, Mitch McConnell, Lisa Murkowski, Susan Collins, John Curtis, John Fetterman, Thom Tillis, Ruben Gallego, Mark Kelly, or Maggie Hassan — will vote Yea for E.J. Antoni’s nomination to be Commissioner of the Bureau of Labor Statistics before Oct 1, 2025?",John Curtis,politics,0.035,354.9,0
"Which of the following U.S. Senators — Mike Lee, Chuck Grassley, Mitch McConnell, Lisa Murkowski, Susan Collins, John Curtis, John Fetterman, Thom Tillis, Ruben Gallego, Mark Kelly, or Maggie Hassan — will vote Yea for E.J. Antoni’s nomination to be Commissioner of the Bureau of Labor Statistics before Oct 1, 2025?",John Fetterman,politics,0.02,354.9,0
"Which of the following U.S. Senators — Mike Lee, Chuck Grassley, Mitch McConnell, Lisa Murkowski, Susan Collins, John Curtis, John Fetterman, Thom Tillis, Ruben Gallego, Mark Kelly, or Maggie Hassan — will vote Yea for E.J. Antoni’s nomination to be Commissioner of the Bureau of Labor Statistics before Oct 1, 2025?",Lisa Murkowski,politics,0.04,354.9,0
"Which of the following U.S. Senators — Mike Lee, Chuck Grassley, Mitch McConnell, Lisa Murkowski, Susan Collins, John Curtis, John Fetterman, Thom Tillis, Ruben Gallego, Mark Kelly, or Maggie Hassan — will vote Yea for E.J. Antoni’s nomination to be Commissioner of the Bureau of Labor Statistics before Oct 1, 2025?",Maggie Hassan,politics,0.01,354.9,0
"Which of the following U.S. Senators — Mike Lee, Chuck Grassley, Mitch McConnell, Lisa Murkowski, Susan Collins, John Curtis, John Fetterman, Thom Tillis, Ruben Gallego, Mark Kelly, or Maggie Hassan — will vote Yea for E.J. Antoni’s nomination to be Commissioner of the Bureau of Labor Statistics before Oct 1, 2025?",Mark Kelly,politics,0.01,354.9,0
"Which of the following U.S. Senators — Mike Lee, Chuck Grassley, Mitch McConnell, Lisa Murkowski, Susan Collins, John Curtis, John Fetterman, Thom Tillis, Ruben Gallego, Mark Kelly, or Maggie Hassan — will vote Yea for E.J. Antoni’s nomination to be Commissioner of the Bureau of Labor Statistics before Oct 1, 2025?",Mike Lee,politics,0.035,354.9,0
"Which of the following U.S. Senators — Mike Lee, Chuck Grassley, Mitch McConnell, Lisa Murkowski, Susan Collins, John Curtis, John Fetterman, Thom Tillis, Ruben Gallego, Mark Kelly, or Maggie Hassan — will vote Yea for E.J. Antoni’s nomination to be Commissioner of the Bureau of Labor Statistics before Oct 1, 2025?",Mitch McConnell,politics,0.03,354.9,0
"Which of the following U.S. Senators — Mike Lee, Chuck Grassley, Mitch McConnell, Lisa Murkowski, Susan Collins, John Curtis, John Fetterman, Thom Tillis, Ruben Gallego, Mark Kelly, or Maggie Hassan — will vote Yea for E.J. Antoni’s nomination to be Commissioner of the Bureau of Labor Statistics before Oct 1, 2025?",Ruben Gallego,politics,0.005,354.9,0
"Which of the following U.S. Senators — Mike Lee, Chuck Grassley, Mitch McConnell, Lisa Murkowski, Susan Collins, John Curtis, John Fetterman, Thom Tillis, Ruben Gallego, Mark Kelly, or Maggie Hassan — will vote Yea for E.J. Antoni’s nomination to be Commissioner of the Bureau of Labor Statistics before Oct 1, 2025?",Susan Collins,politics,0.035,354.9,0
"Which of the following U.S. Senators — Mike Lee, Chuck Grassley, Mitch McConnell, Lisa Murkowski, Susan Collins, John Curtis, John Fetterman, Thom Tillis, Ruben Gallego, Mark Kelly, or Maggie Hassan — will vote Yea for E.J. Antoni’s nomination to be Commissioner of the Bureau of Labor Statistics before Oct 1, 2025?",Thom Tillis,politics,0.04,354.9,0
"Which college football team, Clemson or SMU, will win the game scheduled for Oct 18, 2025, at Clemson?",Clemson,sports,0.66,164.72,0
"Which college football team, Clemson or SMU, will win the game scheduled for Oct 18, 2025, at Clemson?",SMU,sports,0.34,164.72,1
"Which college football team, UAB or Army, will win the Army at UAB game scheduled for Oct 4, 2025?",Army,sports,0.71,81.73,1
"Which college football team, UAB or Army, will win the Army at UAB game scheduled for Oct 4, 2025?",UAB,sports,0.295,81.73,0
"Which professional baseball team, New York M or Cincinnati, will win the Cincinnati at New York M game scheduled for Jul 18, 2025?",Cincinnati,sports,0.41,14.24,1
"Which professional baseball team, New York M or Cincinnati, will win the Cincinnati at New York M game scheduled for Jul 18, 2025?",New York M,sports,0.59,14.24,0
"Which college football team, Arizona or Hawai'i, will win the game scheduled for Aug 30, 2025?",Arizona,sports,0.855,6.11,1
"Which college football team, Arizona or Hawai'i, will win the game scheduled for Aug 30, 2025?",Hawai'i,sports,0.145,6.11,0
"What kind of new merchandise will Palantir release for sale before Jul 1, 2025?",Dresses,finance,0.04,20.98,0
"What kind of new merchandise will Palantir release for sale before Jul 1, 2025?",Hats,finance,0.99,20.98,1
"What kind of new merchandise will Palantir release for sale before Jul 1, 2025?",Pants,finance,0.04,20.98,0
"What kind of new merchandise will Palantir release for sale before Jul 1, 2025?",Swimwear,finance,0.04,20.98,0
"What kind of new merchandise will Palantir release for sale before Jul 1, 2025?",T-shirt,finance,0.98,20.98,1
"Which player, Jannik Sinner or Aleksandar Vukic, will advance past the round of 64 in the 2025 Wimbledon men's singles professional tennis tournament?",Aleksandar Vukic,sports,0.03,7.49,0
"Which player, Jannik Sinner or Aleksandar Vukic, will advance past the round of 64 in the 2025 Wimbledon men's singles professional tennis tournament?",Jannik Sinner,sports,0.965,7.49,1
"Which college football team, Tulsa or Tulane, will win the Tulane at Tulsa game scheduled for Sep 27, 2025?",Tulane,sports,0.84,119.66,1
"Which college football team, Tulsa or Tulane, will win the Tulane at Tulsa game scheduled for Sep 27, 2025?",Tulsa,sports,0.16,119.66,0
"Will Meteora (MET)'s fully diluted valuation (FDV) on CoinGecko be greater than $499,999,999.99 at exactly 10:00 AM on the day one day after Meteora's launch?",$10B+,other,0.025,132.52,0
"Will Meteora (MET)'s fully diluted valuation (FDV) on CoinGecko be greater than $499,999,999.99 at exactly 10:00 AM on the day one day after Meteora's launch?",$1B+,other,0.385,132.52,0
"Will Meteora (MET)'s fully diluted valuation (FDV) on CoinGecko be greater than $499,999,999.99 at exactly 10:00 AM on the day one day after Meteora's launch?",$2B+,other,0.05,132.52,0
"Will Meteora (MET)'s fully diluted valuation (FDV) on CoinGecko be greater than $499,999,999.99 at exactly 10:00 AM on the day one day after Meteora's launch?",$3B+,other,0.035,132.52,0
"Will Meteora (MET)'s fully diluted valuation (FDV) on CoinGecko be greater than $499,999,999.99 at exactly 10:00 AM on the day one day after Meteora's launch?",$4B+,other,0.03,132.52,0
"Will Meteora (MET)'s fully diluted valuation (FDV) on CoinGecko be greater than $499,999,999.99 at exactly 10:00 AM on the day one day after Meteora's launch?",$500M+,other,0.885,132.52,1
"Will Meteora (MET)'s fully diluted valuation (FDV) on CoinGecko be greater than $499,999,999.99 at exactly 10:00 AM on the day one day after Meteora's launch?",$5B+,other,0.025,132.52,0
"Will Meteora (MET)'s fully diluted valuation (FDV) on CoinGecko be greater than $499,999,999.99 at exactly 10:00 AM on the day one day after Meteora's launch?",$6B+,other,0.025,132.52,0
"Will Meteora (MET)'s fully diluted valuation (FDV) on CoinGecko be greater than $499,999,999.99 at exactly 10:00 AM on the day one day after Meteora's launch?",$7B+,other,0.025,132.52,0
"Will Meteora (MET)'s fully diluted valuation (FDV) on CoinGecko be greater than $499,999,999.99 at exactly 10:00 AM on the day one day after Meteora's launch?",$8B+,other,0.025,132.52,0
"Will Meteora (MET)'s fully diluted valuation (FDV) on CoinGecko be greater than $499,999,999.99 at exactly 10:00 AM on the day one day after Meteora's launch?",$9B+,other,0.025,132.52,0
"Which professional football team, Pittsburgh or Seattle, will win the game scheduled for Sep 14, 2025?",Pittsburgh,sports,0.595,115.87,0
"Which professional football team, Pittsburgh or Seattle, will win the game scheduled for Sep 14, 2025?",Seattle,sports,0.405,115.87,1
"Will President Donald J. Trump impose any new or increased tariffs on copper imports to the United States from any country before Jan 1, 2026?",Before Jan 2026,politics,0.875,2869.1,1
Pro Basketball #6 overall pick this year?,Ace Bailey,sports,0.32,36.83,0
Pro Basketball #6 overall pick this year?,Derik Queen,sports,0.03,36.83,0
Pro Basketball #6 overall pick this year?,Jeremiah Fears,sports,0.18,36.83,0
Pro Basketball #6 overall pick this year?,Kasparas Jakucionis,sports,0.01,36.83,0
Pro Basketball #6 overall pick this year?,Khaman Maluach,sports,0.13,36.83,0
Pro Basketball #6 overall pick this year?,Kon Knueppel,sports,0.12,36.83,0
Pro Basketball #6 overall pick this year?,Noa Essengue,sports,0.07,36.83,0
Pro Basketball #6 overall pick this year?,Tre Johnson,sports,0.15,36.83,1
Pro Basketball #6 overall pick this year?,VJ Edgecombe,sports,0.01,36.83,0
"Which professional basketball team, Cleveland or Milwaukee, will win the game scheduled for Oct 26, 2025?",Cleveland,sports,0.545,46.44,1
"Which professional basketball team, Cleveland or Milwaukee, will win the game scheduled for Oct 26, 2025?",Milwaukee,sports,0.52,46.44,0
"Will the U.S. Consumer Price Index (CPI) year‑over‑year change for the 12 months ending June 2025 (CPI YoY as reported by the U.S. Bureau of Labor Statistics, rounded to one decimal place) be greater than 2.4%?",Above 2.4%,finance,0.855,600.46,1
"Will the U.S. Consumer Price Index (CPI) year‑over‑year change for the 12 months ending June 2025 (CPI YoY as reported by the U.S. Bureau of Labor Statistics, rounded to one decimal place) be greater than 2.4%?",Above 2.5%,finance,0.75,600.46,1
"Will the U.S. Consumer Price Index (CPI) year‑over‑year change for the 12 months ending June 2025 (CPI YoY as reported by the U.S. Bureau of Labor Statistics, rounded to one decimal place) be greater than 2.4%?",Above 2.6%,finance,0.43,600.46,1
"Will the U.S. Consumer Price Index (CPI) year‑over‑year change for the 12 months ending June 2025 (CPI YoY as reported by the U.S. Bureau of Labor Statistics, rounded to one decimal place) be greater than 2.4%?",Above 2.7%,finance,0.175,600.46,0
"Will the U.S. Consumer Price Index (CPI) year‑over‑year change for the 12 months ending June 2025 (CPI YoY as reported by the U.S. Bureau of Labor Statistics, rounded to one decimal place) be greater than 2.4%?",Above 2.8%,finance,0.1,600.46,0
"Will the U.S. Consumer Price Index (CPI) year‑over‑year change for the 12 months ending June 2025 (CPI YoY as reported by the U.S. Bureau of Labor Statistics, rounded to one decimal place) be greater than 2.4%?",Above 2.9%,finance,0.05,600.46,0
"Will the U.S. Consumer Price Index (CPI) year‑over‑year change for the 12 months ending June 2025 (CPI YoY as reported by the U.S. Bureau of Labor Statistics, rounded to one decimal place) be greater than 2.4%?",Above 3.0%,finance,0.035,600.46,0
"Will the U.S. Consumer Price Index (CPI) year‑over‑year change for the 12 months ending June 2025 (CPI YoY as reported by the U.S. Bureau of Labor Statistics, rounded to one decimal place) be greater than 2.4%?",Above 3.1%,finance,0.02,600.46,0
"Will the U.S. Consumer Price Index (CPI) year‑over‑year change for the 12 months ending June 2025 (CPI YoY as reported by the U.S. Bureau of Labor Statistics, rounded to one decimal place) be greater than 2.4%?",Above 3.2%,finance,0.03,600.46,0
"Will the U.S. Consumer Price Index (CPI) year‑over‑year change for the 12 months ending June 2025 (CPI YoY as reported by the U.S. Bureau of Labor Statistics, rounded to one decimal place) be greater than 2.4%?",Above 3.3%,finance,0.015,600.46,0
"Will the U.S. Consumer Price Index (CPI) year‑over‑year change for the 12 months ending June 2025 (CPI YoY as reported by the U.S. Bureau of Labor Statistics, rounded to one decimal place) be greater than 2.4%?",Above 3.4%,finance,0.015,600.46,0
"Which professional football team, Minnesota or Cincinnati, will win the game scheduled for Sep 21, 2025?",Cincinnati,sports,0.47,236.04,0
"Which professional football team, Minnesota or Cincinnati, will win the game scheduled for Sep 21, 2025?",Minnesota,sports,0.535,236.04,1
"What will the Metacritic Metascore for Pokémon Legends: Z-A be seven days after its release, measured at 10:00 AM ET on that day?",60 or greater,culture,0.91,133.91,1
"What will the Metacritic Metascore for Pokémon Legends: Z-A be seven days after its release, measured at 10:00 AM ET on that day?",65 or greater,culture,0.53,133.91,1
"What will the Metacritic Metascore for Pokémon Legends: Z-A be seven days after its release, measured at 10:00 AM ET on that day?",70 or greater,culture,0.505,133.91,1
"What will the Metacritic Metascore for Pokémon Legends: Z-A be seven days after its release, measured at 10:00 AM ET on that day?",75 or greater,culture,0.96,133.91,1
"What will the Metacritic Metascore for Pokémon Legends: Z-A be seven days after its release, measured at 10:00 AM ET on that day?",80 or greater,culture,0.35,133.91,0
"What will the Metacritic Metascore for Pokémon Legends: Z-A be seven days after its release, measured at 10:00 AM ET on that day?",85 or greater,culture,0.035,133.91,0
"What will the Metacritic Metascore for Pokémon Legends: Z-A be seven days after its release, measured at 10:00 AM ET on that day?",90 or greater,culture,0.065,133.91,0
"What will the Metacritic Metascore for Pokémon Legends: Z-A be seven days after its release, measured at 10:00 AM ET on that day?",95 or greater,culture,0.49,133.91,0
AL Central Division Winner?,Chicago WS,sports,0.005,33.59,0
AL Central Division Winner?,Cleveland,sports,0.68,33.59,1
AL Central Division Winner?,Detroit,sports,0.335,33.59,0
AL Central Division Winner?,Kansas City,sports,0.005,33.59,0
AL Central Division Winner?,Minnesota,sports,0.005,33.59,0
"Which men's college basketball team, Dayton or Bethune-Cookman, will win the game scheduled for Nov 15, 2025, at Dayton?",Bethune-Cookman,sports,0.095,27.01,0
"Which men's college basketball team, Dayton or Bethune-Cookman, will win the game scheduled for Nov 15, 2025, at Dayton?",Dayton,sports,0.92,27.01,1
"Which professional MLS soccer team, Orlando or Vancouver, will win the game scheduled for Aug 30, 2025 (result determined after 90 minutes plus stoppage time; excludes extra time and penalty shootouts)?",Orlando,sports,0.5,65.74,0
"Which professional MLS soccer team, Orlando or Vancouver, will win the game scheduled for Aug 30, 2025 (result determined after 90 minutes plus stoppage time; excludes extra time and penalty shootouts)?",Tie,sports,0.26,65.74,0
"Which professional MLS soccer team, Orlando or Vancouver, will win the game scheduled for Aug 30, 2025 (result determined after 90 minutes plus stoppage time; excludes extra time and penalty shootouts)?",Vancouver,sports,0.245,65.74,1
"Which professional football team, Tampa Bay or Houston, will win the game scheduled for Sep 15, 2025?",Houston,sports,0.565,169.95,0
"Which professional football team, Tampa Bay or Houston, will win the game scheduled for Sep 15, 2025?",Tampa Bay,sports,0.435,169.95,1
"What action will the Federal Reserve take regarding the target federal funds rate at its policy decision on September 17, 2025?",Cut 25bps,finance,0.915,13.89,1
"What action will the Federal Reserve take regarding the target federal funds rate at its policy decision on September 17, 2025?",Cut >25bps,finance,0.065,13.89,0
"What action will the Federal Reserve take regarding the target federal funds rate at its policy decision on September 17, 2025?",Fed maintains rate,finance,0.035,13.89,0
"What action will the Federal Reserve take regarding the target federal funds rate at its policy decision on September 17, 2025?",Hike 25bps,finance,0.005,13.89,0
"What action will the Federal Reserve take regarding the target federal funds rate at its policy decision on September 17, 2025?",Hike >25bps,finance,0.005,13.89,0
"Which professional baseball team, Atlanta or New York Y, will win the New York Y at Atlanta game scheduled for Jul 20, 2025?",Atlanta,sports,0.54,8.15,0
"Which professional baseball team, Atlanta or New York Y, will win the New York Y at Atlanta game scheduled for Jul 20, 2025?",New York Y,sports,0.46,8.15,1
"Which professional football team, Los Angeles C or Minnesota, will win the game scheduled for Oct 23, 2025?",Los Angeles C,sports,0.62,217.02,1
"Which professional football team, Los Angeles C or Minnesota, will win the game scheduled for Oct 23, 2025?",Minnesota,sports,0.38,217.02,0
"Which professional baseball team, Seattle or Detroit, will win Game 3 of the Seattle vs Detroit series scheduled for Oct 7, 2025?",Detroit,sports,0.45,29.65,0
"Which professional baseball team, Seattle or Detroit, will win Game 3 of the Seattle vs Detroit series scheduled for Oct 7, 2025?",Seattle,sports,0.55,29.65,1
"Which professional basketball team, Philadelphia or Charlotte, will win the game scheduled for Oct 25, 2025?",Charlotte,sports,0.32,22.94,0
"Which professional basketball team, Philadelphia or Charlotte, will win the game scheduled for Oct 25, 2025?",Philadelphia,sports,0.68,22.94,1
"Which professional tennis player, Tiantsoa Sarah Rakotomanga Rajaonah or Katie Volynets, will win the Rakotomanga Rajaonah vs. Volynets match in the 2025 WTA Guangzhou round of 16 (market resolves only if at least one ball is played)?",Katie Volynets,sports,0.805,12.12,1
"Which professional tennis player, Tiantsoa Sarah Rakotomanga Rajaonah or Katie Volynets, will win the Rakotomanga Rajaonah vs. Volynets match in the 2025 WTA Guangzhou round of 16 (market resolves only if at least one ball is played)?",Tiantsoa Sarah Rakotomanga Rajaonah,sports,0.205,12.12,0
"Will the film 'One Battle After Another' have a Rotten Tomatoes Tomatometer score above 45 on Sep 29, 2025 at 10:00 AM ET?",Above 45,culture,0.995,34.65,1
"Will the film 'One Battle After Another' have a Rotten Tomatoes Tomatometer score above 45 on Sep 29, 2025 at 10:00 AM ET?",Above 60,culture,0.995,34.65,1
"Will the film 'One Battle After Another' have a Rotten Tomatoes Tomatometer score above 45 on Sep 29, 2025 at 10:00 AM ET?",Above 75,culture,0.995,34.65,1
"Will the film 'One Battle After Another' have a Rotten Tomatoes Tomatometer score above 45 on Sep 29, 2025 at 10:00 AM ET?",Above 80,culture,0.995,34.65,1
"Will the film 'One Battle After Another' have a Rotten Tomatoes Tomatometer score above 45 on Sep 29, 2025 at 10:00 AM ET?",Above 85,culture,0.995,34.65,1
"Will the film 'One Battle After Another' have a Rotten Tomatoes Tomatometer score above 45 on Sep 29, 2025 at 10:00 AM ET?",Above 87,culture,0.995,34.65,1
"Will the film 'One Battle After Another' have a Rotten Tomatoes Tomatometer score above 45 on Sep 29, 2025 at 10:00 AM ET?",Above 90,culture,0.995,34.65,1
"Will the film 'One Battle After Another' have a Rotten Tomatoes Tomatometer score above 45 on Sep 29, 2025 at 10:00 AM ET?",Above 92,culture,0.995,34.65,1
"Will the film 'One Battle After Another' have a Rotten Tomatoes Tomatometer score above 45 on Sep 29, 2025 at 10:00 AM ET?",Above 95,culture,0.73,34.65,1
"Will the film 'One Battle After Another' have a Rotten Tomatoes Tomatometer score above 45 on Sep 29, 2025 at 10:00 AM ET?",Above 97,culture,0.005,34.65,0
"Which professional baseball team, St. Louis or Chicago C, will win the game scheduled for Jul 4, 2025?",Chicago C,sports,0.58,8.85,1
"Which professional baseball team, St. Louis or Chicago C, will win the game scheduled for Jul 4, 2025?",St. Louis,sports,0.415,8.85,0
"Which professional EPL soccer team, Chelsea or Sunderland, will win the game scheduled for Oct 25, 2025 after 90 minutes plus stoppage time (excluding extra time and penalties)?",Chelsea,sports,0.705,11.7,0
"Which professional EPL soccer team, Chelsea or Sunderland, will win the game scheduled for Oct 25, 2025 after 90 minutes plus stoppage time (excluding extra time and penalties)?",Sunderland,sports,0.115,11.7,1
"Which professional EPL soccer team, Chelsea or Sunderland, will win the game scheduled for Oct 25, 2025 after 90 minutes plus stoppage time (excluding extra time and penalties)?",Tie,sports,0.185,11.7,0
"Which professional basketball team, Atlanta or Toronto, will win the game scheduled for Oct 22, 2025?",Atlanta,sports,0.665,25.53,0
"Which professional basketball team, Atlanta or Toronto, will win the game scheduled for Oct 22, 2025?",Toronto,sports,0.335,25.53,1
"What will the Tomatometer (Rotten Tomatoes) score for the film ""I Know What You Did Last Summer"" be on Jul 21, 2025 at 10:00 AM ET?",Above 45,culture,0.59,433.97,0
"What will the Tomatometer (Rotten Tomatoes) score for the film ""I Know What You Did Last Summer"" be on Jul 21, 2025 at 10:00 AM ET?",Above 60,culture,0.38,433.97,0
"What will the Tomatometer (Rotten Tomatoes) score for the film ""I Know What You Did Last Summer"" be on Jul 21, 2025 at 10:00 AM ET?",Above 75,culture,0.2,433.97,0
"What will the Tomatometer (Rotten Tomatoes) score for the film ""I Know What You Did Last Summer"" be on Jul 21, 2025 at 10:00 AM ET?",Above 90,culture,0.08,433.97,0
"Which college football team, San Jose St. or New Mexico, will win the game scheduled for Oct 3, 2025?",New Mexico,sports,0.45,37.65,0
"Which college football team, San Jose St. or New Mexico, will win the game scheduled for Oct 3, 2025?",San Jose St.,sports,0.555,37.65,1
"Which college football team, Northwestern or Louisiana-Monroe, will win the game at Northwestern scheduled for Oct 4, 2025?",Louisiana-Monroe,sports,0.205,94.9,0
"Which college football team, Northwestern or Louisiana-Monroe, will win the game at Northwestern scheduled for Oct 4, 2025?",Northwestern,sports,0.805,94.9,1
"Which professional baseball team, Seattle or Houston, will win the game scheduled for Jul 20, 2025 (Houston at Seattle)?",Houston,sports,0.47,11.35,1
"Which professional baseball team, Seattle or Houston, will win the game scheduled for Jul 20, 2025 (Houston at Seattle)?",Seattle,sports,0.53,11.35,0
"Which professional baseball team, Detroit or Minnesota, will win the game scheduled for Jun 27, 2025?",Detroit,sports,0.535,8.15,0
"Which professional baseball team, Detroit or Minnesota, will win the game scheduled for Jun 27, 2025?",Minnesota,sports,0.465,8.15,1
"Which college football team, Arkansas or Mississippi St., will win the Mississippi St. at Arkansas game scheduled for Nov 1, 2025?",Arkansas,sports,0.635,167.33,0
"Which college football team, Arkansas or Mississippi St., will win the Mississippi St. at Arkansas game scheduled for Nov 1, 2025?",Mississippi St.,sports,0.345,167.33,1
"Will the Associated Press (AP) make its first definitive call of a winner in the 2025 New York City mayoral election before 9:05 PM ET on Nov 4, 2025?",Before 10:00 PM ET,other,0.28,146.73,1
"Will the Associated Press (AP) make its first definitive call of a winner in the 2025 New York City mayoral election before 9:05 PM ET on Nov 4, 2025?",Before 10:30 PM ET,other,0.325,146.73,1
"Will the Associated Press (AP) make its first definitive call of a winner in the 2025 New York City mayoral election before 9:05 PM ET on Nov 4, 2025?",Before 11:00 PM ET,other,0.53,146.73,1
"Will the Associated Press (AP) make its first definitive call of a winner in the 2025 New York City mayoral election before 9:05 PM ET on Nov 4, 2025?",Before 11:30 PM ET,other,0.54,146.73,1
"Will the Associated Press (AP) make its first definitive call of a winner in the 2025 New York City mayoral election before 9:05 PM ET on Nov 4, 2025?",Before 12:00 AM ET,other,0.755,146.73,1
"Will the Associated Press (AP) make its first definitive call of a winner in the 2025 New York City mayoral election before 9:05 PM ET on Nov 4, 2025?",Before 3:00 AM ET,other,0.865,146.73,1
"Will the Associated Press (AP) make its first definitive call of a winner in the 2025 New York City mayoral election before 9:05 PM ET on Nov 4, 2025?",Before 9:05 PM ET,other,0.1,146.73,0
"Will the Associated Press (AP) make its first definitive call of a winner in the 2025 New York City mayoral election before 9:05 PM ET on Nov 4, 2025?",Before 9:30 PM ET,other,0.11,146.73,0
"Will the Metascore on Metacritic for the game ""Silent Hill f"" be above 49 when measured seven days after the game's release at 10:00 AM ET?",65 or greater,culture,0.505,349.9,1
"Will the Metascore on Metacritic for the game ""Silent Hill f"" be above 49 when measured seven days after the game's release at 10:00 AM ET?",75 or greater,culture,0.915,349.9,1
"Will the Metascore on Metacritic for the game ""Silent Hill f"" be above 49 when measured seven days after the game's release at 10:00 AM ET?",80 or greater,culture,0.8,349.9,1
"Will the Metascore on Metacritic for the game ""Silent Hill f"" be above 49 when measured seven days after the game's release at 10:00 AM ET?",85 or greater,culture,0.605,349.9,1
"Will the Metascore on Metacritic for the game ""Silent Hill f"" be above 49 when measured seven days after the game's release at 10:00 AM ET?",90 or greater,culture,0.505,349.9,0
"Will the Metascore on Metacritic for the game ""Silent Hill f"" be above 49 when measured seven days after the game's release at 10:00 AM ET?",95 or greater,culture,0.5,349.9,0
"Which professional football team, Cincinnati or Pittsburgh, will win the game scheduled for Oct 16, 2025?",Cincinnati,sports,0.325,193.8,1
"Which professional football team, Cincinnati or Pittsburgh, will win the game scheduled for Oct 16, 2025?",Pittsburgh,sports,0.675,193.8,0
"Which college football team, Louisiana or Marshall, will win the Marshall at Louisiana game scheduled for Sep 27, 2025?",Louisiana,sports,0.455,8.88,1
"Which college football team, Louisiana or Marshall, will win the Marshall at Louisiana game scheduled for Sep 27, 2025?",Marshall,sports,0.55,8.88,0
"Which professional MLS soccer team, Chicago Fire or Charlotte, will win the game scheduled for Jun 28, 2025 after 90 minutes plus stoppage time (excluding extra time and penalties)?",Charlotte,sports,0.295,6.62,0
"Which professional MLS soccer team, Chicago Fire or Charlotte, will win the game scheduled for Jun 28, 2025 after 90 minutes plus stoppage time (excluding extra time and penalties)?",Chicago Fire,sports,0.46,6.62,1
"Which professional MLS soccer team, Chicago Fire or Charlotte, will win the game scheduled for Jun 28, 2025 after 90 minutes plus stoppage time (excluding extra time and penalties)?",Tie,sports,0.23,6.62,0
"Will any American Airlines Group Inc. representative (including the operator of the call) say ""ATC"" during the next American Airlines Group Inc. earnings call (including the Q+A)?",AT&T,finance,0.305,42.62,1
"Will any American Airlines Group Inc. representative (including the operator of the call) say ""ATC"" during the next American Airlines Group Inc. earnings call (including the Q+A)?",ATC,finance,0.61,42.62,0
"Will any American Airlines Group Inc. representative (including the operator of the call) say ""ATC"" during the next American Airlines Group Inc. earnings call (including the Q+A)?",Centennial,finance,0.4,42.62,0
"Will any American Airlines Group Inc. representative (including the operator of the call) say ""ATC"" during the next American Airlines Group Inc. earnings call (including the Q+A)?",Citi,finance,0.765,42.62,1
"Will any American Airlines Group Inc. representative (including the operator of the call) say ""ATC"" during the next American Airlines Group Inc. earnings call (including the Q+A)?",Holiday,finance,0.61,42.62,1
"Will any American Airlines Group Inc. representative (including the operator of the call) say ""ATC"" during the next American Airlines Group Inc. earnings call (including the Q+A)?",Lavazza,finance,0.54,42.62,1
"Will any American Airlines Group Inc. representative (including the operator of the call) say ""ATC"" during the next American Airlines Group Inc. earnings call (including the Q+A)?",Record,finance,0.64,42.62,1
"Will any American Airlines Group Inc. representative (including the operator of the call) say ""ATC"" during the next American Airlines Group Inc. earnings call (including the Q+A)?",Shutdown / Shut Down,finance,0.645,42.62,1
"Will any American Airlines Group Inc. representative (including the operator of the call) say ""ATC"" during the next American Airlines Group Inc. earnings call (including the Q+A)?",Tariff,finance,0.5,42.62,0
"Will any American Airlines Group Inc. representative (including the operator of the call) say ""ATC"" during the next American Airlines Group Inc. earnings call (including the Q+A)?",Technology,finance,0.73,42.62,1
"Will any American Airlines Group Inc. representative (including the operator of the call) say ""ATC"" during the next American Airlines Group Inc. earnings call (including the Q+A)?",Weather,finance,0.765,42.62,0
"Will any American Airlines Group Inc. representative (including the operator of the call) say ""ATC"" during the next American Airlines Group Inc. earnings call (including the Q+A)?",World Cup,finance,0.52,42.62,0
Which driver will win the 2025 Azerbaijan Grand Prix?,Alexander Albon,sports,0.005,30.99,0
Which driver will win the 2025 Azerbaijan Grand Prix?,Andrea Kimi Antonelli,sports,0.005,30.99,0
Which driver will win the 2025 Azerbaijan Grand Prix?,Carlos Sainz Jr.,sports,0.005,30.99,0
Which driver will win the 2025 Azerbaijan Grand Prix?,Charles Leclerc,sports,0.15,30.99,0
Which driver will win the 2025 Azerbaijan Grand Prix?,Esteban Ocon,sports,0.005,30.99,0
Which driver will win the 2025 Azerbaijan Grand Prix?,Fernando Alonso,sports,0.005,30.99,0
Which driver will win the 2025 Azerbaijan Grand Prix?,Franco Colapinto,sports,0.005,30.99,0
Which driver will win the 2025 Azerbaijan Grand Prix?,Gabriel Bortoleto,sports,0.005,30.99,0
Which driver will win the 2025 Azerbaijan Grand Prix?,George Russell,sports,0.025,30.99,0
Which driver will win the 2025 Azerbaijan Grand Prix?,Isack Hadjar,sports,0.005,30.99,0
Which driver will win the 2025 Azerbaijan Grand Prix?,Lance Stroll,sports,0.005,30.99,0
Which driver will win the 2025 Azerbaijan Grand Prix?,Lando Norris,sports,0.28,30.99,0
Which driver will win the 2025 Azerbaijan Grand Prix?,Lewis Hamilton,sports,0.09,30.99,0
Which driver will win the 2025 Azerbaijan Grand Prix?,Liam Lawson,sports,0.005,30.99,0
Which driver will win the 2025 Azerbaijan Grand Prix?,Max Verstappen,sports,0.165,30.99,1
Which driver will win the 2025 Azerbaijan Grand Prix?,Nico Hulkenberg,sports,0.005,30.99,0
Which driver will win the 2025 Azerbaijan Grand Prix?,Oliver Bearman,sports,0.005,30.99,0
Which driver will win the 2025 Azerbaijan Grand Prix?,Oscar Piastri,sports,0.315,30.99,0
Which driver will win the 2025 Azerbaijan Grand Prix?,Pierre Gasly,sports,0.005,30.99,0
Which driver will win the 2025 Azerbaijan Grand Prix?,Yuki Tsunoda,sports,0.005,30.99,0
Which pianist will win the 19th International Fryderyk Chopin Piano Competition (the 2025 Chopin Competition)?,David Khrikuli,culture,0.315,112.26,0
Which pianist will win the 19th International Fryderyk Chopin Piano Competition (the 2025 Chopin Competition)?,Eric Guo,culture,0.485,112.26,0
Which pianist will win the 19th International Fryderyk Chopin Piano Competition (the 2025 Chopin Competition)?,Eric Lu,culture,0.55,112.26,1
Which pianist will win the 19th International Fryderyk Chopin Piano Competition (the 2025 Chopin Competition)?,Hyo Lee,culture,0.485,112.26,0
Which pianist will win the 19th International Fryderyk Chopin Piano Competition (the 2025 Chopin Competition)?,Hyuk Lee,culture,0.025,112.26,0
Which pianist will win the 19th International Fryderyk Chopin Piano Competition (the 2025 Chopin Competition)?,Kevin Chen,culture,0.485,112.26,0
Which pianist will win the 19th International Fryderyk Chopin Piano Competition (the 2025 Chopin Competition)?,Miyu Shindo,culture,0.485,112.26,0
Which pianist will win the 19th International Fryderyk Chopin Piano Competition (the 2025 Chopin Competition)?,Piotr Alexewicz,culture,0.035,112.26,0
Which pianist will win the 19th International Fryderyk Chopin Piano Competition (the 2025 Chopin Competition)?,Piotr Pawlak,culture,0.485,112.26,0
Which pianist will win the 19th International Fryderyk Chopin Piano Competition (the 2025 Chopin Competition)?,Shiori Kuwahara,culture,0.485,112.26,0
Which pianist will win the 19th International Fryderyk Chopin Piano Competition (the 2025 Chopin Competition)?,Tianyao Lyu,culture,0.025,112.26,0
Which pianist will win the 19th International Fryderyk Chopin Piano Competition (the 2025 Chopin Competition)?,Tianyou Li,culture,0.05,112.26,0
Which pianist will win the 19th International Fryderyk Chopin Piano Competition (the 2025 Chopin Competition)?,Tie,culture,0.485,112.26,0
Which pianist will win the 19th International Fryderyk Chopin Piano Competition (the 2025 Chopin Competition)?,Tomoharu Ushida,culture,0.025,112.26,0
Which pianist will win the 19th International Fryderyk Chopin Piano Competition (the 2025 Chopin Competition)?,Vincent Ong,culture,0.505,112.26,0
Which pianist will win the 19th International Fryderyk Chopin Piano Competition (the 2025 Chopin Competition)?,William Yang,culture,0.485,112.26,0
Which pianist will win the 19th International Fryderyk Chopin Piano Competition (the 2025 Chopin Competition)?,Xiaoxuan Li,culture,0.025,112.26,0
Which pianist will win the 19th International Fryderyk Chopin Piano Competition (the 2025 Chopin Competition)?,Yang (Jack) Gao,culture,0.485,112.26,0
Which pianist will win the 19th International Fryderyk Chopin Piano Competition (the 2025 Chopin Competition)?,Yehuda Prokopowicz,culture,0.02,112.26,0
Which pianist will win the 19th International Fryderyk Chopin Piano Competition (the 2025 Chopin Competition)?,Yifan Wu,culture,0.485,112.26,0
Which pianist will win the 19th International Fryderyk Chopin Piano Competition (the 2025 Chopin Competition)?,Zitong Wang,culture,0.485,112.26,0
"What action will the Federal Reserve take regarding the target federal funds rate at its policy decision on September 17, 2025?",Cut 25bps,finance,0.915,112.39,1
"What action will the Federal Reserve take regarding the target federal funds rate at its policy decision on September 17, 2025?",Cut >25bps,finance,0.065,112.39,0
"What action will the Federal Reserve take regarding the target federal funds rate at its policy decision on September 17, 2025?",Fed maintains rate,finance,0.025,112.39,0
"What action will the Federal Reserve take regarding the target federal funds rate at its policy decision on September 17, 2025?",Hike 25bps,finance,0.005,112.39,0
"What action will the Federal Reserve take regarding the target federal funds rate at its policy decision on September 17, 2025?",Hike >25bps,finance,0.005,112.39,0
"Will the month-over-month percent change in the Personal Consumption Expenditures Price Index excluding food and energy (core PCE) for August 2025, rounded to a single decimal, be above 0.0% according to the Bureau of Economic Analysis?",Above 0.0%,finance,0.99,43.39,1
"Will the month-over-month percent change in the Personal Consumption Expenditures Price Index excluding food and energy (core PCE) for August 2025, rounded to a single decimal, be above 0.0% according to the Bureau of Economic Analysis?",Above 0.1%,finance,0.985,43.39,1
"Will the month-over-month percent change in the Personal Consumption Expenditures Price Index excluding food and energy (core PCE) for August 2025, rounded to a single decimal, be above 0.0% according to the Bureau of Economic Analysis?",Above 0.2%,finance,0.275,43.39,0
"Will the month-over-month percent change in the Personal Consumption Expenditures Price Index excluding food and energy (core PCE) for August 2025, rounded to a single decimal, be above 0.0% according to the Bureau of Economic Analysis?",Above 0.3%,finance,0.035,43.39,0
"Will the month-over-month percent change in the Personal Consumption Expenditures Price Index excluding food and energy (core PCE) for August 2025, rounded to a single decimal, be above 0.0% according to the Bureau of Economic Analysis?",Above 0.4%,finance,0.015,43.39,0
"Which college football team, Florida Atlantic or Tulsa, will win the game scheduled for Nov 8, 2025?",Florida Atlantic,sports,0.615,47.37,1
"Which college football team, Florida Atlantic or Tulsa, will win the game scheduled for Nov 8, 2025?",Tulsa,sports,0.385,47.37,0
"Which professional basketball team, Miami or New York, will win the game scheduled for Oct 26, 2025?",Miami,sports,0.405,48.39,1
"Which professional basketball team, Miami or New York, will win the game scheduled for Oct 26, 2025?",New York,sports,0.6,48.39,0
"Which professional baseball team, Philadelphia or Los Angeles D, will win the game scheduled for Oct 8, 2025?",Los Angeles D,sports,0.55,58.38,0
"Which professional baseball team, Philadelphia or Los Angeles D, will win the game scheduled for Oct 8, 2025?",Philadelphia,sports,0.49,58.38,1
"Which professional baseball team, Cincinnati or Minnesota, will win the game scheduled for Jun 19, 2025?",Cincinnati,sports,0.51,7.89,0
"Which professional baseball team, Cincinnati or Minnesota, will win the game scheduled for Jun 19, 2025?",Minnesota,sports,0.49,7.89,1
"Which professional football team, Denver or Cincinnati, will win the game scheduled for Sep 29, 2025 in Denver?",Cincinnati,sports,0.5,290.97,0
"Which professional football team, Denver or Cincinnati, will win the game scheduled for Sep 29, 2025 in Denver?",Denver,sports,0.5,290.97,1
Gran Premio de Mexico Winner?,Alexander Albon,sports,0.005,23.19,0
Gran Premio de Mexico Winner?,Andrea Kimi Antonelli,sports,0.005,23.19,0
Gran Premio de Mexico Winner?,Carlos Sainz Jr.,sports,0.005,23.19,0
Gran Premio de Mexico Winner?,Charles Leclerc,sports,0.15,23.19,0
Gran Premio de Mexico Winner?,Esteban Ocon,sports,0.005,23.19,0
Gran Premio de Mexico Winner?,Fernando Alonso,sports,0.005,23.19,0
Gran Premio de Mexico Winner?,Franco Colapinto,sports,0.005,23.19,0
Gran Premio de Mexico Winner?,Gabriel Bortoleto,sports,0.005,23.19,0
Gran Premio de Mexico Winner?,George Russell,sports,0.02,23.19,0
Gran Premio de Mexico Winner?,Isack Hadjar,sports,0.005,23.19,0
Gran Premio de Mexico Winner?,Lance Stroll,sports,0.005,23.19,0
Gran Premio de Mexico Winner?,Lando Norris,sports,0.655,23.19,1
Gran Premio de Mexico Winner?,Lewis Hamilton,sports,0.055,23.19,0
Gran Premio de Mexico Winner?,Liam Lawson,sports,0.005,23.19,0
Gran Premio de Mexico Winner?,Max Verstappen,sports,0.125,23.19,0
Gran Premio de Mexico Winner?,Nico Hulkenberg,sports,0.005,23.19,0
Gran Premio de Mexico Winner?,Oliver Bearman,sports,0.005,23.19,0
Gran Premio de Mexico Winner?,Oscar Piastri,sports,0.025,23.19,0
Gran Premio de Mexico Winner?,Pierre Gasly,sports,0.005,23.19,0
Gran Premio de Mexico Winner?,Yuki Tsunoda,sports,0.005,23.19,0
"What kind of new merchandise will Palantir release for sale before Jul 1, 2025?",Dresses,finance,0.04,68.97,0
"What kind of new merchandise will Palantir release for sale before Jul 1, 2025?",Hats,finance,0.975,68.97,1
"What kind of new merchandise will Palantir release for sale before Jul 1, 2025?",Pants,finance,0.04,68.97,0
"What kind of new merchandise will Palantir release for sale before Jul 1, 2025?",Swimwear,finance,0.04,68.97,0
"What kind of new merchandise will Palantir release for sale before Jul 1, 2025?",T-shirt,finance,0.975,68.97,1
"Which professional baseball team, Toronto or New York Y, will win Game 3 of their matchup scheduled for Oct 7, 2025?",New York Y,sports,0.585,18.39,1
"Which professional baseball team, Toronto or New York Y, will win Game 3 of their matchup scheduled for Oct 7, 2025?",Toronto,sports,0.415,18.39,0
"Which professional basketball team, Atlanta or Toronto, will win the game scheduled for Oct 22, 2025?",Atlanta,sports,0.665,22.54,0
"Which professional basketball team, Atlanta or Toronto, will win the game scheduled for Oct 22, 2025?",Toronto,sports,0.335,22.54,1
"Which college football team, Georgia St. or South Alabama, will win the game scheduled for Oct 23, 2025?",Georgia St.,sports,0.345,94.17,0
"Which college football team, Georgia St. or South Alabama, will win the game scheduled for Oct 23, 2025?",South Alabama,sports,0.66,94.17,1
"Which college football team, Louisiana or Marshall, will win the Marshall at Louisiana game scheduled for Sep 27, 2025?",Louisiana,sports,0.455,8.05,1
"Which college football team, Louisiana or Marshall, will win the Marshall at Louisiana game scheduled for Sep 27, 2025?",Marshall,sports,0.55,8.05,0
"Which college football team, North Carolina or Clemson, will win the Clemson at North Carolina game scheduled for Oct 4, 2025?",Clemson,sports,0.835,10.75,1
"Which college football team, North Carolina or Clemson, will win the Clemson at North Carolina game scheduled for Oct 4, 2025?",North Carolina,sports,0.165,10.75,0
"Which college football team, South Carolina or Alabama, will win the Alabama at South Carolina game scheduled for Oct 25, 2025?",Alabama,sports,0.815,42.03,1
"Which college football team, South Carolina or Alabama, will win the Alabama at South Carolina game scheduled for Oct 25, 2025?",South Carolina,sports,0.19,42.03,0
"How many album sales will The Life of a Showgirl have on the Hits Daily Double Top 50 chart for Oct 24, 2025?","At least 100,000 albums",culture,0.005,48.16,0
"How many album sales will The Life of a Showgirl have on the Hits Daily Double Top 50 chart for Oct 24, 2025?","At least 125,000 albums",culture,0.055,48.16,0
"How many album sales will The Life of a Showgirl have on the Hits Daily Double Top 50 chart for Oct 24, 2025?","At least 150,000 albums",culture,0.055,48.16,0
"How many album sales will The Life of a Showgirl have on the Hits Daily Double Top 50 chart for Oct 24, 2025?","At least 175,000 albums",culture,0.005,48.16,0
"How many album sales will The Life of a Showgirl have on the Hits Daily Double Top 50 chart for Oct 24, 2025?","At least 200,000 albums",culture,0.005,48.16,0
"How many album sales will The Life of a Showgirl have on the Hits Daily Double Top 50 chart for Oct 24, 2025?","At least 25,000 albums",culture,0.995,48.16,1
"How many album sales will The Life of a Showgirl have on the Hits Daily Double Top 50 chart for Oct 24, 2025?","At least 250,000 albums",culture,0.025,48.16,0
"How many album sales will The Life of a Showgirl have on the Hits Daily Double Top 50 chart for Oct 24, 2025?","At least 50,000 albums",culture,0.215,48.16,0
"How many album sales will The Life of a Showgirl have on the Hits Daily Double Top 50 chart for Oct 24, 2025?","At least 75,000 albums",culture,0.065,48.16,0
"Will 'Downton Abbey: The Grand Finale' have a Rotten Tomatoes Tomatometer score above 45% on Sep 15, 2025 at 10:00 AM ET?",Above 45,culture,0.995,42.9,1
"Will 'Downton Abbey: The Grand Finale' have a Rotten Tomatoes Tomatometer score above 45% on Sep 15, 2025 at 10:00 AM ET?",Above 60,culture,0.995,42.9,1
"Will 'Downton Abbey: The Grand Finale' have a Rotten Tomatoes Tomatometer score above 45% on Sep 15, 2025 at 10:00 AM ET?",Above 75,culture,0.995,42.9,1
"Will 'Downton Abbey: The Grand Finale' have a Rotten Tomatoes Tomatometer score above 45% on Sep 15, 2025 at 10:00 AM ET?",Above 77,culture,0.995,42.9,1
"Will 'Downton Abbey: The Grand Finale' have a Rotten Tomatoes Tomatometer score above 45% on Sep 15, 2025 at 10:00 AM ET?",Above 80,culture,0.995,42.9,1
"Will 'Downton Abbey: The Grand Finale' have a Rotten Tomatoes Tomatometer score above 45% on Sep 15, 2025 at 10:00 AM ET?",Above 82,culture,0.995,42.9,1
"Will 'Downton Abbey: The Grand Finale' have a Rotten Tomatoes Tomatometer score above 45% on Sep 15, 2025 at 10:00 AM ET?",Above 85,culture,0.995,42.9,1
"Will 'Downton Abbey: The Grand Finale' have a Rotten Tomatoes Tomatometer score above 45% on Sep 15, 2025 at 10:00 AM ET?",Above 87,culture,0.975,42.9,1
"Will 'Downton Abbey: The Grand Finale' have a Rotten Tomatoes Tomatometer score above 45% on Sep 15, 2025 at 10:00 AM ET?",Above 90,culture,0.28,42.9,1
"Will 'Downton Abbey: The Grand Finale' have a Rotten Tomatoes Tomatometer score above 45% on Sep 15, 2025 at 10:00 AM ET?",Above 92,culture,0.005,42.9,0
How many album sales will 'Swag II' have on the Hits Daily Double Top 50 chart dated 09/12/2025?,"At least 100,000 albums",culture,0.03,24.88,0
How many album sales will 'Swag II' have on the Hits Daily Double Top 50 chart dated 09/12/2025?,"At least 125,000 albums",culture,0.025,24.88,0
How many album sales will 'Swag II' have on the Hits Daily Double Top 50 chart dated 09/12/2025?,"At least 150,000 albums",culture,0.03,24.88,0
How many album sales will 'Swag II' have on the Hits Daily Double Top 50 chart dated 09/12/2025?,"At least 175,000 albums",culture,0.03,24.88,0
How many album sales will 'Swag II' have on the Hits Daily Double Top 50 chart dated 09/12/2025?,"At least 200,000 albums",culture,0.03,24.88,0
How many album sales will 'Swag II' have on the Hits Daily Double Top 50 chart dated 09/12/2025?,"At least 300,000 albums",culture,0.025,24.88,0
How many album sales will 'Swag II' have on the Hits Daily Double Top 50 chart dated 09/12/2025?,"At least 350,000 albums",culture,0.025,24.88,0
How many album sales will 'Swag II' have on the Hits Daily Double Top 50 chart dated 09/12/2025?,"At least 50,000 albums",culture,0.05,24.88,0
How many album sales will 'Swag II' have on the Hits Daily Double Top 50 chart dated 09/12/2025?,"At least 75,000 albums",culture,0.025,24.88,0
"Which professional football team, Seattle or Tampa Bay, will win the game scheduled for Oct 5, 2025?",Seattle,sports,0.645,20.73,0
"Which professional football team, Seattle or Tampa Bay, will win the game scheduled for Oct 5, 2025?",Tampa Bay,sports,0.355,20.73,1
"Which professional MMA fighter, Ilia Topuria or Charles Oliveira, will win the Topuria vs Oliveira fight scheduled for Jun 28, 2025?",Charles Oliveira,sports,0.23,8.01,0
"Which professional MMA fighter, Ilia Topuria or Charles Oliveira, will win the Topuria vs Oliveira fight scheduled for Jun 28, 2025?",Ilia Topuria,sports,0.775,8.01,1
"Which men's college basketball team, Iowa St. or Mississippi St., will win the Mississippi St. at Iowa St. game scheduled for Nov 10, 2025?",Iowa St.,sports,0.615,27.25,1
"Which men's college basketball team, Iowa St. or Mississippi St., will win the Mississippi St. at Iowa St. game scheduled for Nov 10, 2025?",Mississippi St.,sports,0.385,27.25,0
"Which professional basketball team, Detroit or Chicago, will win the game scheduled for Oct 22, 2025?",Chicago,sports,0.385,21.83,1
"Which professional basketball team, Detroit or Chicago, will win the game scheduled for Oct 22, 2025?",Detroit,sports,0.62,21.83,0
"Will the average regular gasoline price in the United States, as reported by AAA, be strictly greater than $2.80 on Aug 31, 2025?",Above 2.80,finance,0.995,27.92,1
"Will the average regular gasoline price in the United States, as reported by AAA, be strictly greater than $2.80 on Aug 31, 2025?",Above 2.85,finance,0.995,27.92,1
"Will the average regular gasoline price in the United States, as reported by AAA, be strictly greater than $2.80 on Aug 31, 2025?",Above 2.90,finance,0.995,27.92,1
"Will the average regular gasoline price in the United States, as reported by AAA, be strictly greater than $2.80 on Aug 31, 2025?",Above 2.95,finance,0.995,27.92,1
"Will the average regular gasoline price in the United States, as reported by AAA, be strictly greater than $2.80 on Aug 31, 2025?",Above 3.00,finance,0.995,27.92,1
"Will the average regular gasoline price in the United States, as reported by AAA, be strictly greater than $2.80 on Aug 31, 2025?",Above 3.05,finance,0.995,27.92,1
"Will the average regular gasoline price in the United States, as reported by AAA, be strictly greater than $2.80 on Aug 31, 2025?",Above 3.10,finance,0.995,27.92,1
"Will the average regular gasoline price in the United States, as reported by AAA, be strictly greater than $2.80 on Aug 31, 2025?",Above 3.15,finance,0.995,27.92,1
"Will the average regular gasoline price in the United States, as reported by AAA, be strictly greater than $2.80 on Aug 31, 2025?",Above 3.20,finance,0.075,27.92,0
"Will the average regular gasoline price in the United States, as reported by AAA, be strictly greater than $2.80 on Aug 31, 2025?",Above 3.25,finance,0.015,27.92,0
"Will the average regular gasoline price in the United States, as reported by AAA, be strictly greater than $2.80 on Aug 31, 2025?",Above 3.30,finance,0.005,27.92,0
"Which professional baseball team, Houston or the A's, will win the game scheduled for Jul 25, 2025?",A's,sports,0.41,15.3,1
"Which professional baseball team, Houston or the A's, will win the game scheduled for Jul 25, 2025?",Houston,sports,0.595,15.3,0
"Which professional baseball team, San Diego or Chicago C, will win the San Diego vs Chicago C series in the 2025 professional baseball playoffs?",Chicago C,sports,0.755,48.27,1
"Which professional baseball team, San Diego or Chicago C, will win the San Diego vs Chicago C series in the 2025 professional baseball playoffs?",San Diego,sports,0.255,48.27,0
"Which professional MMA fighter, Michael Johnson or Daniel Zellhuber, will win the Johnson vs Zellhuber fight at UFC 318 scheduled for Jul 19, 2025?",Daniel Zellhuber,sports,0.81,86.78,0
"Which professional MMA fighter, Michael Johnson or Daniel Zellhuber, will win the Johnson vs Zellhuber fight at UFC 318 scheduled for Jul 19, 2025?",Michael Johnson,sports,0.19,86.78,1
"Which professional baseball team, Los Angeles D or Philadelphia, will win Game 2 of their matchup scheduled for Oct 6, 2025?",Los Angeles D,sports,0.54,18.79,1
"Which professional baseball team, Los Angeles D or Philadelphia, will win Game 2 of their matchup scheduled for Oct 6, 2025?",Philadelphia,sports,0.465,18.79,0
"Will the first budget reconciliation bill to become law before Jan 1, 2027 impose a tax on foreign remittances with a rate of at least 2%?",At least 2%,politics,0.135,176.25,0
"Will the first budget reconciliation bill to become law before Jan 1, 2027 impose a tax on foreign remittances with a rate of at least 2%?",At least 4%,politics,0.07,176.25,0
"Will the first budget reconciliation bill to become law before Jan 1, 2027 impose a tax on foreign remittances with a rate of at least 2%?",At least 7%,politics,0.025,176.25,0
"Which college football team, Mississippi St. or Georgia, will win the Georgia at Mississippi St. game scheduled for Nov 8, 2025?",Georgia,sports,0.77,139.85,1
"Which college football team, Mississippi St. or Georgia, will win the Georgia at Mississippi St. game scheduled for Nov 8, 2025?",Mississippi St.,sports,0.22,139.85,0
"Which professional baseball team, Philadelphia or Los Angeles A, will win the game scheduled for Jul 19, 2025, in Philadelphia?",Los Angeles A,sports,0.455,13.08,0
"Which professional baseball team, Philadelphia or Los Angeles A, will win the game scheduled for Jul 19, 2025, in Philadelphia?",Philadelphia,sports,0.545,13.08,1
"Which professional UCL soccer team, Bodoe/Glimt or Tottenham, will win the game scheduled for Sep 30, 2025 after 90 minutes plus stoppage time (excluding extra time and penalties)?",Bodoe/Glimt,sports,0.295,130.03,0
"Which professional UCL soccer team, Bodoe/Glimt or Tottenham, will win the game scheduled for Sep 30, 2025 after 90 minutes plus stoppage time (excluding extra time and penalties)?",Tie,sports,0.245,130.03,1
"Which professional UCL soccer team, Bodoe/Glimt or Tottenham, will win the game scheduled for Sep 30, 2025 after 90 minutes plus stoppage time (excluding extra time and penalties)?",Tottenham,sports,0.47,130.03,0
"Which college football team, Iowa or Penn St., will win the Penn St. at Iowa game scheduled for Oct 18, 2025?",Iowa,sports,0.455,167.9,1
"Which college football team, Iowa or Penn St., will win the Penn St. at Iowa game scheduled for Oct 18, 2025?",Penn St.,sports,0.56,167.9,0
"Which college football team, Pittsburgh or North Carolina St., will win their game scheduled for Oct 25, 2025?",North Carolina St.,sports,0.325,46.29,0
"Which college football team, Pittsburgh or North Carolina St., will win their game scheduled for Oct 25, 2025?",Pittsburgh,sports,0.685,46.29,1
"Which professional baseball team, St. Louis or San Diego, will win the game scheduled for Jul 25, 2025, in St. Louis?",San Diego,sports,0.565,13.61,0
"Which professional baseball team, St. Louis or San Diego, will win the game scheduled for Jul 25, 2025, in St. Louis?",St. Louis,sports,0.435,13.61,1
"Which fighter, Tom Aspinall or Ciryl Gane, will win the professional MMA fight scheduled for Oct 25, 2025 (UFC 321: Aspinall vs Gane)?",Ciryl Gane,sports,0.225,42.84,0
"Which fighter, Tom Aspinall or Ciryl Gane, will win the professional MMA fight scheduled for Oct 25, 2025 (UFC 321: Aspinall vs Gane)?",Tom Aspinall,sports,0.775,42.84,0
"Which college football team, Vanderbilt or Utah St., will win the Utah St. at Vanderbilt game scheduled for Sep 27, 2025?",Utah St.,sports,0.07,82.14,0
"Which college football team, Vanderbilt or Utah St., will win the Utah St. at Vanderbilt game scheduled for Sep 27, 2025?",Vanderbilt,sports,0.93,82.14,1
"Which college football team, Nevada or Boise St., will win the Boise St. at Nevada game scheduled for Oct 24, 2025?",Boise St.,sports,0.93,121.68,1
"Which college football team, Nevada or Boise St., will win the Boise St. at Nevada game scheduled for Oct 24, 2025?",Nevada,sports,0.075,121.68,0
"Which college football team, Maryland or Indiana, will win the game scheduled for Nov 1, 2025, at Maryland?",Indiana,sports,0.71,334.66,1
"Which college football team, Maryland or Indiana, will win the game scheduled for Nov 1, 2025, at Maryland?",Maryland,sports,0.32,334.66,0
"Which team, Anyone's Legend or T1, will win the best-of-5 match at the 2025 League of Legends World Championship (LoL Worlds)?",Anyone's Legend,sports,0.535,9.82,0
"Which team, Anyone's Legend or T1, will win the best-of-5 match at the 2025 League of Legends World Championship (LoL Worlds)?",T1,sports,0.475,9.82,1
"What will be the reported album sales for 'The Life of a Showgirl' on the Hits Daily Double Top 50 Chart dated October 10, 2025?","At least 1,500,000 albums",culture,0.985,105.39,1
"What will be the reported album sales for 'The Life of a Showgirl' on the Hits Daily Double Top 50 Chart dated October 10, 2025?","At least 2,000,000 albums",culture,0.985,105.39,1
"What will be the reported album sales for 'The Life of a Showgirl' on the Hits Daily Double Top 50 Chart dated October 10, 2025?","At least 2,500,000 albums",culture,0.975,105.39,1
"What will be the reported album sales for 'The Life of a Showgirl' on the Hits Daily Double Top 50 Chart dated October 10, 2025?","At least 3,000,000 albums",culture,0.96,105.39,1
"What will be the reported album sales for 'The Life of a Showgirl' on the Hits Daily Double Top 50 Chart dated October 10, 2025?","At least 3,500,000 albums",culture,0.65,105.39,0
"What will be the reported album sales for 'The Life of a Showgirl' on the Hits Daily Double Top 50 Chart dated October 10, 2025?","At least 4,000,000 albums",culture,0.435,105.39,0
"What will be the reported album sales for 'The Life of a Showgirl' on the Hits Daily Double Top 50 Chart dated October 10, 2025?","At least 4,500,000 albums",culture,0.06,105.39,0
"What will be the reported album sales for 'The Life of a Showgirl' on the Hits Daily Double Top 50 Chart dated October 10, 2025?","At least 5,000,000 albums",culture,0.045,105.39,0
"Which college football team, Coastal Carolina or Marshall, will win the game scheduled for Oct 30, 2025?",Coastal Carolina,sports,0.385,97.69,1
"Which college football team, Coastal Carolina or Marshall, will win the game scheduled for Oct 30, 2025?",Marshall,sports,0.615,97.69,0
"Which English Premier League (EPL) team, Tottenham or Wolverhampton, will win the match scheduled for Sep 27, 2025 after 90 minutes plus stoppage time (excluding extra time and penalties)?",Tie,sports,0.185,52.38,1
"Which English Premier League (EPL) team, Tottenham or Wolverhampton, will win the match scheduled for Sep 27, 2025 after 90 minutes plus stoppage time (excluding extra time and penalties)?",Tottenham,sports,0.675,52.38,0
"Which English Premier League (EPL) team, Tottenham or Wolverhampton, will win the match scheduled for Sep 27, 2025 after 90 minutes plus stoppage time (excluding extra time and penalties)?",Wolverhampton,sports,0.135,52.38,0
"Which college football team, Georgia Southern or Southern Miss, will win the game scheduled for Oct 9, 2025, at Georgia Southern?",Georgia Southern,sports,0.405,13.06,0
"Which college football team, Georgia Southern or Southern Miss, will win the game scheduled for Oct 9, 2025, at Georgia Southern?",Southern Miss,sports,0.6,13.06,1
"Which college football team, Rice or UConn, will win the UConn at Rice college football game scheduled for Oct 25, 2025?",Rice,sports,0.22,41.51,1
"Which college football team, Rice or UConn, will win the UConn at Rice college football game scheduled for Oct 25, 2025?",UConn,sports,0.78,41.51,0
AL Central Division Winner?,Chicago WS,sports,0.005,14.42,0
AL Central Division Winner?,Cleveland,sports,0.765,14.42,1
AL Central Division Winner?,Detroit,sports,0.235,14.42,0
AL Central Division Winner?,Kansas City,sports,0.005,14.42,0
AL Central Division Winner?,Minnesota,sports,0.005,14.42,0
"Which college football team, Buffalo or Eastern Michigan, will win the game scheduled for Oct 4, 2025, at Buffalo?",Buffalo,sports,0.755,12.3,1
"Which college football team, Buffalo or Eastern Michigan, will win the game scheduled for Oct 4, 2025, at Buffalo?",Eastern Michigan,sports,0.245,12.3,0
"Which professional baseball team, Milwaukee or Chicago C, will win the Milwaukee vs Chicago C (Game 3) professional baseball game scheduled for Oct 8, 2025?",Chicago C,sports,0.52,16.15,1
"Which professional baseball team, Milwaukee or Chicago C, will win the Milwaukee vs Chicago C (Game 3) professional baseball game scheduled for Oct 8, 2025?",Milwaukee,sports,0.48,16.15,0
"Will any person be formally charged with a crime in relation to the October 19, 2025 theft of France's Crown Jewels from the Apollo Gallery in the Louvre Museum in any jurisdiction before Nov 1, 2025?",Before 2026,politics,0.96,69.74,1
"Will any person be formally charged with a crime in relation to the October 19, 2025 theft of France's Crown Jewels from the Apollo Gallery in the Louvre Museum in any jurisdiction before Nov 1, 2025?",Before December,politics,0.89,69.74,1
"Will any person be formally charged with a crime in relation to the October 19, 2025 theft of France's Crown Jewels from the Apollo Gallery in the Louvre Museum in any jurisdiction before Nov 1, 2025?",Before November,politics,0.73,69.74,1
"Which professional football team, Tampa Bay or New England, will win the game scheduled for Nov 9, 2025?",New England,sports,0.465,212.98,1
"Which professional football team, Tampa Bay or New England, will win the game scheduled for Nov 9, 2025?",Tampa Bay,sports,0.535,212.98,0
"Which college football team, Southern Miss or Louisiana-Monroe, will win the game (Louisiana-Monroe at Southern Miss) scheduled for Oct 25, 2025?",Louisiana-Monroe,sports,0.19,41.69,0
"Which college football team, Southern Miss or Louisiana-Monroe, will win the game (Louisiana-Monroe at Southern Miss) scheduled for Oct 25, 2025?",Southern Miss,sports,0.81,41.69,1
"Will any Reddit, Inc. representative (including the call operator) say the words ""Shutdown"" or ""Shut Down"" during Reddit, Inc.'s next earnings call (including the Q&A)?",Algorithm,finance,0.72,161.57,0
"Will any Reddit, Inc. representative (including the call operator) say the words ""Shutdown"" or ""Shut Down"" during Reddit, Inc.'s next earnings call (including the Q&A)?",Election,finance,0.155,161.57,0
"Will any Reddit, Inc. representative (including the call operator) say the words ""Shutdown"" or ""Shut Down"" during Reddit, Inc.'s next earnings call (including the Q&A)?",Game,finance,0.625,161.57,1
"Will any Reddit, Inc. representative (including the call operator) say the words ""Shutdown"" or ""Shut Down"" during Reddit, Inc.'s next earnings call (including the Q&A)?",Machine Translation,finance,0.835,161.57,1
"Will any Reddit, Inc. representative (including the call operator) say the words ""Shutdown"" or ""Shut Down"" during Reddit, Inc.'s next earnings call (including the Q&A)?",OpenAI / Open AI,finance,0.345,161.57,0
"Will any Reddit, Inc. representative (including the call operator) say the words ""Shutdown"" or ""Shut Down"" during Reddit, Inc.'s next earnings call (including the Q&A)?",Reddit Pro (3+ times),finance,0.795,161.57,1
"Will any Reddit, Inc. representative (including the call operator) say the words ""Shutdown"" or ""Shut Down"" during Reddit, Inc.'s next earnings call (including the Q&A)?",Shutdown / Shut Down,finance,0.11,161.57,0
"Will any Reddit, Inc. representative (including the call operator) say the words ""Shutdown"" or ""Shut Down"" during Reddit, Inc.'s next earnings call (including the Q&A)?",Smartly,finance,0.275,161.57,1
"Will any Reddit, Inc. representative (including the call operator) say the words ""Shutdown"" or ""Shut Down"" during Reddit, Inc.'s next earnings call (including the Q&A)?",TikTok,finance,0.17,161.57,0
"Will any Reddit, Inc. representative (including the call operator) say the words ""Shutdown"" or ""Shut Down"" during Reddit, Inc.'s next earnings call (including the Q&A)?",Traffic,finance,0.895,161.57,1
"Which professional La Liga soccer team, Getafe or Levante, will win the match scheduled for Sep 27, 2025? (Result considered after 90 minutes plus stoppage time; excludes extra time and penalties.)",Getafe,sports,0.475,15.84,0
"Which professional La Liga soccer team, Getafe or Levante, will win the match scheduled for Sep 27, 2025? (Result considered after 90 minutes plus stoppage time; excludes extra time and penalties.)",Levante,sports,0.225,15.84,0
"Which professional La Liga soccer team, Getafe or Levante, will win the match scheduled for Sep 27, 2025? (Result considered after 90 minutes plus stoppage time; excludes extra time and penalties.)",Tie,sports,0.31,15.84,1
"Which professional baseball team, Miami or Philadelphia, will win the game scheduled for Jun 19, 2025?",Miami,sports,0.4,13.03,0
"Which professional baseball team, Miami or Philadelphia, will win the game scheduled for Jun 19, 2025?",Philadelphia,sports,0.6,13.03,1
How many wins will the Chicago C pro baseball team have in the 2025 regular season?,More than 100 wins,sports,0.44,2486.53,0
How many wins will the Chicago C pro baseball team have in the 2025 regular season?,More than 110 wins,sports,0.295,2486.53,0
How many wins will the Chicago C pro baseball team have in the 2025 regular season?,More than 70 wins,sports,0.83,2486.53,1
How many wins will the Chicago C pro baseball team have in the 2025 regular season?,More than 80 wins,sports,0.78,2486.53,1
How many wins will the Chicago C pro baseball team have in the 2025 regular season?,More than 90 wins,sports,0.67,2486.53,1
"Which college football team, North Texas or South Florida, will win the South Florida at North Texas game scheduled for Oct 10, 2025?",North Texas,sports,0.515,15.98,0
"Which college football team, North Texas or South Florida, will win the South Florida at North Texas game scheduled for Oct 10, 2025?",South Florida,sports,0.495,15.98,1
US Open Women's Tennis Winner?,Amanda Anisimova,sports,0.04,189.93,0
US Open Women's Tennis Winner?,Anastasia Zakharova,sports,0.5,189.93,0
US Open Women's Tennis Winner?,Ann Li,sports,0.005,189.93,0
US Open Women's Tennis Winner?,Anna Kalinskaya,sports,0.005,189.93,0
US Open Women's Tennis Winner?,Barbora Krejcikova,sports,0.005,189.93,0
US Open Women's Tennis Winner?,Beatriz Haddad Maia,sports,0.005,189.93,0
US Open Women's Tennis Winner?,Clara Tauson,sports,0.005,189.93,0
US Open Women's Tennis Winner?,Cristina Bucsa,sports,0.005,189.93,0
US Open Women's Tennis Winner?,Danielle Collins,sports,0.5,189.93,0
US Open Women's Tennis Winner?,Daria Kasatkina,sports,0.005,189.93,0
US Open Women's Tennis Winner?,Diana Shnaider,sports,0.5,189.93,0
US Open Women's Tennis Winner?,Diane Parry,sports,0.005,189.93,0
US Open Women's Tennis Winner?,Donna Vekic,sports,0.5,189.93,0
US Open Women's Tennis Winner?,Ekaterina Alexandrova,sports,0.005,189.93,0
US Open Women's Tennis Winner?,Elina Svitolina,sports,0.5,189.93,0
US Open Women's Tennis Winner?,Elise Mertens,sports,0.5,189.93,0
US Open Women's Tennis Winner?,Elsa Jacquemot,sports,0.5,189.93,0
US Open Women's Tennis Winner?,Emma Navarro,sports,0.01,189.93,0
US Open Women's Tennis Winner?,Eva Lys,sports,0.005,189.93,0
US Open Women's Tennis Winner?,Hailey Baptiste,sports,0.5,189.93,0
US Open Women's Tennis Winner?,Iva Jovic,sports,0.5,189.93,0
US Open Women's Tennis Winner?,Jaqueline Cristian,sports,0.005,189.93,0
US Open Women's Tennis Winner?,Jelena Ostapenko,sports,0.5,189.93,0
US Open Women's Tennis Winner?,Kamilla Rakhimova,sports,0.5,189.93,0
US Open Women's Tennis Winner?,Laura Siegemund,sports,0.005,189.93,0
US Open Women's Tennis Winner?,Leylah Annie Fernandez,sports,0.005,189.93,0
US Open Women's Tennis Winner?,Linda Noskova,sports,0.005,189.93,0
US Open Women's Tennis Winner?,Liudmila Samsonova,sports,0.5,189.93,0
US Open Women's Tennis Winner?,Lulu Sun,sports,0.5,189.93,0
US Open Women's Tennis Winner?,Magdalena Frech,sports,0.005,189.93,0
US Open Women's Tennis Winner?,Maria Sakkari,sports,0.005,189.93,0
US Open Women's Tennis Winner?,Marketa Vondrousova,sports,0.01,189.93,0
US Open Women's Tennis Winner?,Marta Kostyuk,sports,0.005,189.93,0
US Open Women's Tennis Winner?,Maya Joint,sports,0.5,189.93,0
US Open Women's Tennis Winner?,Ons Jabeur,sports,0.005,189.93,0
US Open Women's Tennis Winner?,Paula Badosa,sports,0.005,189.93,0
US Open Women's Tennis Winner?,Peyton Stearns,sports,0.5,189.93,0
US Open Women's Tennis Winner?,Renata Zarazua,sports,0.5,189.93,0
US Open Women's Tennis Winner?,Sorana Cirstea,sports,0.5,189.93,0
US Open Women's Tennis Winner?,Suzan Lamens,sports,0.5,189.93,0
US Open Women's Tennis Winner?,Taylor Townsend,sports,0.01,189.93,0
US Open Women's Tennis Winner?,Victoria Azarenka,sports,0.5,189.93,0
US Open Women's Tennis Winner?,Viktorija Golubic,sports,0.5,189.93,0
US Open Women's Tennis Winner?,Zeynep Sonmez,sports,0.5,189.93,0
"Which college football team, Northwestern or Louisiana-Monroe, will win the game at Northwestern scheduled for Oct 4, 2025?",Louisiana-Monroe,sports,0.2,23.99,0
"Which college football team, Northwestern or Louisiana-Monroe, will win the game at Northwestern scheduled for Oct 4, 2025?",Northwestern,sports,0.8,23.99,1
"Which professional English Premier League (EPL) team, Brentford or Manchester City, will win the match scheduled for Oct 5, 2025, after 90 minutes plus stoppage time (extra time and penalties excluded)?",Brentford,sports,0.165,7.6,0
"Which professional English Premier League (EPL) team, Brentford or Manchester City, will win the match scheduled for Oct 5, 2025, after 90 minutes plus stoppage time (extra time and penalties excluded)?",Manchester City,sports,0.615,7.6,1
"Which professional English Premier League (EPL) team, Brentford or Manchester City, will win the match scheduled for Oct 5, 2025, after 90 minutes plus stoppage time (extra time and penalties excluded)?",Tie,sports,0.215,7.6,0
"Which professional baseball team, Los Angeles D or Philadelphia, will win Game 1 of their matchup scheduled for Oct 4, 2025?",Los Angeles D,sports,0.48,15.23,1
"Which professional baseball team, Los Angeles D or Philadelphia, will win Game 1 of their matchup scheduled for Oct 4, 2025?",Philadelphia,sports,0.505,15.23,0
"Which college football team, BYU or TCU, will win the game at BYU scheduled for Nov 15, 2025?",BYU,sports,0.605,30.46,1
"Which college football team, BYU or TCU, will win the game at BYU scheduled for Nov 15, 2025?",TCU,sports,0.405,30.46,0
"Will funding for the Corporation for Public Broadcasting (which supports PBS and NPR) be eliminated before Jan 1, 2026?",Before 2026,politics,0.91,318.49,1
"Which professional baseball team, Chicago C or Milwaukee, will win the game scheduled for Oct 6, 2025?",Chicago C,sports,0.47,26.03,0
"Which professional baseball team, Chicago C or Milwaukee, will win the game scheduled for Oct 6, 2025?",Milwaukee,sports,0.535,26.03,1
"Which professional baseball team, Milwaukee or Chicago C, will win the Milwaukee vs Chicago C (Game 3) professional baseball game scheduled for Oct 8, 2025?",Chicago C,sports,0.52,14.73,1
"Which professional baseball team, Milwaukee or Chicago C, will win the Milwaukee vs Chicago C (Game 3) professional baseball game scheduled for Oct 8, 2025?",Milwaukee,sports,0.48,14.73,0
"Which professional baseball team, Los Angeles D or Philadelphia, will win Game 1 of their matchup scheduled for Oct 4, 2025?",Los Angeles D,sports,0.485,16.97,1
"Which professional baseball team, Los Angeles D or Philadelphia, will win Game 1 of their matchup scheduled for Oct 4, 2025?",Philadelphia,sports,0.505,16.97,0
"Which college football team, South Florida or Charlotte, will win the game scheduled for Oct 3, 2025?",Charlotte,sports,0.035,19.15,0
"Which college football team, South Florida or Charlotte, will win the game scheduled for Oct 3, 2025?",South Florida,sports,0.965,19.15,1
"Which college football team, Texas Tech or Kent St., will win the game scheduled for Sep 6, 2025?",Kent St.,sports,0.025,139.12,0
"Which college football team, Texas Tech or Kent St., will win the game scheduled for Sep 6, 2025?",Texas Tech,sports,0.98,139.12,1
"Which professional tennis player, Carlos Taberner or Pierre-Hugues Herbert, will advance past the round of 32 in the 2025 ATP Umag tournament?",Carlos Taberner,sports,0.365,28.66,1
"Which professional tennis player, Carlos Taberner or Pierre-Hugues Herbert, will advance past the round of 32 in the 2025 ATP Umag tournament?",Pierre-Hugues Herbert,sports,0.23,28.66,0
"Which college football team, Rice or UAB, will win the game scheduled for Nov 8, 2025?",Rice,sports,0.56,118.22,1
"Which college football team, Rice or UAB, will win the game scheduled for Nov 8, 2025?",UAB,sports,0.44,118.22,0
"Which college football team, Virginia or William & Mary, will win the game scheduled for Sep 13, 2025?",Virginia,sports,0.935,138.94,1
"Which college football team, Virginia or William & Mary, will win the game scheduled for Sep 13, 2025?",William & Mary,sports,0.07,138.94,0
"Which college football team, Florida St. or Miami (FL), will win the game scheduled for Oct 4, 2025?",Florida St.,sports,0.375,25.47,0
"Which college football team, Florida St. or Miami (FL), will win the game scheduled for Oct 4, 2025?",Miami (FL),sports,0.635,25.47,1
"Which college football team, Baylor or Samford, will win the Samford at Baylor game scheduled for Sep 13, 2025?",Baylor,sports,0.955,138.92,1
"Which college football team, Baylor or Samford, will win the Samford at Baylor game scheduled for Sep 13, 2025?",Samford,sports,0.045,138.92,0
"Which professional football team, Atlanta or Washington, will win the Washington at Atlanta game scheduled for Sep 28, 2025?",Atlanta,sports,0.475,64.82,1
"Which professional football team, Atlanta or Washington, will win the Washington at Atlanta game scheduled for Sep 28, 2025?",Washington,sports,0.525,64.82,0
"Which professional football team, New Orleans or New York G, will win the game scheduled for Oct 5, 2025 in New Orleans?",New Orleans,sports,0.445,164.06,1
"Which professional football team, New Orleans or New York G, will win the game scheduled for Oct 5, 2025 in New Orleans?",New York G,sports,0.555,164.06,0
"Which college football team, Oklahoma St. or Tulsa, will win the Tulsa at Oklahoma St. game scheduled for Sep 19, 2025?",Oklahoma St.,sports,0.835,146.93,0
"Which college football team, Oklahoma St. or Tulsa, will win the Tulsa at Oklahoma St. game scheduled for Sep 19, 2025?",Tulsa,sports,0.185,146.93,1
"Will The Witcher: Season 4 have a Rotten Tomatoes Tomatometer score above 45 on Dec 31, 2025 at 10:00AM ET?",Above 45,culture,0.8,11.83,1
"Will The Witcher: Season 4 have a Rotten Tomatoes Tomatometer score above 45 on Dec 31, 2025 at 10:00AM ET?",Above 50,culture,0.605,11.83,1
"Will The Witcher: Season 4 have a Rotten Tomatoes Tomatometer score above 45 on Dec 31, 2025 at 10:00AM ET?",Above 55,culture,0.525,11.83,1
"Will The Witcher: Season 4 have a Rotten Tomatoes Tomatometer score above 45 on Dec 31, 2025 at 10:00AM ET?",Above 65,culture,0.105,11.83,0
"Will The Witcher: Season 4 have a Rotten Tomatoes Tomatometer score above 45 on Dec 31, 2025 at 10:00AM ET?",Above 70,culture,0.05,11.83,0
"Will The Witcher: Season 4 have a Rotten Tomatoes Tomatometer score above 45 on Dec 31, 2025 at 10:00AM ET?",Above 75,culture,0.125,11.83,0
"Will The Witcher: Season 4 have a Rotten Tomatoes Tomatometer score above 45 on Dec 31, 2025 at 10:00AM ET?",Above 90,culture,0.04,11.83,0
"Which professional baseball team, Milwaukee or Los Angeles D, will win Game 3 of the Milwaukee vs Los Angeles D series scheduled for Oct 16, 2025?",Los Angeles D,sports,0.635,22.01,1
"Which professional baseball team, Milwaukee or Los Angeles D, will win Game 3 of the Milwaukee vs Los Angeles D series scheduled for Oct 16, 2025?",Milwaukee,sports,0.37,22.01,0
"Which professional MMA fighter, Alexandre Pantoja or Kai Kara-France, will win the Pantoja vs Kara-France fight scheduled for Jun 28, 2025?",Alexandre Pantoja,sports,0.68,8.62,1
"Which professional MMA fighter, Alexandre Pantoja or Kai Kara-France, will win the Pantoja vs Kara-France fight scheduled for Jun 28, 2025?",Kai Kara-France,sports,0.32,8.62,0
"Which college football team, Florida Atlantic or Memphis, will win the game scheduled for Sep 27, 2025?",Florida Atlantic,sports,0.17,8.73,0
"Which college football team, Florida Atlantic or Memphis, will win the game scheduled for Sep 27, 2025?",Memphis,sports,0.83,8.73,1
"Which professional football team, Miami or New York J, will win the game scheduled for Sep 29, 2025?",Miami,sports,0.5,290.06,1
"Which professional football team, Miami or New York J, will win the game scheduled for Sep 29, 2025?",New York J,sports,0.5,290.06,0
"Which professional basketball team, Memphis or Indiana, will win the game scheduled for Oct 25, 2025?",Indiana,sports,0.54,22.88,0
"Which professional basketball team, Memphis or Indiana, will win the game scheduled for Oct 25, 2025?",Memphis,sports,0.465,22.88,1
"Which men's college basketball team, Villanova or Duquesne, will win the game scheduled for Nov 15, 2025 at Villanova?",Duquesne,sports,0.155,28.09,0
"Which men's college basketball team, Villanova or Duquesne, will win the game scheduled for Nov 15, 2025 at Villanova?",Villanova,sports,0.845,28.09,1
"Which college football team, North Texas or Navy, will win the game scheduled for Nov 1, 2025 (Navy at North Texas)?",Navy,sports,0.325,88.59,0
"Which college football team, North Texas or Navy, will win the game scheduled for Nov 1, 2025 (Navy at North Texas)?",North Texas,sports,0.675,88.59,1
"Which college football team, Ole Miss or LSU, will win the game scheduled for Sep 27, 2025 at Ole Miss?",LSU,sports,0.465,20.81,0
"Which college football team, Ole Miss or LSU, will win the game scheduled for Sep 27, 2025 at Ole Miss?",Ole Miss,sports,0.535,20.81,1
"Which professional football team, Kansas City or Baltimore, will win the game scheduled for Sep 28, 2025?",Baltimore,sports,0.585,131.55,0
"Which professional football team, Kansas City or Baltimore, will win the game scheduled for Sep 28, 2025?",Kansas City,sports,0.42,131.55,1
"Which professional football team, Minnesota or Philadelphia, will win the Philadelphia at Minnesota game scheduled for Oct 19, 2025?",Minnesota,sports,0.38,260.0,0
"Which professional football team, Minnesota or Philadelphia, will win the Philadelphia at Minnesota game scheduled for Oct 19, 2025?",Philadelphia,sports,0.62,260.0,1
"Which college football team, Oklahoma St. or Baylor, will win the game scheduled for Sep 27, 2025 (Baylor at Oklahoma St.)?",Baylor,sports,0.915,95.07,1
"Which college football team, Oklahoma St. or Baylor, will win the game scheduled for Sep 27, 2025 (Baylor at Oklahoma St.)?",Oklahoma St.,sports,0.085,95.07,0
"Which college football team, Sam Houston or Jacksonville St., will win the game scheduled for Oct 9, 2025?",Jacksonville St.,sports,0.725,49.47,1
"Which college football team, Sam Houston or Jacksonville St., will win the game scheduled for Oct 9, 2025?",Sam Houston,sports,0.275,49.47,0
Who will be the Republican nominee for Tennessee's 7th Congressional District (TN-7) for the 2025 U.S. House election?,Alice Rolli,other,0.025,1873.98,0
Who will be the Republican nominee for Tennessee's 7th Congressional District (TN-7) for the 2025 U.S. House election?,Brandon Ogles,other,0.03,1873.98,0
Who will be the Republican nominee for Tennessee's 7th Congressional District (TN-7) for the 2025 U.S. House election?,Brian Clifford,other,0.03,1873.98,0
Who will be the Republican nominee for Tennessee's 7th Congressional District (TN-7) for the 2025 U.S. House election?,Cameron Sexton,other,0.03,1873.98,0
Who will be the Republican nominee for Tennessee's 7th Congressional District (TN-7) for the 2025 U.S. House election?,Chris Burger,other,0.03,1873.98,0
Who will be the Republican nominee for Tennessee's 7th Congressional District (TN-7) for the 2025 U.S. House election?,Gino Bulso,other,0.025,1873.98,0
Who will be the Republican nominee for Tennessee's 7th Congressional District (TN-7) for the 2025 U.S. House election?,Jason Knight,other,0.025,1873.98,0
Who will be the Republican nominee for Tennessee's 7th Congressional District (TN-7) for the 2025 U.S. House election?,Jody Barrett,other,0.18,1873.98,0
Who will be the Republican nominee for Tennessee's 7th Congressional District (TN-7) for the 2025 U.S. House election?,Jon Rich,other,0.03,1873.98,0
Who will be the Republican nominee for Tennessee's 7th Congressional District (TN-7) for the 2025 U.S. House election?,Jon Thorp,other,0.03,1873.98,0
Who will be the Republican nominee for Tennessee's 7th Congressional District (TN-7) for the 2025 U.S. House election?,Lee Reeves,other,0.175,1873.98,0
Who will be the Republican nominee for Tennessee's 7th Congressional District (TN-7) for the 2025 U.S. House election?,Mark Moore,other,0.03,1873.98,0
Who will be the Republican nominee for Tennessee's 7th Congressional District (TN-7) for the 2025 U.S. House election?,Mason Foley,other,0.03,1873.98,0
Who will be the Republican nominee for Tennessee's 7th Congressional District (TN-7) for the 2025 U.S. House election?,Matt Van Epps,other,0.47,1873.98,1
Who will be the Republican nominee for Tennessee's 7th Congressional District (TN-7) for the 2025 U.S. House election?,Michael Lofti,other,0.03,1873.98,0
Who will be the Republican nominee for Tennessee's 7th Congressional District (TN-7) for the 2025 U.S. House election?,Stewart Parks,other,0.025,1873.98,0
"Which professional football team, Pittsburgh or Minnesota, will win the Minnesota at Pittsburgh game scheduled for Sep 28, 2025?",Minnesota,sports,0.58,128.4,0
"Which professional football team, Pittsburgh or Minnesota, will win the Minnesota at Pittsburgh game scheduled for Sep 28, 2025?",Pittsburgh,sports,0.42,128.4,1
"Which professional MLS soccer team, Chicago Fire or Charlotte, will win the game scheduled for Jun 28, 2025 after 90 minutes plus stoppage time (excluding extra time and penalties)?",Charlotte,sports,0.3,9.62,0
"Which professional MLS soccer team, Chicago Fire or Charlotte, will win the game scheduled for Jun 28, 2025 after 90 minutes plus stoppage time (excluding extra time and penalties)?",Chicago Fire,sports,0.46,9.62,1
"Which professional MLS soccer team, Chicago Fire or Charlotte, will win the game scheduled for Jun 28, 2025 after 90 minutes plus stoppage time (excluding extra time and penalties)?",Tie,sports,0.23,9.62,0
"Will any American Airlines Group Inc. representative (including the operator of the call) say ""ATC"" during the next American Airlines Group Inc. earnings call (including the Q+A)?",AT&T,finance,0.31,45.74,1
"Will any American Airlines Group Inc. representative (including the operator of the call) say ""ATC"" during the next American Airlines Group Inc. earnings call (including the Q+A)?",ATC,finance,0.61,45.74,0
"Will any American Airlines Group Inc. representative (including the operator of the call) say ""ATC"" during the next American Airlines Group Inc. earnings call (including the Q+A)?",Centennial,finance,0.635,45.74,0
"Will any American Airlines Group Inc. representative (including the operator of the call) say ""ATC"" during the next American Airlines Group Inc. earnings call (including the Q+A)?",Citi,finance,0.765,45.74,1
"Will any American Airlines Group Inc. representative (including the operator of the call) say ""ATC"" during the next American Airlines Group Inc. earnings call (including the Q+A)?",Holiday,finance,0.605,45.74,1
"Will any American Airlines Group Inc. representative (including the operator of the call) say ""ATC"" during the next American Airlines Group Inc. earnings call (including the Q+A)?",Lavazza,finance,0.575,45.74,1
"Will any American Airlines Group Inc. representative (including the operator of the call) say ""ATC"" during the next American Airlines Group Inc. earnings call (including the Q+A)?",Record,finance,0.64,45.74,1
"Will any American Airlines Group Inc. representative (including the operator of the call) say ""ATC"" during the next American Airlines Group Inc. earnings call (including the Q+A)?",Shutdown / Shut Down,finance,0.605,45.74,1
"Will any American Airlines Group Inc. representative (including the operator of the call) say ""ATC"" during the next American Airlines Group Inc. earnings call (including the Q+A)?",Tariff,finance,0.5,45.74,0
"Will any American Airlines Group Inc. representative (including the operator of the call) say ""ATC"" during the next American Airlines Group Inc. earnings call (including the Q+A)?",Technology,finance,0.71,45.74,1
"Will any American Airlines Group Inc. representative (including the operator of the call) say ""ATC"" during the next American Airlines Group Inc. earnings call (including the Q+A)?",Weather,finance,0.765,45.74,0
"Will any American Airlines Group Inc. representative (including the operator of the call) say ""ATC"" during the next American Airlines Group Inc. earnings call (including the Q+A)?",World Cup,finance,0.53,45.74,0
"Which college football team, Army or Temple, will win the Temple at Army game scheduled for Nov 8, 2025?",Army,sports,0.675,139.69,1
"Which college football team, Army or Temple, will win the Temple at Army game scheduled for Nov 8, 2025?",Temple,sports,0.315,139.69,0
"Will the first budget reconciliation bill to become law before Jan 1, 2027 impose a tax on foreign remittances with a rate of at least 2%?",At least 2%,politics,0.145,80.3,0
"Will the first budget reconciliation bill to become law before Jan 1, 2027 impose a tax on foreign remittances with a rate of at least 2%?",At least 4%,politics,0.045,80.3,0
"Will the first budget reconciliation bill to become law before Jan 1, 2027 impose a tax on foreign remittances with a rate of at least 2%?",At least 7%,politics,0.215,80.3,0
What will Zohran Mamdani say during the Bernie Sanders 'Fighting the Oligarchy' tour stop on Saturday 9/6?,Alexandria Ocasio-Cortez / AOC,politics,0.005,48.27,0
What will Zohran Mamdani say during the Bernie Sanders 'Fighting the Oligarchy' tour stop on Saturday 9/6?,Andrew / Cuomo,politics,0.995,48.27,1
What will Zohran Mamdani say during the Bernie Sanders 'Fighting the Oligarchy' tour stop on Saturday 9/6?,Communism / Communist,politics,0.005,48.27,0
What will Zohran Mamdani say during the Bernie Sanders 'Fighting the Oligarchy' tour stop on Saturday 9/6?,Debate,politics,0.995,48.27,1
What will Zohran Mamdani say during the Bernie Sanders 'Fighting the Oligarchy' tour stop on Saturday 9/6?,Donald / Trump,politics,0.995,48.27,1
What will Zohran Mamdani say during the Bernie Sanders 'Fighting the Oligarchy' tour stop on Saturday 9/6?,Dream,politics,0.185,48.27,0
What will Zohran Mamdani say during the Bernie Sanders 'Fighting the Oligarchy' tour stop on Saturday 9/6?,Drop out,politics,0.005,48.27,0
What will Zohran Mamdani say during the Bernie Sanders 'Fighting the Oligarchy' tour stop on Saturday 9/6?,Eric / Adams,politics,0.995,48.27,1
What will Zohran Mamdani say during the Bernie Sanders 'Fighting the Oligarchy' tour stop on Saturday 9/6?,Fascist,politics,0.005,48.27,0
What will Zohran Mamdani say during the Bernie Sanders 'Fighting the Oligarchy' tour stop on Saturday 9/6?,Freedom,politics,0.225,48.27,0
What will Zohran Mamdani say during the Bernie Sanders 'Fighting the Oligarchy' tour stop on Saturday 9/6?,Freeze the Rent,politics,0.125,48.27,0
What will Zohran Mamdani say during the Bernie Sanders 'Fighting the Oligarchy' tour stop on Saturday 9/6?,Hakeem / Jeffries,politics,0.005,48.27,0
What will Zohran Mamdani say during the Bernie Sanders 'Fighting the Oligarchy' tour stop on Saturday 9/6?,Hamburger,politics,0.005,48.27,0
What will Zohran Mamdani say during the Bernie Sanders 'Fighting the Oligarchy' tour stop on Saturday 9/6?,Homelessness,politics,0.225,48.27,0
What will Zohran Mamdani say during the Bernie Sanders 'Fighting the Oligarchy' tour stop on Saturday 9/6?,Immigrant,politics,0.995,48.27,1
What will Zohran Mamdani say during the Bernie Sanders 'Fighting the Oligarchy' tour stop on Saturday 9/6?,Oligarchy (5+ times),politics,0.005,48.27,0
What will Zohran Mamdani say during the Bernie Sanders 'Fighting the Oligarchy' tour stop on Saturday 9/6?,One Percent,politics,0.005,48.27,0
What will Zohran Mamdani say during the Bernie Sanders 'Fighting the Oligarchy' tour stop on Saturday 9/6?,Sexual,politics,0.005,48.27,0
What will Zohran Mamdani say during the Bernie Sanders 'Fighting the Oligarchy' tour stop on Saturday 9/6?,Socialism / Socialist,politics,0.995,48.27,1
What will Zohran Mamdani say during the Bernie Sanders 'Fighting the Oligarchy' tour stop on Saturday 9/6?,Uganda,politics,0.61,48.27,0
"Which college football team, San Jose St. or New Mexico, will win the game scheduled for Oct 3, 2025?",New Mexico,sports,0.455,18.98,0
"Which college football team, San Jose St. or New Mexico, will win the game scheduled for Oct 3, 2025?",San Jose St.,sports,0.545,18.98,1
"Which professional tennis player, Yoshihito Nishioka or Jenson Brooksby, will advance past the round of 64 in the 2025 ATP Washington tournament?",Jenson Brooksby,sports,0.725,11.82,0
"Which professional tennis player, Yoshihito Nishioka or Jenson Brooksby, will advance past the round of 64 in the 2025 ATP Washington tournament?",Yoshihito Nishioka,sports,0.265,11.82,1
"Which professional basketball team, Brooklyn or San Antonio, will win the game scheduled for Oct 26, 2025?",Brooklyn,sports,0.23,42.24,0
"Which professional basketball team, Brooklyn or San Antonio, will win the game scheduled for Oct 26, 2025?",San Antonio,sports,0.775,42.24,1
"Which college football team, UMass or Buffalo, will win the game scheduled for Oct 18, 2025?",Buffalo,sports,0.865,141.29,1
"Which college football team, UMass or Buffalo, will win the game scheduled for Oct 18, 2025?",UMass,sports,0.135,141.29,0
"Which college football team, Georgia Southern or Southern Miss, will win the game scheduled for Oct 9, 2025, at Georgia Southern?",Georgia Southern,sports,0.44,97.57,0
"Which college football team, Georgia Southern or Southern Miss, will win the game scheduled for Oct 9, 2025, at Georgia Southern?",Southern Miss,sports,0.555,97.57,1
How many launches will SpaceX have in August 2025?,Above 10,finance,0.965,9.32,1
How many launches will SpaceX have in August 2025?,Above 12,finance,0.96,9.32,1
How many launches will SpaceX have in August 2025?,Above 8,finance,0.995,9.32,1
"Which professional baseball team, Detroit or Seattle, will win the Detroit vs Seattle series in the 2025 professional baseball playoffs?",Detroit,sports,0.59,123.12,0
"Which professional baseball team, Detroit or Seattle, will win the Detroit vs Seattle series in the 2025 professional baseball playoffs?",Seattle,sports,0.415,123.12,1
"Will any MrBeast video uploaded in September 2025 receive more than 100 million views seven days after its upload (measured at 10:00 AM ET on the seventh day), before Oct 1, 2025?",In 2025,culture,0.005,32.13,0
"Which player will win the Best Women's Basketball Player award at the 2025 ESPY Awards: Caitlin Clark, Napheesa Collier, Breanna Stewart, A'ja Wilson, or Tie?",A’ja Wilson,culture,0.205,256.11,0
"Which player will win the Best Women's Basketball Player award at the 2025 ESPY Awards: Caitlin Clark, Napheesa Collier, Breanna Stewart, A'ja Wilson, or Tie?",Breanna Stewart,culture,0.49,256.11,0
"Which player will win the Best Women's Basketball Player award at the 2025 ESPY Awards: Caitlin Clark, Napheesa Collier, Breanna Stewart, A'ja Wilson, or Tie?",Caitlin Clark,culture,0.78,256.11,1
"Which player will win the Best Women's Basketball Player award at the 2025 ESPY Awards: Caitlin Clark, Napheesa Collier, Breanna Stewart, A'ja Wilson, or Tie?",Napheesa Collier,culture,0.115,256.11,0
"Which player will win the Best Women's Basketball Player award at the 2025 ESPY Awards: Caitlin Clark, Napheesa Collier, Breanna Stewart, A'ja Wilson, or Tie?",Tie,culture,0.49,256.11,0
"Which college football team, Louisville or Virginia, will win the game scheduled for Oct 4, 2025?",Louisville,sports,0.685,71.9,0
"Which college football team, Louisville or Virginia, will win the game scheduled for Oct 4, 2025?",Virginia,sports,0.315,71.9,1
"Which college football team, Arizona or Oklahoma St., will win the game scheduled for Oct 4, 2025?",Arizona,sports,0.89,142.16,1
"Which college football team, Arizona or Oklahoma St., will win the game scheduled for Oct 4, 2025?",Oklahoma St.,sports,0.11,142.16,0
"Which professional baseball team, Chicago C or Milwaukee, will win the game scheduled for Oct 6, 2025?",Chicago C,sports,0.455,13.98,0
"Which professional baseball team, Chicago C or Milwaukee, will win the game scheduled for Oct 6, 2025?",Milwaukee,sports,0.55,13.98,1
"Which college football team, Stanford or San Jose St., will win the San Jose St. at Stanford game scheduled for Sep 27, 2025?",San Jose St.,sports,0.425,19.64,0
"Which college football team, Stanford or San Jose St., will win the San Jose St. at Stanford game scheduled for Sep 27, 2025?",Stanford,sports,0.575,19.64,1
"How many album sales will 'AM I THE DRAMA?' have on the Hits Daily Double Top 50 Chart dated September 26, 2025?","At least 100,000 albums",culture,0.86,193.88,0
"How many album sales will 'AM I THE DRAMA?' have on the Hits Daily Double Top 50 Chart dated September 26, 2025?","At least 150,000 albums",culture,0.74,193.88,0
"How many album sales will 'AM I THE DRAMA?' have on the Hits Daily Double Top 50 Chart dated September 26, 2025?","At least 200,000 albums",culture,0.37,193.88,0
"How many album sales will 'AM I THE DRAMA?' have on the Hits Daily Double Top 50 Chart dated September 26, 2025?","At least 250,000 albums",culture,0.14,193.88,0
"How many album sales will 'AM I THE DRAMA?' have on the Hits Daily Double Top 50 Chart dated September 26, 2025?","At least 50,000 albums",culture,0.97,193.88,1
"Which player, Gael Monfils or Ugo Humbert, will advance past the round of 128 in the 2025 Wimbledon Men's Singles professional tennis tournament?",Gael Monfils,sports,0.2,8.23,1
"Which player, Gael Monfils or Ugo Humbert, will advance past the round of 128 in the 2025 Wimbledon Men's Singles professional tennis tournament?",Ugo Humbert,sports,0.7,8.23,0
"Which artist will have the most monthly Spotify listeners worldwide on Spotify at 12:00 PM ET on Sep 30, 2025?",Bad Bunny,culture,0.04,6.96,0
"Which artist will have the most monthly Spotify listeners worldwide on Spotify at 12:00 PM ET on Sep 30, 2025?",Billie Eilish,culture,0.03,6.96,0
"Which artist will have the most monthly Spotify listeners worldwide on Spotify at 12:00 PM ET on Sep 30, 2025?",Bruno Mars,culture,0.06,6.96,0
"Which artist will have the most monthly Spotify listeners worldwide on Spotify at 12:00 PM ET on Sep 30, 2025?",Coldplay,culture,0.03,6.96,0
"Which artist will have the most monthly Spotify listeners worldwide on Spotify at 12:00 PM ET on Sep 30, 2025?",Drake,culture,0.03,6.96,0
"Which artist will have the most monthly Spotify listeners worldwide on Spotify at 12:00 PM ET on Sep 30, 2025?",Ed Sheeran,culture,0.025,6.96,0
"Which artist will have the most monthly Spotify listeners worldwide on Spotify at 12:00 PM ET on Sep 30, 2025?",Kendrick Lamar,culture,0.03,6.96,0
"Which artist will have the most monthly Spotify listeners worldwide on Spotify at 12:00 PM ET on Sep 30, 2025?",Lady Gaga,culture,0.03,6.96,0
"Which artist will have the most monthly Spotify listeners worldwide on Spotify at 12:00 PM ET on Sep 30, 2025?",Rihanna,culture,0.03,6.96,0
"Which artist will have the most monthly Spotify listeners worldwide on Spotify at 12:00 PM ET on Sep 30, 2025?",Taylor Swift,culture,0.045,6.96,0
"Which artist will have the most monthly Spotify listeners worldwide on Spotify at 12:00 PM ET on Sep 30, 2025?",The Weeknd,culture,0.92,6.96,1
"Which professional football team, Miami or New York J, will win the game scheduled for Sep 29, 2025?",Miami,sports,0.585,9.06,1
"Which professional football team, Miami or New York J, will win the game scheduled for Sep 29, 2025?",New York J,sports,0.425,9.06,0
"Which album will be #1 on the Billboard 200 chart dated September 20, 2025?",HIT ME HARD AND SOFT,culture,0.005,13.61,0
"Which album will be #1 on the Billboard 200 chart dated September 20, 2025?",I'm The Problem,culture,0.025,13.61,0
"Which album will be #1 on the Billboard 200 chart dated September 20, 2025?",KARMA,culture,0.005,13.61,0
"Which album will be #1 on the Billboard 200 chart dated September 20, 2025?",KPop Demon Hunters,culture,0.975,13.61,1
"Which album will be #1 on the Billboard 200 chart dated September 20, 2025?",Man's Best Friend,culture,0.03,13.61,0
"Which album will be #1 on the Billboard 200 chart dated September 20, 2025?",One Thing At A Time,culture,0.005,13.61,0
"Which album will be #1 on the Billboard 200 chart dated September 20, 2025?",SOS,culture,0.005,13.61,0
"Which album will be #1 on the Billboard 200 chart dated September 20, 2025?",SWAG,culture,0.005,13.61,0
"Which album will be #1 on the Billboard 200 chart dated September 20, 2025?",Swag II,culture,0.025,13.61,0
"Which album will be #1 on the Billboard 200 chart dated September 20, 2025?",THE TORTURED POETS DEPARTMENT,culture,0.005,13.61,0
"Which album will be #1 on the Billboard 200 chart dated September 20, 2025?",The Last Wun,culture,0.005,13.61,0
"Which album will be #1 on the Billboard 200 chart dated September 20, 2025?",Wishbone,culture,0.005,13.61,0
"Which album will be #1 on the Billboard 200 chart dated September 20, 2025?","You'll Be Alright, Kid",culture,0.005,13.61,0
"Which college football team, Ohio or Northern Illinois, will win the game scheduled for Oct 18, 2025?",Northern Illinois,sports,0.205,66.69,0
"Which college football team, Ohio or Northern Illinois, will win the game scheduled for Oct 18, 2025?",Ohio,sports,0.795,66.69,1
Will Oscar Piastri finish on the podium (top three) at the Singapore Grand Prix 2025?,Alexander Albon,sports,0.025,6.18,0
Will Oscar Piastri finish on the podium (top three) at the Singapore Grand Prix 2025?,Andrea Kimi Antonelli,sports,0.185,6.18,0
Will Oscar Piastri finish on the podium (top three) at the Singapore Grand Prix 2025?,Carlos Sainz Jr.,sports,0.02,6.18,0
Will Oscar Piastri finish on the podium (top three) at the Singapore Grand Prix 2025?,Charles Leclerc,sports,0.06,6.18,0
Will Oscar Piastri finish on the podium (top three) at the Singapore Grand Prix 2025?,Esteban Ocon,sports,0.02,6.18,0
Will Oscar Piastri finish on the podium (top three) at the Singapore Grand Prix 2025?,Fernando Alonso,sports,0.035,6.18,0
Will Oscar Piastri finish on the podium (top three) at the Singapore Grand Prix 2025?,Franco Colapinto,sports,0.01,6.18,0
Will Oscar Piastri finish on the podium (top three) at the Singapore Grand Prix 2025?,Gabriel Bortoleto,sports,0.025,6.18,0
Will Oscar Piastri finish on the podium (top three) at the Singapore Grand Prix 2025?,George Russell,sports,0.755,6.18,1
Will Oscar Piastri finish on the podium (top three) at the Singapore Grand Prix 2025?,Isack Hadjar,sports,0.045,6.18,0
Will Oscar Piastri finish on the podium (top three) at the Singapore Grand Prix 2025?,Lance Stroll,sports,0.02,6.18,0
Will Oscar Piastri finish on the podium (top three) at the Singapore Grand Prix 2025?,Lando Norris,sports,0.405,6.18,1
Will Oscar Piastri finish on the podium (top three) at the Singapore Grand Prix 2025?,Lewis Hamilton,sports,0.07,6.18,0
Will Oscar Piastri finish on the podium (top three) at the Singapore Grand Prix 2025?,Liam Lawson,sports,0.02,6.18,0
Will Oscar Piastri finish on the podium (top three) at the Singapore Grand Prix 2025?,Max Verstappen,sports,0.795,6.18,1
Will Oscar Piastri finish on the podium (top three) at the Singapore Grand Prix 2025?,Nico Hulkenberg,sports,0.025,6.18,0
Will Oscar Piastri finish on the podium (top three) at the Singapore Grand Prix 2025?,Oliver Bearman,sports,0.025,6.18,0
Will Oscar Piastri finish on the podium (top three) at the Singapore Grand Prix 2025?,Oscar Piastri,sports,0.695,6.18,0
Will Oscar Piastri finish on the podium (top three) at the Singapore Grand Prix 2025?,Pierre Gasly,sports,0.02,6.18,0
Will Oscar Piastri finish on the podium (top three) at the Singapore Grand Prix 2025?,Yuki Tsunoda,sports,0.02,6.18,0
Who will be named the MVP of the 2025 Pro Baseball Championship Series?,Addison Barger,sports,0.005,100.59,0
Who will be named the MVP of the 2025 Pro Baseball Championship Series?,Alejandro Kirk,sports,0.05,100.59,0
Who will be named the MVP of the 2025 Pro Baseball Championship Series?,Blake Snell,sports,0.005,100.59,0
Who will be named the MVP of the 2025 Pro Baseball Championship Series?,Bo Bichette,sports,0.01,100.59,0
Who will be named the MVP of the 2025 Pro Baseball Championship Series?,Daulton Varsho,sports,0.015,100.59,0
Who will be named the MVP of the 2025 Pro Baseball Championship Series?,Enrique Hernandez,sports,0.005,100.59,0
Who will be named the MVP of the 2025 Pro Baseball Championship Series?,Freddie Freeman,sports,0.045,100.59,0
Who will be named the MVP of the 2025 Pro Baseball Championship Series?,George Springer,sports,0.005,100.59,0
Who will be named the MVP of the 2025 Pro Baseball Championship Series?,Jeff Hoffman,sports,0.005,100.59,0
Who will be named the MVP of the 2025 Pro Baseball Championship Series?,Max Muncy,sports,0.005,100.59,0
Who will be named the MVP of the 2025 Pro Baseball Championship Series?,Max Scherzer,sports,0.005,100.59,0
Who will be named the MVP of the 2025 Pro Baseball Championship Series?,Mookie Betts,sports,0.005,100.59,0
Who will be named the MVP of the 2025 Pro Baseball Championship Series?,Roki Sasaki,sports,0.005,100.59,0
Who will be named the MVP of the 2025 Pro Baseball Championship Series?,Shane Bieber,sports,0.005,100.59,0
Who will be named the MVP of the 2025 Pro Baseball Championship Series?,Shohei Ohtani,sports,0.8,100.59,0
Who will be named the MVP of the 2025 Pro Baseball Championship Series?,Teoscar Hernandez,sports,0.01,100.59,0
Who will be named the MVP of the 2025 Pro Baseball Championship Series?,Tie/Co-Winners,sports,0.03,100.59,0
Who will be named the MVP of the 2025 Pro Baseball Championship Series?,Tommy Edman,sports,0.005,100.59,0
Who will be named the MVP of the 2025 Pro Baseball Championship Series?,Trey Yesavage,sports,0.005,100.59,0
Who will be named the MVP of the 2025 Pro Baseball Championship Series?,Vladimir Guerrero Jr.,sports,0.07,100.59,0
Who will be named the MVP of the 2025 Pro Baseball Championship Series?,Yoshinobu Yamamoto,sports,0.055,100.59,1
"What will be the highest temperature (°F) recorded at Los Angeles Airport, CA on November 2, 2025, as reported in the National Weather Service's Daily Climatological Report (Daily)?",67° or below,science_tech,0.995,6.91,1
"What will be the highest temperature (°F) recorded at Los Angeles Airport, CA on November 2, 2025, as reported in the National Weather Service's Daily Climatological Report (Daily)?",68° to 69°,science_tech,0.005,6.91,0
"What will be the highest temperature (°F) recorded at Los Angeles Airport, CA on November 2, 2025, as reported in the National Weather Service's Daily Climatological Report (Daily)?",70° to 71°,science_tech,0.005,6.91,0
"What will be the highest temperature (°F) recorded at Los Angeles Airport, CA on November 2, 2025, as reported in the National Weather Service's Daily Climatological Report (Daily)?",72° to 73°,science_tech,0.005,6.91,0
"What will be the highest temperature (°F) recorded at Los Angeles Airport, CA on November 2, 2025, as reported in the National Weather Service's Daily Climatological Report (Daily)?",74° to 75°,science_tech,0.005,6.91,0
"What will be the highest temperature (°F) recorded at Los Angeles Airport, CA on November 2, 2025, as reported in the National Weather Service's Daily Climatological Report (Daily)?",76° or above,science_tech,0.005,6.91,0
"Which professional baseball team, San Francisco or Chicago WS, will win the game scheduled for Jun 27, 2025?",Chicago WS,sports,0.415,9.46,0
"Which professional baseball team, San Francisco or Chicago WS, will win the game scheduled for Jun 27, 2025?",San Francisco,sports,0.585,9.46,1
"Which professional EPL soccer team, Arsenal or Manchester City, will win the game scheduled for Sep 21, 2025 after 90 minutes plus stoppage time (does not include extra time or penalties)?",Arsenal,sports,0.515,41.53,0
"Which professional EPL soccer team, Arsenal or Manchester City, will win the game scheduled for Sep 21, 2025 after 90 minutes plus stoppage time (does not include extra time or penalties)?",Manchester City,sports,0.255,41.53,0
"Which professional EPL soccer team, Arsenal or Manchester City, will win the game scheduled for Sep 21, 2025 after 90 minutes plus stoppage time (does not include extra time or penalties)?",Tie,sports,0.24,41.53,1
"Which of the listed terms will Donald Trump say during his remarks at the Pennsylvania Energy and Innovation Summit hosted by Senator Dave McCormick at Carnegie Mellon University in Pittsburgh on Tuesday, July 15, 2025?",Artificial Intelligence / AI,politics,0.915,13.25,1
"Which of the listed terms will Donald Trump say during his remarks at the Pennsylvania Energy and Innovation Summit hosted by Senator Dave McCormick at Carnegie Mellon University in Pittsburgh on Tuesday, July 15, 2025?",Autopen,politics,0.33,13.25,1
"Which of the listed terms will Donald Trump say during his remarks at the Pennsylvania Energy and Innovation Summit hosted by Senator Dave McCormick at Carnegie Mellon University in Pittsburgh on Tuesday, July 15, 2025?",Biden,politics,0.765,13.25,1
"Which of the listed terms will Donald Trump say during his remarks at the Pennsylvania Energy and Innovation Summit hosted by Senator Dave McCormick at Carnegie Mellon University in Pittsburgh on Tuesday, July 15, 2025?",Big Beautiful Bill,politics,0.85,13.25,1
"Which of the listed terms will Donald Trump say during his remarks at the Pennsylvania Energy and Innovation Summit hosted by Senator Dave McCormick at Carnegie Mellon University in Pittsburgh on Tuesday, July 15, 2025?",China,politics,0.785,13.25,1
"Which of the listed terms will Donald Trump say during his remarks at the Pennsylvania Energy and Innovation Summit hosted by Senator Dave McCormick at Carnegie Mellon University in Pittsburgh on Tuesday, July 15, 2025?",Chip,politics,0.7,13.25,1
"Which of the listed terms will Donald Trump say during his remarks at the Pennsylvania Energy and Innovation Summit hosted by Senator Dave McCormick at Carnegie Mellon University in Pittsburgh on Tuesday, July 15, 2025?",Elon / Musk,politics,0.22,13.25,0
"Which of the listed terms will Donald Trump say during his remarks at the Pennsylvania Energy and Innovation Summit hosted by Senator Dave McCormick at Carnegie Mellon University in Pittsburgh on Tuesday, July 15, 2025?",Energy,politics,0.94,13.25,1
"Which of the listed terms will Donald Trump say during his remarks at the Pennsylvania Energy and Innovation Summit hosted by Senator Dave McCormick at Carnegie Mellon University in Pittsburgh on Tuesday, July 15, 2025?",Fake News,politics,0.38,13.25,0
"Which of the listed terms will Donald Trump say during his remarks at the Pennsylvania Energy and Innovation Summit hosted by Senator Dave McCormick at Carnegie Mellon University in Pittsburgh on Tuesday, July 15, 2025?",Gas,politics,0.8,13.25,1
"Which of the listed terms will Donald Trump say during his remarks at the Pennsylvania Energy and Innovation Summit hosted by Senator Dave McCormick at Carnegie Mellon University in Pittsburgh on Tuesday, July 15, 2025?",Golden,politics,0.595,13.25,1
"Which of the listed terms will Donald Trump say during his remarks at the Pennsylvania Energy and Innovation Summit hosted by Senator Dave McCormick at Carnegie Mellon University in Pittsburgh on Tuesday, July 15, 2025?",Infrastructure,politics,0.68,13.25,1
"Which of the listed terms will Donald Trump say during his remarks at the Pennsylvania Energy and Innovation Summit hosted by Senator Dave McCormick at Carnegie Mellon University in Pittsburgh on Tuesday, July 15, 2025?",Investment,politics,0.785,13.25,1
"Which of the listed terms will Donald Trump say during his remarks at the Pennsylvania Energy and Innovation Summit hosted by Senator Dave McCormick at Carnegie Mellon University in Pittsburgh on Tuesday, July 15, 2025?",Manufacturing,politics,0.725,13.25,0
"Which of the listed terms will Donald Trump say during his remarks at the Pennsylvania Energy and Innovation Summit hosted by Senator Dave McCormick at Carnegie Mellon University in Pittsburgh on Tuesday, July 15, 2025?",Meta,politics,0.28,13.25,0
"Which of the listed terms will Donald Trump say during his remarks at the Pennsylvania Energy and Innovation Summit hosted by Senator Dave McCormick at Carnegie Mellon University in Pittsburgh on Tuesday, July 15, 2025?",Microsoft,politics,0.35,13.25,0
"Which of the listed terms will Donald Trump say during his remarks at the Pennsylvania Energy and Innovation Summit hosted by Senator Dave McCormick at Carnegie Mellon University in Pittsburgh on Tuesday, July 15, 2025?",NVIDIA,politics,0.385,13.25,0
"Which of the listed terms will Donald Trump say during his remarks at the Pennsylvania Energy and Innovation Summit hosted by Senator Dave McCormick at Carnegie Mellon University in Pittsburgh on Tuesday, July 15, 2025?",Nuclear,politics,0.73,13.25,1
"Which of the listed terms will Donald Trump say during his remarks at the Pennsylvania Energy and Innovation Summit hosted by Senator Dave McCormick at Carnegie Mellon University in Pittsburgh on Tuesday, July 15, 2025?",Oil,politics,0.775,13.25,0
"Which of the listed terms will Donald Trump say during his remarks at the Pennsylvania Energy and Innovation Summit hosted by Senator Dave McCormick at Carnegie Mellon University in Pittsburgh on Tuesday, July 15, 2025?",OpenAI,politics,0.365,13.25,0
"Which of the listed terms will Donald Trump say during his remarks at the Pennsylvania Energy and Innovation Summit hosted by Senator Dave McCormick at Carnegie Mellon University in Pittsburgh on Tuesday, July 15, 2025?",Spacex,politics,0.09,13.25,0
"Which of the listed terms will Donald Trump say during his remarks at the Pennsylvania Energy and Innovation Summit hosted by Senator Dave McCormick at Carnegie Mellon University in Pittsburgh on Tuesday, July 15, 2025?",Starlink,politics,0.1,13.25,0
"Which of the listed terms will Donald Trump say during his remarks at the Pennsylvania Energy and Innovation Summit hosted by Senator Dave McCormick at Carnegie Mellon University in Pittsburgh on Tuesday, July 15, 2025?",Steel,politics,0.825,13.25,1
"Which of the listed terms will Donald Trump say during his remarks at the Pennsylvania Energy and Innovation Summit hosted by Senator Dave McCormick at Carnegie Mellon University in Pittsburgh on Tuesday, July 15, 2025?",Tariff,politics,0.79,13.25,1
"Which of the listed terms will Donald Trump say during his remarks at the Pennsylvania Energy and Innovation Summit hosted by Senator Dave McCormick at Carnegie Mellon University in Pittsburgh on Tuesday, July 15, 2025?",Tesla,politics,0.155,13.25,0
"Which professional MMA fighter, Ilia Topuria or Charles Oliveira, will win the Topuria vs Oliveira fight scheduled for Jun 28, 2025?",Charles Oliveira,sports,0.225,35.99,0
"Which professional MMA fighter, Ilia Topuria or Charles Oliveira, will win the Topuria vs Oliveira fight scheduled for Jun 28, 2025?",Ilia Topuria,sports,0.775,35.99,1
What will Andrew Cuomo's popular vote margin of victory be in the first round of the 2025 New York City Democratic mayoral primary?,10.01-15%,politics,0.215,831.26,0
What will Andrew Cuomo's popular vote margin of victory be in the first round of the 2025 New York City Democratic mayoral primary?,15.01-20%,politics,0.095,831.26,0
What will Andrew Cuomo's popular vote margin of victory be in the first round of the 2025 New York City Democratic mayoral primary?,20.01-25%,politics,0.005,831.26,0
What will Andrew Cuomo's popular vote margin of victory be in the first round of the 2025 New York City Democratic mayoral primary?,25.01-30%,politics,0.005,831.26,0
What will Andrew Cuomo's popular vote margin of victory be in the first round of the 2025 New York City Democratic mayoral primary?,30.01% or more,politics,0.005,831.26,0
What will Andrew Cuomo's popular vote margin of victory be in the first round of the 2025 New York City Democratic mayoral primary?,5% or less,politics,0.225,831.26,1
What will Andrew Cuomo's popular vote margin of victory be in the first round of the 2025 New York City Democratic mayoral primary?,5.01-10%,politics,0.375,831.26,0
"Which professional football team, Baltimore or Detroit, will win the game scheduled for Sep 22, 2025?",Baltimore,sports,0.675,42.81,0
"Which professional football team, Baltimore or Detroit, will win the game scheduled for Sep 22, 2025?",Detroit,sports,0.325,42.81,1
"Will the film 'One Battle After Another' have a Rotten Tomatoes Tomatometer score above 45 on Sep 29, 2025 at 10:00 AM ET?",Above 45,culture,0.995,69.4,1
"Will the film 'One Battle After Another' have a Rotten Tomatoes Tomatometer score above 45 on Sep 29, 2025 at 10:00 AM ET?",Above 60,culture,0.995,69.4,1
"Will the film 'One Battle After Another' have a Rotten Tomatoes Tomatometer score above 45 on Sep 29, 2025 at 10:00 AM ET?",Above 75,culture,0.995,69.4,1
"Will the film 'One Battle After Another' have a Rotten Tomatoes Tomatometer score above 45 on Sep 29, 2025 at 10:00 AM ET?",Above 80,culture,0.995,69.4,1
"Will the film 'One Battle After Another' have a Rotten Tomatoes Tomatometer score above 45 on Sep 29, 2025 at 10:00 AM ET?",Above 85,culture,0.995,69.4,1
"Will the film 'One Battle After Another' have a Rotten Tomatoes Tomatometer score above 45 on Sep 29, 2025 at 10:00 AM ET?",Above 87,culture,0.995,69.4,1
"Will the film 'One Battle After Another' have a Rotten Tomatoes Tomatometer score above 45 on Sep 29, 2025 at 10:00 AM ET?",Above 90,culture,0.995,69.4,1
"Will the film 'One Battle After Another' have a Rotten Tomatoes Tomatometer score above 45 on Sep 29, 2025 at 10:00 AM ET?",Above 92,culture,0.995,69.4,1
"Will the film 'One Battle After Another' have a Rotten Tomatoes Tomatometer score above 45 on Sep 29, 2025 at 10:00 AM ET?",Above 95,culture,0.965,69.4,1
"Will the film 'One Battle After Another' have a Rotten Tomatoes Tomatometer score above 45 on Sep 29, 2025 at 10:00 AM ET?",Above 97,culture,0.49,69.4,0
"Which college football team, Washington St. or San Diego St., will win the game scheduled for Sep 6, 2025?",San Diego St.,sports,0.46,149.9,0
"Which college football team, Washington St. or San Diego St., will win the game scheduled for Sep 6, 2025?",Washington St.,sports,0.54,149.9,1
"Which professional basketball team, Cleveland or New York, will win the game scheduled for Oct 22, 2025?",Cleveland,sports,0.51,22.53,0
"Which professional basketball team, Cleveland or New York, will win the game scheduled for Oct 22, 2025?",New York,sports,0.49,22.53,1
"Which college football team, Central Michigan or Eastern Michigan, will win the Eastern Michigan at Central Michigan game scheduled for Sep 27, 2025?",Central Michigan,sports,0.645,41.06,1
"Which college football team, Central Michigan or Eastern Michigan, will win the Eastern Michigan at Central Michigan game scheduled for Sep 27, 2025?",Eastern Michigan,sports,0.355,41.06,0
"Which college football team, Western Michigan or Rhode Island, will win the game scheduled for Sep 27, 2025, when Rhode Island visits Western Michigan?",Rhode Island,sports,0.195,121.58,0
"Which college football team, Western Michigan or Rhode Island, will win the game scheduled for Sep 27, 2025, when Rhode Island visits Western Michigan?",Western Michigan,sports,0.82,121.58,1
"Which college football team, Virginia Tech or Louisville, will win the Louisville at Virginia Tech game scheduled for Nov 1, 2025?",Louisville,sports,0.76,139.88,1
"Which college football team, Virginia Tech or Louisville, will win the Louisville at Virginia Tech game scheduled for Nov 1, 2025?",Virginia Tech,sports,0.245,139.88,0
"What will be the highest temperature (°F) recorded at Los Angeles Airport, CA on November 2, 2025, as reported in the National Weather Service's Daily Climatological Report (Daily)?",67° or below,science_tech,0.995,6.56,1
"What will be the highest temperature (°F) recorded at Los Angeles Airport, CA on November 2, 2025, as reported in the National Weather Service's Daily Climatological Report (Daily)?",68° to 69°,science_tech,0.005,6.56,0
"What will be the highest temperature (°F) recorded at Los Angeles Airport, CA on November 2, 2025, as reported in the National Weather Service's Daily Climatological Report (Daily)?",70° to 71°,science_tech,0.005,6.56,0
"What will be the highest temperature (°F) recorded at Los Angeles Airport, CA on November 2, 2025, as reported in the National Weather Service's Daily Climatological Report (Daily)?",72° to 73°,science_tech,0.005,6.56,0
"What will be the highest temperature (°F) recorded at Los Angeles Airport, CA on November 2, 2025, as reported in the National Weather Service's Daily Climatological Report (Daily)?",74° to 75°,science_tech,0.005,6.56,0
"What will be the highest temperature (°F) recorded at Los Angeles Airport, CA on November 2, 2025, as reported in the National Weather Service's Daily Climatological Report (Daily)?",76° or above,science_tech,0.005,6.56,0
"Will the Bank of Canada cut its policy rate by more than 25 basis points at its Oct 29, 2025 meeting?",Cut 25bps,other,0.42,373.35,1
"Will the Bank of Canada cut its policy rate by more than 25 basis points at its Oct 29, 2025 meeting?",Cut >25bps,other,0.05,373.35,0
"Will the Bank of Canada cut its policy rate by more than 25 basis points at its Oct 29, 2025 meeting?",Hike 25bps,other,0.02,373.35,0
"Will the Bank of Canada cut its policy rate by more than 25 basis points at its Oct 29, 2025 meeting?",Hike >25bps,other,0.02,373.35,0
"Will the Bank of Canada cut its policy rate by more than 25 basis points at its Oct 29, 2025 meeting?",Maintains rate,other,0.54,373.35,0
"Which professional baseball team, Arizona or San Francisco, will win the game scheduled for Jun 30, 2025?",Arizona,sports,0.41,16.12,1
"Which professional baseball team, Arizona or San Francisco, will win the game scheduled for Jun 30, 2025?",San Francisco,sports,0.58,16.12,0
"Which professional baseball team, Toronto or New York Y, will win Game 3 of their matchup scheduled for Oct 7, 2025?",New York Y,sports,0.585,16.97,1
"Which professional baseball team, Toronto or New York Y, will win Game 3 of their matchup scheduled for Oct 7, 2025?",Toronto,sports,0.415,16.97,0
"Will European Central Bank President Christine Lagarde say the phrase ""Good Day"" during the ECB Governing Council press conference on October 30?",Anchor / Anchored,other,0.595,22.11,1
"Will European Central Bank President Christine Lagarde say the phrase ""Good Day"" during the ECB Governing Council press conference on October 30?",Balance Sheet,other,0.405,22.11,1
"Will European Central Bank President Christine Lagarde say the phrase ""Good Day"" during the ECB Governing Council press conference on October 30?",Bitcoin / Crypto,other,0.15,22.11,1
"Will European Central Bank President Christine Lagarde say the phrase ""Good Day"" during the ECB Governing Council press conference on October 30?",Covid,other,0.435,22.11,0
"Will European Central Bank President Christine Lagarde say the phrase ""Good Day"" during the ECB Governing Council press conference on October 30?",Credit,other,0.775,22.11,1
"Will European Central Bank President Christine Lagarde say the phrase ""Good Day"" during the ECB Governing Council press conference on October 30?",Cut,other,0.83,22.11,1
"Will European Central Bank President Christine Lagarde say the phrase ""Good Day"" during the ECB Governing Council press conference on October 30?",Disinflationary,other,0.545,22.11,0
"Will European Central Bank President Christine Lagarde say the phrase ""Good Day"" during the ECB Governing Council press conference on October 30?",Expectation,other,0.94,22.11,1
"Will European Central Bank President Christine Lagarde say the phrase ""Good Day"" during the ECB Governing Council press conference on October 30?",Gold,other,0.145,22.11,0
"Will European Central Bank President Christine Lagarde say the phrase ""Good Day"" during the ECB Governing Council press conference on October 30?",Good Day,other,0.655,22.11,0
"Will European Central Bank President Christine Lagarde say the phrase ""Good Day"" during the ECB Governing Council press conference on October 30?",Hike,other,0.36,22.11,0
"Will European Central Bank President Christine Lagarde say the phrase ""Good Day"" during the ECB Governing Council press conference on October 30?",Oil / Gas,other,0.555,22.11,0
"Will European Central Bank President Christine Lagarde say the phrase ""Good Day"" during the ECB Governing Council press conference on October 30?",Productivity,other,0.76,22.11,1
"Will European Central Bank President Christine Lagarde say the phrase ""Good Day"" during the ECB Governing Council press conference on October 30?",Projection,other,0.925,22.11,1
"Will European Central Bank President Christine Lagarde say the phrase ""Good Day"" during the ECB Governing Council press conference on October 30?",Recession,other,0.18,22.11,0
"Will European Central Bank President Christine Lagarde say the phrase ""Good Day"" during the ECB Governing Council press conference on October 30?",Stablecoin,other,0.215,22.11,1
"Will European Central Bank President Christine Lagarde say the phrase ""Good Day"" during the ECB Governing Council press conference on October 30?",Tariff (3+ times),other,0.75,22.11,1
"Will European Central Bank President Christine Lagarde say the phrase ""Good Day"" during the ECB Governing Council press conference on October 30?",Tightening,other,0.715,22.11,1
"Will European Central Bank President Christine Lagarde say the phrase ""Good Day"" during the ECB Governing Council press conference on October 30?",United States / America,other,0.605,22.11,1
"Will European Central Bank President Christine Lagarde say the phrase ""Good Day"" during the ECB Governing Council press conference on October 30?",Volatility,other,0.655,22.11,1
"Which professional tennis player, Novak Djokovic or Carlos Alcaraz, will win the Djokovic vs Alcaraz match in the 2025 US Open Men's Singles semifinal (provided at least one ball is played)?",Carlos Alcaraz,sports,0.765,45.81,1
"Which professional tennis player, Novak Djokovic or Carlos Alcaraz, will win the Djokovic vs Alcaraz match in the 2025 US Open Men's Singles semifinal (provided at least one ball is played)?",Novak Djokovic,sports,0.24,45.81,0
"Which professional football team, Philadelphia or New York G, will win the game scheduled for Oct 26, 2025 in Philadelphia?",New York G,sports,0.215,281.28,0
"Which professional football team, Philadelphia or New York G, will win the game scheduled for Oct 26, 2025 in Philadelphia?",Philadelphia,sports,0.8,281.28,1
"Which college football team, South Florida or Charlotte, will win the game scheduled for Oct 3, 2025?",Charlotte,sports,0.035,73.9,0
"Which college football team, South Florida or Charlotte, will win the game scheduled for Oct 3, 2025?",South Florida,sports,0.965,73.9,1
"Which professional La Liga team, Real Madrid or Barcelona, will win the match scheduled for Oct 26, 2025 after 90 minutes plus stoppage time (excluding extra time and penalties)?",Barcelona,sports,0.295,17.32,0
"Which professional La Liga team, Real Madrid or Barcelona, will win the match scheduled for Oct 26, 2025 after 90 minutes plus stoppage time (excluding extra time and penalties)?",Real Madrid,sports,0.505,17.32,1
"Which professional La Liga team, Real Madrid or Barcelona, will win the match scheduled for Oct 26, 2025 after 90 minutes plus stoppage time (excluding extra time and penalties)?",Tie,sports,0.215,17.32,0
"Which college football team, Northern Illinois or Ball St., will win the game scheduled for Oct 25, 2025?",Ball St.,sports,0.33,45.49,0
"Which college football team, Northern Illinois or Ball St., will win the game scheduled for Oct 25, 2025?",Northern Illinois,sports,0.655,45.49,1
"Which professional MLS soccer team, Miami or Atlanta, will win the game scheduled for Jun 28, 2025 after 90 minutes plus stoppage time (extra time and penalties excluded)?",Atlanta,sports,0.175,961.51,0
"Which professional MLS soccer team, Miami or Atlanta, will win the game scheduled for Jun 28, 2025 after 90 minutes plus stoppage time (extra time and penalties excluded)?",Miami,sports,0.535,961.51,1
"Which professional MLS soccer team, Miami or Atlanta, will win the game scheduled for Jun 28, 2025 after 90 minutes plus stoppage time (extra time and penalties excluded)?",Tie,sports,0.21,961.51,0
"Which professional UCL soccer team, Monaco or Manchester City, will win the match scheduled for Oct 1, 2025 after 90 minutes plus stoppage time (excluding extra time and penalties)?",Manchester City,sports,0.575,260.97,0
"Which professional UCL soccer team, Monaco or Manchester City, will win the match scheduled for Oct 1, 2025 after 90 minutes plus stoppage time (excluding extra time and penalties)?",Monaco,sports,0.2,260.97,0
"Which professional UCL soccer team, Monaco or Manchester City, will win the match scheduled for Oct 1, 2025 after 90 minutes plus stoppage time (excluding extra time and penalties)?",Tie,sports,0.22,260.97,1
"Which song on the album ""Man's Best Friend"" will have the lowest total Spotify stream count as of Sep 5, 2025 at 10:00 AM ET?",Don't Worry I'll Make You Worry,culture,0.995,8.23,1
"Which song on the album ""Man's Best Friend"" will have the lowest total Spotify stream count as of Sep 5, 2025 at 10:00 AM ET?",Go Go Juice,culture,0.025,8.23,0
"Which song on the album ""Man's Best Friend"" will have the lowest total Spotify stream count as of Sep 5, 2025 at 10:00 AM ET?",Goodbye,culture,0.03,8.23,0
"Which song on the album ""Man's Best Friend"" will have the lowest total Spotify stream count as of Sep 5, 2025 at 10:00 AM ET?",House Tour,culture,0.025,8.23,0
"Which song on the album ""Man's Best Friend"" will have the lowest total Spotify stream count as of Sep 5, 2025 at 10:00 AM ET?",Manchild,culture,0.025,8.23,0
"Which song on the album ""Man's Best Friend"" will have the lowest total Spotify stream count as of Sep 5, 2025 at 10:00 AM ET?",My Man on Willpower,culture,0.025,8.23,0
"Which song on the album ""Man's Best Friend"" will have the lowest total Spotify stream count as of Sep 5, 2025 at 10:00 AM ET?",Never Getting Laid,culture,0.025,8.23,0
"Which song on the album ""Man's Best Friend"" will have the lowest total Spotify stream count as of Sep 5, 2025 at 10:00 AM ET?",Nobody’s Son,culture,0.025,8.23,0
"Which song on the album ""Man's Best Friend"" will have the lowest total Spotify stream count as of Sep 5, 2025 at 10:00 AM ET?",Sugar Talking,culture,0.025,8.23,0
"Which song on the album ""Man's Best Friend"" will have the lowest total Spotify stream count as of Sep 5, 2025 at 10:00 AM ET?",Tears,culture,0.025,8.23,0
"Which song on the album ""Man's Best Friend"" will have the lowest total Spotify stream count as of Sep 5, 2025 at 10:00 AM ET?",We Almost Broke Up Again Last Night,culture,0.025,8.23,0
"Which song on the album ""Man's Best Friend"" will have the lowest total Spotify stream count as of Sep 5, 2025 at 10:00 AM ET?",When Did You Get Hot?,culture,0.025,8.23,0
"Which professional baseball team, Los Angeles D or Toronto, will win the game scheduled for Oct 25, 2025 (Game 2)?",Los Angeles D,sports,0.605,94.92,1
"Which professional baseball team, Los Angeles D or Toronto, will win the game scheduled for Oct 25, 2025 (Game 2)?",Toronto,sports,0.415,94.92,0
"Which college football team, Tennessee or Georgia, will win the Georgia at Tennessee game scheduled for Sep 13, 2025?",Georgia,sports,0.625,119.38,1
"Which college football team, Tennessee or Georgia, will win the Georgia at Tennessee game scheduled for Sep 13, 2025?",Tennessee,sports,0.38,119.38,0
"How many album sales will Vie have on the Hits Daily Double Top 50 chart dated Oct 3, 2025?","At least 100,000 albums",culture,0.005,8.96,0
"How many album sales will Vie have on the Hits Daily Double Top 50 chart dated Oct 3, 2025?","At least 150,000 albums",culture,0.03,8.96,0
"How many album sales will Vie have on the Hits Daily Double Top 50 chart dated Oct 3, 2025?","At least 200,000 albums",culture,0.03,8.96,0
"How many album sales will Vie have on the Hits Daily Double Top 50 chart dated Oct 3, 2025?","At least 250,000 albums",culture,0.03,8.96,0
"How many album sales will Vie have on the Hits Daily Double Top 50 chart dated Oct 3, 2025?","At least 50,000 albums",culture,0.015,8.96,0
"Which person from the market's listed options will Donald Trump publicly meet or have a direct conversation with after Oct 6, 2025 12:00 PM and before Nov 1, 2025?",Chuck Schumer,other,0.735,578.82,0
"Which person from the market's listed options will Donald Trump publicly meet or have a direct conversation with after Oct 6, 2025 12:00 PM and before Nov 1, 2025?",Claudia Sheinbaum,other,0.41,578.82,1
"Which person from the market's listed options will Donald Trump publicly meet or have a direct conversation with after Oct 6, 2025 12:00 PM and before Nov 1, 2025?",Curtis Sliwa,other,0.145,578.82,0
"Which person from the market's listed options will Donald Trump publicly meet or have a direct conversation with after Oct 6, 2025 12:00 PM and before Nov 1, 2025?",Emmanuel Macron,other,0.47,578.82,1
"Which person from the market's listed options will Donald Trump publicly meet or have a direct conversation with after Oct 6, 2025 12:00 PM and before Nov 1, 2025?",Eric Adams,other,0.225,578.82,0
"Which person from the market's listed options will Donald Trump publicly meet or have a direct conversation with after Oct 6, 2025 12:00 PM and before Nov 1, 2025?",Hakeem Jeffries,other,0.75,578.82,0
"Which person from the market's listed options will Donald Trump publicly meet or have a direct conversation with after Oct 6, 2025 12:00 PM and before Nov 1, 2025?",Keir Starmer,other,0.5,578.82,1
"Which person from the market's listed options will Donald Trump publicly meet or have a direct conversation with after Oct 6, 2025 12:00 PM and before Nov 1, 2025?",Mark Levin,other,0.65,578.82,0
"Which person from the market's listed options will Donald Trump publicly meet or have a direct conversation with after Oct 6, 2025 12:00 PM and before Nov 1, 2025?",Mike Johnson,other,0.97,578.82,1
"Which person from the market's listed options will Donald Trump publicly meet or have a direct conversation with after Oct 6, 2025 12:00 PM and before Nov 1, 2025?",Narendra Modi,other,0.67,578.82,1
"Which person from the market's listed options will Donald Trump publicly meet or have a direct conversation with after Oct 6, 2025 12:00 PM and before Nov 1, 2025?",Sanae Takaichi,other,0.9,578.82,1
"Which person from the market's listed options will Donald Trump publicly meet or have a direct conversation with after Oct 6, 2025 12:00 PM and before Nov 1, 2025?",Sean Hannity,other,0.645,578.82,1
"Which person from the market's listed options will Donald Trump publicly meet or have a direct conversation with after Oct 6, 2025 12:00 PM and before Nov 1, 2025?",Ursula von der Leyen,other,0.655,578.82,0
"Which person from the market's listed options will Donald Trump publicly meet or have a direct conversation with after Oct 6, 2025 12:00 PM and before Nov 1, 2025?",Vladimir Putin,other,0.42,578.82,1
"Which person from the market's listed options will Donald Trump publicly meet or have a direct conversation with after Oct 6, 2025 12:00 PM and before Nov 1, 2025?",Volodymyr Zelenskyy,other,0.51,578.82,1
"Which person from the market's listed options will Donald Trump publicly meet or have a direct conversation with after Oct 6, 2025 12:00 PM and before Nov 1, 2025?",Xi Jinping,other,0.885,578.82,1
"Which professional football team, Washington or Detroit, will win the game scheduled for Nov 9, 2025?",Detroit,sports,0.635,216.19,1
"Which professional football team, Washington or Detroit, will win the game scheduled for Nov 9, 2025?",Washington,sports,0.365,216.19,0
"Which college football team, Buffalo or UConn, will win the UConn at Buffalo game scheduled for Sep 27, 2025?",Buffalo,sports,0.395,20.07,0
"Which college football team, Buffalo or UConn, will win the UConn at Buffalo game scheduled for Sep 27, 2025?",UConn,sports,0.605,20.07,1
"Which professional football team, Jacksonville or Kansas City, will win the game scheduled for Oct 6, 2025, in Jacksonville?",Jacksonville,sports,0.365,6.05,1
"Which professional football team, Jacksonville or Kansas City, will win the game scheduled for Oct 6, 2025, in Jacksonville?",Kansas City,sports,0.645,6.05,0
"Which professional MMA fighter, Beneil Dariush or Renato Moicano, will win the fight originally scheduled for Jun 28, 2025 (UFC 317)?",Beneil Dariush,sports,0.48,34.29,1
"Which professional MMA fighter, Beneil Dariush or Renato Moicano, will win the fight originally scheduled for Jun 28, 2025 (UFC 317)?",Renato Moicano,sports,0.52,34.29,0
Which driver will win the Singapore Grand Prix 2025?,Alexander Albon,sports,0.005,7.46,0
Which driver will win the Singapore Grand Prix 2025?,Andrea Kimi Antonelli,sports,0.015,7.46,0
Which driver will win the Singapore Grand Prix 2025?,Carlos Sainz Jr.,sports,0.005,7.46,0
Which driver will win the Singapore Grand Prix 2025?,Charles Leclerc,sports,0.005,7.46,0
Which driver will win the Singapore Grand Prix 2025?,Esteban Ocon,sports,0.005,7.46,0
Which driver will win the Singapore Grand Prix 2025?,Fernando Alonso,sports,0.005,7.46,0
Which driver will win the Singapore Grand Prix 2025?,Franco Colapinto,sports,0.005,7.46,0
Which driver will win the Singapore Grand Prix 2025?,Gabriel Bortoleto,sports,0.005,7.46,0
Which driver will win the Singapore Grand Prix 2025?,George Russell,sports,0.375,7.46,1
Which driver will win the Singapore Grand Prix 2025?,Isack Hadjar,sports,0.005,7.46,0
Which driver will win the Singapore Grand Prix 2025?,Lance Stroll,sports,0.005,7.46,0
Which driver will win the Singapore Grand Prix 2025?,Lando Norris,sports,0.05,7.46,0
Which driver will win the Singapore Grand Prix 2025?,Lewis Hamilton,sports,0.015,7.46,0
Which driver will win the Singapore Grand Prix 2025?,Liam Lawson,sports,0.005,7.46,0
Which driver will win the Singapore Grand Prix 2025?,Max Verstappen,sports,0.44,7.46,0
Which driver will win the Singapore Grand Prix 2025?,Nico Hulkenberg,sports,0.005,7.46,0
Which driver will win the Singapore Grand Prix 2025?,Oliver Bearman,sports,0.005,7.46,0
Which driver will win the Singapore Grand Prix 2025?,Oscar Piastri,sports,0.155,7.46,0
Which driver will win the Singapore Grand Prix 2025?,Pierre Gasly,sports,0.005,7.46,0
Which driver will win the Singapore Grand Prix 2025?,Yuki Tsunoda,sports,0.005,7.46,0
"Which college football team, Jacksonville St. or Delaware, will win the Delaware at Jacksonville St. game scheduled for Oct 15, 2025?",Delaware,sports,0.595,98.53,0
"Which college football team, Jacksonville St. or Delaware, will win the Delaware at Jacksonville St. game scheduled for Oct 15, 2025?",Jacksonville St.,sports,0.415,98.53,1
"Which club will win the professional Club World Cup soccer game, Real Madrid or Al Hilal SFC, scheduled for Jun 18, 2025, after 90 minutes plus stoppage time (excluding extra time and penalties)?",Al Hilal SFC,sports,0.12,9.17,0
"Which club will win the professional Club World Cup soccer game, Real Madrid or Al Hilal SFC, scheduled for Jun 18, 2025, after 90 minutes plus stoppage time (excluding extra time and penalties)?",Real Madrid,sports,0.75,9.17,0
"Which club will win the professional Club World Cup soccer game, Real Madrid or Al Hilal SFC, scheduled for Jun 18, 2025, after 90 minutes plus stoppage time (excluding extra time and penalties)?",Tie,sports,0.13,9.17,1
"Which professional MMA fighter, Niko Price or Jacobe Smith, will win the fight scheduled for Jun 28, 2025?",Jacobe Smith,sports,0.915,8.38,1
"Which professional MMA fighter, Niko Price or Jacobe Smith, will win the fight scheduled for Jun 28, 2025?",Niko Price,sports,0.085,8.38,0
"Which professional MLS soccer team, Los Angeles or Colorado, will win the game scheduled for Jul 9, 2025 after 90 minutes plus stoppage time (not including extra time or penalties)?",Colorado,sports,0.12,64.64,0
"Which professional MLS soccer team, Los Angeles or Colorado, will win the game scheduled for Jul 9, 2025 after 90 minutes plus stoppage time (not including extra time or penalties)?",Los Angeles,sports,0.69,64.64,1
"Which professional MLS soccer team, Los Angeles or Colorado, will win the game scheduled for Jul 9, 2025 after 90 minutes plus stoppage time (not including extra time or penalties)?",Tie,sports,0.185,64.64,0
"Which professional basketball team, Atlanta or Oklahoma City, will win the game scheduled for Oct 25, 2025?",Atlanta,sports,0.3,22.22,0
"Which professional basketball team, Atlanta or Oklahoma City, will win the game scheduled for Oct 25, 2025?",Oklahoma City,sports,0.7,22.22,1
Insufficient date/time information in provided rules/raw to create a fully specified event.,Face Mask / Facemask,politics,0.995,11.91,1
Insufficient date/time information in provided rules/raw to create a fully specified event.,Fumble,politics,0.995,11.91,1
Insufficient date/time information in provided rules/raw to create a fully specified event.,Hail Mary,politics,0.525,11.91,0
Insufficient date/time information in provided rules/raw to create a fully specified event.,Inch,politics,0.995,11.91,1
Insufficient date/time information in provided rules/raw to create a fully specified event.,Late Hit,politics,0.325,11.91,1
Insufficient date/time information in provided rules/raw to create a fully specified event.,Mahomes,politics,0.995,11.91,1
Insufficient date/time information in provided rules/raw to create a fully specified event.,Miracle,politics,0.265,11.91,0
Insufficient date/time information in provided rules/raw to create a fully specified event.,One Handed,politics,0.225,11.91,0
Insufficient date/time information in provided rules/raw to create a fully specified event.,Onside Kick,politics,0.275,11.91,0
Insufficient date/time information in provided rules/raw to create a fully specified event.,Overtime,politics,0.995,11.91,1
Insufficient date/time information in provided rules/raw to create a fully specified event.,Pick Six / Picked,politics,0.995,11.91,1
Insufficient date/time information in provided rules/raw to create a fully specified event.,Pylon,politics,0.995,11.91,1
Insufficient date/time information in provided rules/raw to create a fully specified event.,Roughing the Passer,politics,0.255,11.91,0
Insufficient date/time information in provided rules/raw to create a fully specified event.,Safety,politics,0.995,11.91,1
Insufficient date/time information in provided rules/raw to create a fully specified event.,Snow,politics,0.255,11.91,1
Insufficient date/time information in provided rules/raw to create a fully specified event.,Taunting,politics,0.335,11.91,0
Insufficient date/time information in provided rules/raw to create a fully specified event.,Tie,politics,0.995,11.91,1
Insufficient date/time information in provided rules/raw to create a fully specified event.,Tom Brady,politics,0.565,11.91,1
Insufficient date/time information in provided rules/raw to create a fully specified event.,Turf,politics,0.995,11.91,1
Insufficient date/time information in provided rules/raw to create a fully specified event.,Wild,politics,0.995,11.91,1
"Which professional baseball team, Boston or Cincinnati, will win the game scheduled for Jul 1, 2025?",Boston,sports,0.5,32.36,1
"Which professional baseball team, Boston or Cincinnati, will win the game scheduled for Jul 1, 2025?",Cincinnati,sports,0.5,32.36,0
"Which college football team, Troy or Louisiana, will win the game scheduled for Oct 25, 2025 (Louisiana at Troy)?",Louisiana,sports,0.245,45.94,0
"Which college football team, Troy or Louisiana, will win the game scheduled for Oct 25, 2025 (Louisiana at Troy)?",Troy,sports,0.755,45.94,1
Which participant will be officially eliminated from Dancing with the Stars Season 34 Episode 5?,Alix Earle,sports,0.02,14.41,0
Which participant will be officially eliminated from Dancing with the Stars Season 34 Episode 5?,Andy Richter,sports,0.43,14.41,0
Which participant will be officially eliminated from Dancing with the Stars Season 34 Episode 5?,Danielle Fishel,sports,0.235,14.41,0
Which participant will be officially eliminated from Dancing with the Stars Season 34 Episode 5?,Dylan Efron,sports,0.07,14.41,0
Which participant will be officially eliminated from Dancing with the Stars Season 34 Episode 5?,Elaine Hendrix,sports,0.305,14.41,0
Which participant will be officially eliminated from Dancing with the Stars Season 34 Episode 5?,Jenn Affleck,sports,0.52,14.41,0
Which participant will be officially eliminated from Dancing with the Stars Season 34 Episode 5?,Jordan Chiles,sports,0.035,14.41,0
Which participant will be officially eliminated from Dancing with the Stars Season 34 Episode 5?,Robert Irwin,sports,0.02,14.41,0
Which participant will be officially eliminated from Dancing with the Stars Season 34 Episode 5?,Scott Hoying,sports,0.345,14.41,0
Which participant will be officially eliminated from Dancing with the Stars Season 34 Episode 5?,Whitney Leavitt,sports,0.05,14.41,0
"Which professional baseball team, Detroit or Seattle, will win the Detroit vs Seattle series in the 2025 professional baseball playoffs?",Detroit,sports,0.555,16.77,0
"Which professional baseball team, Detroit or Seattle, will win the Detroit vs Seattle series in the 2025 professional baseball playoffs?",Seattle,sports,0.445,16.77,1
"Which college football team, Ole Miss or LSU, will win the game scheduled for Sep 27, 2025 at Ole Miss?",LSU,sports,0.475,38.32,0
"Which college football team, Ole Miss or LSU, will win the game scheduled for Sep 27, 2025 at Ole Miss?",Ole Miss,sports,0.53,38.32,1
"Which college football team, San Jose St. or Idaho, will win the game scheduled for Sep 20, 2025?",Idaho,sports,0.175,6.34,0
"Which college football team, San Jose St. or Idaho, will win the game scheduled for Sep 20, 2025?",San Jose St.,sports,0.835,6.34,1
"Which professional football team, Jacksonville or Los Angeles R, will win the game at Jacksonville scheduled for Oct 19, 2025?",Jacksonville,sports,0.395,256.68,0
"Which professional football team, Jacksonville or Los Angeles R, will win the game at Jacksonville scheduled for Oct 19, 2025?",Los Angeles R,sports,0.605,256.68,1
"Which college football team, USC or Michigan St., will win the game scheduled for Sep 20, 2025?",Michigan St.,sports,0.115,15.87,0
"Which college football team, USC or Michigan St., will win the game scheduled for Sep 20, 2025?",USC,sports,0.885,15.87,1
"Which professional MMA fighter, Jim Crute or Marcin Prachnio, will win the fight at UFC 318 scheduled for Jul 19, 2025?",Jim Crute,sports,0.735,59.45,1
"Which professional MMA fighter, Jim Crute or Marcin Prachnio, will win the fight at UFC 318 scheduled for Jul 19, 2025?",Marcin Prachnio,sports,0.27,59.45,0
Which driver will win the Singapore Grand Prix 2025?,Alexander Albon,sports,0.005,12.46,0
Which driver will win the Singapore Grand Prix 2025?,Andrea Kimi Antonelli,sports,0.015,12.46,0
Which driver will win the Singapore Grand Prix 2025?,Carlos Sainz Jr.,sports,0.005,12.46,0
Which driver will win the Singapore Grand Prix 2025?,Charles Leclerc,sports,0.005,12.46,0
Which driver will win the Singapore Grand Prix 2025?,Esteban Ocon,sports,0.005,12.46,0
Which driver will win the Singapore Grand Prix 2025?,Fernando Alonso,sports,0.005,12.46,0
Which driver will win the Singapore Grand Prix 2025?,Franco Colapinto,sports,0.005,12.46,0
Which driver will win the Singapore Grand Prix 2025?,Gabriel Bortoleto,sports,0.005,12.46,0
Which driver will win the Singapore Grand Prix 2025?,George Russell,sports,0.355,12.46,1
Which driver will win the Singapore Grand Prix 2025?,Isack Hadjar,sports,0.005,12.46,0
Which driver will win the Singapore Grand Prix 2025?,Lance Stroll,sports,0.005,12.46,0
Which driver will win the Singapore Grand Prix 2025?,Lando Norris,sports,0.055,12.46,0
Which driver will win the Singapore Grand Prix 2025?,Lewis Hamilton,sports,0.005,12.46,0
Which driver will win the Singapore Grand Prix 2025?,Liam Lawson,sports,0.005,12.46,0
Which driver will win the Singapore Grand Prix 2025?,Max Verstappen,sports,0.435,12.46,0
Which driver will win the Singapore Grand Prix 2025?,Nico Hulkenberg,sports,0.005,12.46,0
Which driver will win the Singapore Grand Prix 2025?,Oliver Bearman,sports,0.005,12.46,0
Which driver will win the Singapore Grand Prix 2025?,Oscar Piastri,sports,0.15,12.46,0
Which driver will win the Singapore Grand Prix 2025?,Pierre Gasly,sports,0.005,12.46,0
Which driver will win the Singapore Grand Prix 2025?,Yuki Tsunoda,sports,0.005,12.46,0
"Which college football team, Georgia Tech or Gardner-Webb, will win the game scheduled for Sep 6, 2025?",Gardner-Webb,sports,0.04,119.32,0
"Which college football team, Georgia Tech or Gardner-Webb, will win the game scheduled for Sep 6, 2025?",Georgia Tech,sports,0.965,119.32,1
"Which college football team, Akron or Duquesne, will win the game at Akron scheduled for Sep 20, 2025?",Akron,sports,0.725,12.49,1
"Which college football team, Akron or Duquesne, will win the game at Akron scheduled for Sep 20, 2025?",Duquesne,sports,0.295,12.49,0
"Which professional La Liga team, Villarreal or Bilbao, will win the game scheduled for Sep 27, 2025 after 90 minutes plus stoppage time (not including extra time or penalties)?",Bilbao,sports,0.25,13.62,0
"Which professional La Liga team, Villarreal or Bilbao, will win the game scheduled for Sep 27, 2025 after 90 minutes plus stoppage time (not including extra time or penalties)?",Tie,sports,0.28,13.62,0
"Which professional La Liga team, Villarreal or Bilbao, will win the game scheduled for Sep 27, 2025 after 90 minutes plus stoppage time (not including extra time or penalties)?",Villarreal,sports,0.46,13.62,1
"Which college football team, Missouri or UMass, will win the game scheduled for Sep 27, 2025?",Missouri,sports,0.99,24.14,1
"Which college football team, Missouri or UMass, will win the game scheduled for Sep 27, 2025?",UMass,sports,0.01,24.14,0
"Which professional UEFA Champions League (UCL) team, Bayern Munich or Club Brugge, will win the match scheduled for Oct 22, 2025 after 90 minutes plus stoppage time (excluding extra time and penalties)?",Bayern Munich,sports,0.85,19.09,1
"Which professional UEFA Champions League (UCL) team, Bayern Munich or Club Brugge, will win the match scheduled for Oct 22, 2025 after 90 minutes plus stoppage time (excluding extra time and penalties)?",Club Brugge,sports,0.045,19.09,0
"Which professional UEFA Champions League (UCL) team, Bayern Munich or Club Brugge, will win the match scheduled for Oct 22, 2025 after 90 minutes plus stoppage time (excluding extra time and penalties)?",Tie,sports,0.1,19.09,0
"Which player, Taylor Fritz or Jordan Thompson, will advance past the round of 16 in the 2025 Wimbledon Men's Singles professional tennis tournament?",Jordan Thompson,sports,0.145,6.46,0
"Which player, Taylor Fritz or Jordan Thompson, will advance past the round of 16 in the 2025 Wimbledon Men's Singles professional tennis tournament?",Taylor Fritz,sports,0.86,6.46,1
"Which professional baseball team, Washington or Colorado, will win the game scheduled for Jun 17, 2025?",Colorado,sports,0.36,13.92,1
"Which professional baseball team, Washington or Colorado, will win the game scheduled for Jun 17, 2025?",Washington,sports,0.645,13.92,0
"Which of the following U.S. senators — Chuck Schumer, John Fetterman, Ron Johnson, Rand Paul, Josh Hawley, Lisa Murkowski, Mitch McConnell, or Susan Collins — will vote for the next budget reconciliation bill in the U.S. Senate before Jan 1, 2026?",Chuck Schumer,politics,0.01,378.08,0
"Which of the following U.S. senators — Chuck Schumer, John Fetterman, Ron Johnson, Rand Paul, Josh Hawley, Lisa Murkowski, Mitch McConnell, or Susan Collins — will vote for the next budget reconciliation bill in the U.S. Senate before Jan 1, 2026?",John Fetterman,politics,0.015,378.08,0
"Which of the following U.S. senators — Chuck Schumer, John Fetterman, Ron Johnson, Rand Paul, Josh Hawley, Lisa Murkowski, Mitch McConnell, or Susan Collins — will vote for the next budget reconciliation bill in the U.S. Senate before Jan 1, 2026?",Josh Hawley,politics,0.825,378.08,1
"Which of the following U.S. senators — Chuck Schumer, John Fetterman, Ron Johnson, Rand Paul, Josh Hawley, Lisa Murkowski, Mitch McConnell, or Susan Collins — will vote for the next budget reconciliation bill in the U.S. Senate before Jan 1, 2026?",Lisa Murkowski,politics,0.545,378.08,1
"Which of the following U.S. senators — Chuck Schumer, John Fetterman, Ron Johnson, Rand Paul, Josh Hawley, Lisa Murkowski, Mitch McConnell, or Susan Collins — will vote for the next budget reconciliation bill in the U.S. Senate before Jan 1, 2026?",Mitch McConnell,politics,0.855,378.08,1
"Which of the following U.S. senators — Chuck Schumer, John Fetterman, Ron Johnson, Rand Paul, Josh Hawley, Lisa Murkowski, Mitch McConnell, or Susan Collins — will vote for the next budget reconciliation bill in the U.S. Senate before Jan 1, 2026?",Rand Paul,politics,0.105,378.08,0
"Which of the following U.S. senators — Chuck Schumer, John Fetterman, Ron Johnson, Rand Paul, Josh Hawley, Lisa Murkowski, Mitch McConnell, or Susan Collins — will vote for the next budget reconciliation bill in the U.S. Senate before Jan 1, 2026?",Ron Johnson,politics,0.6,378.08,1
"Which of the following U.S. senators — Chuck Schumer, John Fetterman, Ron Johnson, Rand Paul, Josh Hawley, Lisa Murkowski, Mitch McConnell, or Susan Collins — will vote for the next budget reconciliation bill in the U.S. Senate before Jan 1, 2026?",Susan Collins,politics,0.58,378.08,0
"Which college football team, SMU or Syracuse, will win the Syracuse at SMU game scheduled for Oct 4, 2025?",SMU,sports,0.865,35.99,1
"Which college football team, SMU or Syracuse, will win the Syracuse at SMU game scheduled for Oct 4, 2025?",Syracuse,sports,0.135,35.99,0
"Which professional football team, Cincinnati or Pittsburgh, will win the game scheduled for Oct 16, 2025?",Cincinnati,sports,0.325,195.49,1
"Which professional football team, Cincinnati or Pittsburgh, will win the game scheduled for Oct 16, 2025?",Pittsburgh,sports,0.675,195.49,0
"Will Jerome Powell say the phrase ""Capital Requirement"" during the Federal Reserve Open Board Meeting on October 24th?",Administration,other,0.08,68.33,0
"Will Jerome Powell say the phrase ""Capital Requirement"" during the Federal Reserve Open Board Meeting on October 24th?",Balance Sheet,other,0.39,68.33,0
"Will Jerome Powell say the phrase ""Capital Requirement"" during the Federal Reserve Open Board Meeting on October 24th?",Bank,other,0.905,68.33,1
"Will Jerome Powell say the phrase ""Capital Requirement"" during the Federal Reserve Open Board Meeting on October 24th?",Basel,other,0.325,68.33,0
"Will Jerome Powell say the phrase ""Capital Requirement"" during the Federal Reserve Open Board Meeting on October 24th?",Capital Requirement,other,0.41,68.33,0
"Will Jerome Powell say the phrase ""Capital Requirement"" during the Federal Reserve Open Board Meeting on October 24th?",Debit,other,0.12,68.33,0
"Will Jerome Powell say the phrase ""Capital Requirement"" during the Federal Reserve Open Board Meeting on October 24th?",Dot Plot,other,0.07,68.33,0
"Will Jerome Powell say the phrase ""Capital Requirement"" during the Federal Reserve Open Board Meeting on October 24th?",Economy,other,0.655,68.33,0
"Will Jerome Powell say the phrase ""Capital Requirement"" during the Federal Reserve Open Board Meeting on October 24th?",Gold,other,0.125,68.33,0
"Will Jerome Powell say the phrase ""Capital Requirement"" during the Federal Reserve Open Board Meeting on October 24th?",Good Afternoon,other,0.495,68.33,0
"Will Jerome Powell say the phrase ""Capital Requirement"" during the Federal Reserve Open Board Meeting on October 24th?",Inflation,other,0.42,68.33,0
"Will Jerome Powell say the phrase ""Capital Requirement"" during the Federal Reserve Open Board Meeting on October 24th?",Leverage Ratio,other,0.325,68.33,0
"Will Jerome Powell say the phrase ""Capital Requirement"" during the Federal Reserve Open Board Meeting on October 24th?",Mortgage,other,0.245,68.33,0
"Will Jerome Powell say the phrase ""Capital Requirement"" during the Federal Reserve Open Board Meeting on October 24th?",Pandemic,other,0.215,68.33,0
"Will Jerome Powell say the phrase ""Capital Requirement"" during the Federal Reserve Open Board Meeting on October 24th?",Pardon,other,0.14,68.33,0
"Will Jerome Powell say the phrase ""Capital Requirement"" during the Federal Reserve Open Board Meeting on October 24th?",Rate,other,0.565,68.33,0
"Will Jerome Powell say the phrase ""Capital Requirement"" during the Federal Reserve Open Board Meeting on October 24th?",Risk,other,0.755,68.33,0
"Will Jerome Powell say the phrase ""Capital Requirement"" during the Federal Reserve Open Board Meeting on October 24th?",Robust,other,0.2,68.33,0
"Will Jerome Powell say the phrase ""Capital Requirement"" during the Federal Reserve Open Board Meeting on October 24th?",Shutdown / Shut Down,other,0.26,68.33,0
"Will Jerome Powell say the phrase ""Capital Requirement"" during the Federal Reserve Open Board Meeting on October 24th?",Trillion,other,0.23,68.33,0
"Will Jerome Powell say the phrase ""Capital Requirement"" during the Federal Reserve Open Board Meeting on October 24th?",Trump,other,0.06,68.33,0
"Which professional MMA fighter, Merab Dvalishvili or Cory Sandhagen, will win the fight scheduled for Oct 4, 2025 (UFC 320)?",Cory Sandhagen,sports,0.215,26.45,0
"Which professional MMA fighter, Merab Dvalishvili or Cory Sandhagen, will win the fight scheduled for Oct 4, 2025 (UFC 320)?",Merab Dvalishvili,sports,0.795,26.45,1
"Which professional English Premier League (EPL) team, Brentford or Manchester City, will win the match scheduled for Oct 5, 2025, after 90 minutes plus stoppage time (extra time and penalties excluded)?",Brentford,sports,0.165,7.49,0
"Which professional English Premier League (EPL) team, Brentford or Manchester City, will win the match scheduled for Oct 5, 2025, after 90 minutes plus stoppage time (extra time and penalties excluded)?",Manchester City,sports,0.62,7.49,1
"Which professional English Premier League (EPL) team, Brentford or Manchester City, will win the match scheduled for Oct 5, 2025, after 90 minutes plus stoppage time (extra time and penalties excluded)?",Tie,sports,0.215,7.49,0
"Which college football team, Michigan St. or Youngstown St., will win the game scheduled for Sep 13, 2025, at Michigan State?",Michigan St.,sports,0.945,118.59,1
"Which college football team, Michigan St. or Youngstown St., will win the game scheduled for Sep 13, 2025, at Michigan State?",Youngstown St.,sports,0.065,118.59,0
How many wins will the Tampa Bay professional baseball team have in the 2025 regular season?,More than 50 wins,sports,0.995,75.77,1
How many wins will the Tampa Bay professional baseball team have in the 2025 regular season?,More than 60 wins,sports,0.995,75.77,1
How many wins will the Tampa Bay professional baseball team have in the 2025 regular season?,More than 70 wins,sports,0.995,75.77,1
How many wins will the Tampa Bay professional baseball team have in the 2025 regular season?,More than 80 wins,sports,0.005,75.77,0
How many wins will the Tampa Bay professional baseball team have in the 2025 regular season?,More than 90 wins,sports,0.005,75.77,0
"Which professional baseball team, Miami or Philadelphia, will win the game scheduled for Jun 17, 2025?",Miami,sports,0.36,13.05,1
"Which professional baseball team, Miami or Philadelphia, will win the game scheduled for Jun 17, 2025?",Philadelphia,sports,0.645,13.05,0
"Which professional football team, Tennessee or Los Angeles R, will win the game scheduled for Sep 14, 2025?",Los Angeles R,sports,0.695,140.27,1
"Which professional football team, Tennessee or Los Angeles R, will win the game scheduled for Sep 14, 2025?",Tennessee,sports,0.305,140.27,0
"Which professional baseball team, New York M or Milwaukee, will win the game scheduled for Jul 3, 2025?",Milwaukee,sports,0.395,14.31,0
"Which professional baseball team, New York M or Milwaukee, will win the game scheduled for Jul 3, 2025?",New York M,sports,0.605,14.31,1
"Which professional English Premier League soccer team, Aston Villa or Manchester City, will win the match scheduled for Oct 26, 2025 — considering only the result after 90 minutes plus stoppage time (extra time and penalties do not count)?",Aston Villa,sports,0.215,13.84,1
"Which professional English Premier League soccer team, Aston Villa or Manchester City, will win the match scheduled for Oct 26, 2025 — considering only the result after 90 minutes plus stoppage time (extra time and penalties do not count)?",Manchester City,sports,0.56,13.84,0
"Which professional English Premier League soccer team, Aston Villa or Manchester City, will win the match scheduled for Oct 26, 2025 — considering only the result after 90 minutes plus stoppage time (extra time and penalties do not count)?",Tie,sports,0.235,13.84,0
"Which professional baseball team, St. Louis or San Diego, will win the game scheduled for Jul 24, 2025 (San Diego at St. Louis)?",San Diego,sports,0.445,14.71,0
"Which professional baseball team, St. Louis or San Diego, will win the game scheduled for Jul 24, 2025 (San Diego at St. Louis)?",St. Louis,sports,0.555,14.71,1
"Which college football team, Oregon or Penn St., will win the game scheduled for Sep 27, 2025, at Penn St.?",Oregon,sports,0.395,73.21,1
"Which college football team, Oregon or Penn St., will win the game scheduled for Sep 27, 2025, at Penn St.?",Penn St.,sports,0.605,73.21,0
"Which professional MLS soccer team, New York or Columbus, will win the game scheduled for Aug 30, 2025 after 90 minutes plus stoppage time (does not include extra time or penalties)?",Columbus,sports,0.36,25.46,0
"Which professional MLS soccer team, New York or Columbus, will win the game scheduled for Aug 30, 2025 after 90 minutes plus stoppage time (does not include extra time or penalties)?",New York,sports,0.38,25.46,0
"Which professional MLS soccer team, New York or Columbus, will win the game scheduled for Aug 30, 2025 after 90 minutes plus stoppage time (does not include extra time or penalties)?",Tie,sports,0.26,25.46,1
Baycurrent Classic Winner?,Adam Scott,sports,0.02,134.15,0
Baycurrent Classic Winner?,Aldrich Potgieter,sports,0.005,134.15,0
Baycurrent Classic Winner?,Alex Noren,sports,0.035,134.15,0
Baycurrent Classic Winner?,Alex Smalley,sports,0.01,134.15,0
Baycurrent Classic Winner?,Andrew Putnam,sports,0.005,134.15,0
Baycurrent Classic Winner?,Atsuya Oishi,sports,0.005,134.15,0
Baycurrent Classic Winner?,Austin Eckroat,sports,0.015,134.15,0
Baycurrent Classic Winner?,Beau Hossler,sports,0.005,134.15,0
Baycurrent Classic Winner?,Billy Horschel,sports,0.015,134.15,0
Baycurrent Classic Winner?,Brian Campbell,sports,0.005,134.15,0
Baycurrent Classic Winner?,Bud Cauley,sports,0.015,134.15,0
Baycurrent Classic Winner?,Byeong Hun An,sports,0.015,134.15,0
Baycurrent Classic Winner?,Camilo Villegas,sports,0.005,134.15,0
Baycurrent Classic Winner?,Chris Gotterup,sports,0.045,134.15,0
Baycurrent Classic Winner?,Christiaan Bezuidenhout,sports,0.015,134.15,0
Baycurrent Classic Winner?,Collin Morikawa,sports,0.045,134.15,0
Baycurrent Classic Winner?,Danny Walker,sports,0.005,134.15,0
Baycurrent Classic Winner?,David Lipsky,sports,0.005,134.15,0
Baycurrent Classic Winner?,Davis Riley,sports,0.005,134.15,0
Baycurrent Classic Winner?,Emiliano Grillo,sports,0.02,134.15,0
Baycurrent Classic Winner?,Eric Cole,sports,0.015,134.15,0
Baycurrent Classic Winner?,Garrick Higgo,sports,0.025,134.15,0
Baycurrent Classic Winner?,Gary Woodland,sports,0.015,134.15,0
Baycurrent Classic Winner?,Hideki Matsuyama,sports,0.045,134.15,0
Baycurrent Classic Winner?,Isaiah Salinda,sports,0.005,134.15,0
Baycurrent Classic Winner?,Joe Highsmith,sports,0.005,134.15,0
Baycurrent Classic Winner?,Joel Dahmen,sports,0.005,134.15,0
Baycurrent Classic Winner?,Karl Vilips,sports,0.005,134.15,0
Baycurrent Classic Winner?,Keita Nakajima,sports,0.015,134.15,0
Baycurrent Classic Winner?,Keith Mitchell,sports,0.015,134.15,0
Baycurrent Classic Winner?,Kevin Roy,sports,0.015,134.15,0
Baycurrent Classic Winner?,Kevin Yu,sports,0.025,134.15,0
Baycurrent Classic Winner?,Kurt Kitayama,sports,0.045,134.15,0
Baycurrent Classic Winner?,Lee Hodges,sports,0.005,134.15,0
Baycurrent Classic Winner?,Mac Meissner,sports,0.015,134.15,0
Baycurrent Classic Winner?,Mark Hubbard,sports,0.015,134.15,0
Baycurrent Classic Winner?,Masanori Kobayashi,sports,0.005,134.15,0
Baycurrent Classic Winner?,Matt Wallace,sports,0.015,134.15,0
Baycurrent Classic Winner?,Matthew McCarty,sports,0.015,134.15,0
Baycurrent Classic Winner?,Matti Schmid,sports,0.015,134.15,0
Baycurrent Classic Winner?,Max Greyserman,sports,0.015,134.15,0
Baycurrent Classic Winner?,Max Homa,sports,0.025,134.15,0
Baycurrent Classic Winner?,Max McGreevy,sports,0.005,134.15,0
Baycurrent Classic Winner?,Michael Kim,sports,0.025,134.15,0
Baycurrent Classic Winner?,Michael Thorbjornsen,sports,0.025,134.15,0
Baycurrent Classic Winner?,Min Woo Lee,sports,0.025,134.15,0
Baycurrent Classic Winner?,Naoto Nakanishi,sports,0.005,134.15,0
Baycurrent Classic Winner?,Nicolai Hojgaard,sports,0.02,134.15,0
Baycurrent Classic Winner?,Nicolas Echavarria,sports,0.015,134.15,0
Baycurrent Classic Winner?,Patrick Fishburn,sports,0.015,134.15,0
Baycurrent Classic Winner?,Patrick Rodgers,sports,0.01,134.15,0
Baycurrent Classic Winner?,Rasmus Hojgaard,sports,0.035,134.15,0
Baycurrent Classic Winner?,Rico Hoey,sports,0.015,134.15,0
Baycurrent Classic Winner?,Ryan Gerard,sports,0.015,134.15,0
Baycurrent Classic Winner?,Ryo Hisatsune,sports,0.005,134.15,0
Baycurrent Classic Winner?,Ryo Ishikawa,sports,0.005,134.15,0
Baycurrent Classic Winner?,Sahith Theegala,sports,0.005,134.15,0
Baycurrent Classic Winner?,Sam Stevens,sports,0.015,134.15,0
Baycurrent Classic Winner?,Sami Valimaki,sports,0.01,134.15,0
Baycurrent Classic Winner?,Si Woo Kim,sports,0.035,134.15,0
Baycurrent Classic Winner?,Sungjae Im,sports,0.015,134.15,0
Baycurrent Classic Winner?,Taiga Semikawa,sports,0.005,134.15,0
Baycurrent Classic Winner?,Takumi Kanaya,sports,0.015,134.15,0
Baycurrent Classic Winner?,Taylor Moore,sports,0.01,134.15,0
Baycurrent Classic Winner?,Tom Kim,sports,0.015,134.15,0
Baycurrent Classic Winner?,Tony Finau,sports,0.005,134.15,0
Baycurrent Classic Winner?,Vince Whaley,sports,0.015,134.15,0
Baycurrent Classic Winner?,William Mouw,sports,0.005,134.15,0
Baycurrent Classic Winner?,Wyndham Clark,sports,0.02,134.15,0
Baycurrent Classic Winner?,Xander Schauffele,sports,0.085,134.15,1
"Will the Chair of the Federal Reserve, Jerome Powell, say the word ""cut"" three or more times during his post-FOMC press conference (introductory remarks and Q&A) following the September 2025 FOMC meeting?",Anchor,politics,0.105,406.35,0
"Will the Chair of the Federal Reserve, Jerome Powell, say the word ""cut"" three or more times during his post-FOMC press conference (introductory remarks and Q&A) following the September 2025 FOMC meeting?",Balance Sheet,politics,0.82,406.35,1
"Will the Chair of the Federal Reserve, Jerome Powell, say the word ""cut"" three or more times during his post-FOMC press conference (introductory remarks and Q&A) following the September 2025 FOMC meeting?",Balance of Risk,politics,0.93,406.35,1
"Will the Chair of the Federal Reserve, Jerome Powell, say the word ""cut"" three or more times during his post-FOMC press conference (introductory remarks and Q&A) following the September 2025 FOMC meeting?",Beige Book,politics,0.255,406.35,0
"Will the Chair of the Federal Reserve, Jerome Powell, say the word ""cut"" three or more times during his post-FOMC press conference (introductory remarks and Q&A) following the September 2025 FOMC meeting?",Bitcoin,politics,0.04,406.35,0
"Will the Chair of the Federal Reserve, Jerome Powell, say the word ""cut"" three or more times during his post-FOMC press conference (introductory remarks and Q&A) following the September 2025 FOMC meeting?",Consumer Confidence,politics,0.16,406.35,0
"Will the Chair of the Federal Reserve, Jerome Powell, say the word ""cut"" three or more times during his post-FOMC press conference (introductory remarks and Q&A) following the September 2025 FOMC meeting?",Credit,politics,0.4,406.35,1
"Will the Chair of the Federal Reserve, Jerome Powell, say the word ""cut"" three or more times during his post-FOMC press conference (introductory remarks and Q&A) following the September 2025 FOMC meeting?",Dot Plot,politics,0.165,406.35,1
"Will the Chair of the Federal Reserve, Jerome Powell, say the word ""cut"" three or more times during his post-FOMC press conference (introductory remarks and Q&A) following the September 2025 FOMC meeting?",Egg,politics,0.035,406.35,0
"Will the Chair of the Federal Reserve, Jerome Powell, say the word ""cut"" three or more times during his post-FOMC press conference (introductory remarks and Q&A) following the September 2025 FOMC meeting?",Energy,politics,0.96,406.35,1
"Will the Chair of the Federal Reserve, Jerome Powell, say the word ""cut"" three or more times during his post-FOMC press conference (introductory remarks and Q&A) following the September 2025 FOMC meeting?",Fort Knox,politics,0.025,406.35,0
"Will the Chair of the Federal Reserve, Jerome Powell, say the word ""cut"" three or more times during his post-FOMC press conference (introductory remarks and Q&A) following the September 2025 FOMC meeting?",Gas / Gasoline / Natural Gas,politics,0.14,406.35,0
"Will the Chair of the Federal Reserve, Jerome Powell, say the word ""cut"" three or more times during his post-FOMC press conference (introductory remarks and Q&A) following the September 2025 FOMC meeting?",Gold,politics,0.085,406.35,0
"Will the Chair of the Federal Reserve, Jerome Powell, say the word ""cut"" three or more times during his post-FOMC press conference (introductory remarks and Q&A) following the September 2025 FOMC meeting?",Good Afternoon,politics,0.975,406.35,1
"Will the Chair of the Federal Reserve, Jerome Powell, say the word ""cut"" three or more times during his post-FOMC press conference (introductory remarks and Q&A) following the September 2025 FOMC meeting?",Goods inflation,politics,0.59,406.35,1
"Will the Chair of the Federal Reserve, Jerome Powell, say the word ""cut"" three or more times during his post-FOMC press conference (introductory remarks and Q&A) following the September 2025 FOMC meeting?",Median,politics,0.98,406.35,1
"Will the Chair of the Federal Reserve, Jerome Powell, say the word ""cut"" three or more times during his post-FOMC press conference (introductory remarks and Q&A) following the September 2025 FOMC meeting?",National Debt,politics,0.05,406.35,0
"Will the Chair of the Federal Reserve, Jerome Powell, say the word ""cut"" three or more times during his post-FOMC press conference (introductory remarks and Q&A) following the September 2025 FOMC meeting?",Obvious,politics,0.255,406.35,1
"Will the Chair of the Federal Reserve, Jerome Powell, say the word ""cut"" three or more times during his post-FOMC press conference (introductory remarks and Q&A) following the September 2025 FOMC meeting?",Pandemic,politics,0.76,406.35,1
"Will the Chair of the Federal Reserve, Jerome Powell, say the word ""cut"" three or more times during his post-FOMC press conference (introductory remarks and Q&A) following the September 2025 FOMC meeting?",Pardon,politics,0.165,406.35,0
"Will the Chair of the Federal Reserve, Jerome Powell, say the word ""cut"" three or more times during his post-FOMC press conference (introductory remarks and Q&A) following the September 2025 FOMC meeting?",Probability,politics,0.235,406.35,1
"Will the Chair of the Federal Reserve, Jerome Powell, say the word ""cut"" three or more times during his post-FOMC press conference (introductory remarks and Q&A) following the September 2025 FOMC meeting?",Projection,politics,0.985,406.35,1
"Will the Chair of the Federal Reserve, Jerome Powell, say the word ""cut"" three or more times during his post-FOMC press conference (introductory remarks and Q&A) following the September 2025 FOMC meeting?",QE / Quantitative Easing,politics,0.19,406.35,0
"Will the Chair of the Federal Reserve, Jerome Powell, say the word ""cut"" three or more times during his post-FOMC press conference (introductory remarks and Q&A) following the September 2025 FOMC meeting?",QT / Quantitative Tightening,politics,0.355,406.35,0
"Will the Chair of the Federal Reserve, Jerome Powell, say the word ""cut"" three or more times during his post-FOMC press conference (introductory remarks and Q&A) following the September 2025 FOMC meeting?",Recession,politics,0.425,406.35,0
"Will the Chair of the Federal Reserve, Jerome Powell, say the word ""cut"" three or more times during his post-FOMC press conference (introductory remarks and Q&A) following the September 2025 FOMC meeting?",Restrictive,politics,0.865,406.35,1
"Will the Chair of the Federal Reserve, Jerome Powell, say the word ""cut"" three or more times during his post-FOMC press conference (introductory remarks and Q&A) following the September 2025 FOMC meeting?",Soft Landing,politics,0.08,406.35,0
"Will the Chair of the Federal Reserve, Jerome Powell, say the word ""cut"" three or more times during his post-FOMC press conference (introductory remarks and Q&A) following the September 2025 FOMC meeting?",Tariff Inflation,politics,0.315,406.35,0
"Will the Chair of the Federal Reserve, Jerome Powell, say the word ""cut"" three or more times during his post-FOMC press conference (introductory remarks and Q&A) following the September 2025 FOMC meeting?",Tax,politics,0.21,406.35,0
"Will the Chair of the Federal Reserve, Jerome Powell, say the word ""cut"" three or more times during his post-FOMC press conference (introductory remarks and Q&A) following the September 2025 FOMC meeting?",Trade War,politics,0.045,406.35,0
"Will the Chair of the Federal Reserve, Jerome Powell, say the word ""cut"" three or more times during his post-FOMC press conference (introductory remarks and Q&A) following the September 2025 FOMC meeting?",Trump,politics,0.23,406.35,0
"Will the Chair of the Federal Reserve, Jerome Powell, say the word ""cut"" three or more times during his post-FOMC press conference (introductory remarks and Q&A) following the September 2025 FOMC meeting?",Uncertainty (5+ Times),politics,0.52,406.35,0
"Will the Chair of the Federal Reserve, Jerome Powell, say the word ""cut"" three or more times during his post-FOMC press conference (introductory remarks and Q&A) following the September 2025 FOMC meeting?",Unchanged,politics,0.335,406.35,0
"Will the Chair of the Federal Reserve, Jerome Powell, say the word ""cut"" three or more times during his post-FOMC press conference (introductory remarks and Q&A) following the September 2025 FOMC meeting?",Volatility,politics,0.29,406.35,0
"Will the Chair of the Federal Reserve, Jerome Powell, say the word ""cut"" three or more times during his post-FOMC press conference (introductory remarks and Q&A) following the September 2025 FOMC meeting?",Yield Curve,politics,0.15,406.35,0
"Which professional tennis player, Diana Shnaider or Catherine McNally, will win their Round of 32 match at the 2025 WTA Seoul tournament?",Catherine McNally,sports,0.455,9.65,0
"Which professional tennis player, Diana Shnaider or Catherine McNally, will win their Round of 32 match at the 2025 WTA Seoul tournament?",Diana Shnaider,sports,0.53,9.65,1
"Which price range will the Nasdaq-100 index close in at 4:00 PM EDT on Friday, June 20, 2025?","20,499.99 or below",other,0.065,89.33,0
"Which price range will the Nasdaq-100 index close in at 4:00 PM EDT on Friday, June 20, 2025?","20,500 to 20,599.99",other,0.05,89.33,0
"Which price range will the Nasdaq-100 index close in at 4:00 PM EDT on Friday, June 20, 2025?","20,600 to 20,699.99",other,0.05,89.33,0
"Which price range will the Nasdaq-100 index close in at 4:00 PM EDT on Friday, June 20, 2025?","20,700 to 20,799.99",other,0.065,89.33,0
"Which price range will the Nasdaq-100 index close in at 4:00 PM EDT on Friday, June 20, 2025?","20,800 to 20,899.99",other,0.05,89.33,0
"Which price range will the Nasdaq-100 index close in at 4:00 PM EDT on Friday, June 20, 2025?","20,900 to 20,999.99",other,0.05,89.33,0
"Which price range will the Nasdaq-100 index close in at 4:00 PM EDT on Friday, June 20, 2025?","21,000 to 21,099.99",other,0.065,89.33,0
"Which price range will the Nasdaq-100 index close in at 4:00 PM EDT on Friday, June 20, 2025?","21,100 to 21,199.99",other,0.065,89.33,0
"Which price range will the Nasdaq-100 index close in at 4:00 PM EDT on Friday, June 20, 2025?","21,200 to 21,299.99",other,0.05,89.33,0
"Which price range will the Nasdaq-100 index close in at 4:00 PM EDT on Friday, June 20, 2025?","21,300 to 21,399.99",other,0.05,89.33,0
"Which price range will the Nasdaq-100 index close in at 4:00 PM EDT on Friday, June 20, 2025?","21,400 to 21,499.99",other,0.065,89.33,0
"Which price range will the Nasdaq-100 index close in at 4:00 PM EDT on Friday, June 20, 2025?","21,500 to 21,599.99",other,0.165,89.33,0
"Which price range will the Nasdaq-100 index close in at 4:00 PM EDT on Friday, June 20, 2025?","21,600 to 21,699.99",other,0.085,89.33,1
"Which price range will the Nasdaq-100 index close in at 4:00 PM EDT on Friday, June 20, 2025?","21,700 to 21,799.99",other,0.065,89.33,0
"Which price range will the Nasdaq-100 index close in at 4:00 PM EDT on Friday, June 20, 2025?","21,800 to 21,899.99",other,0.155,89.33,0
"Which price range will the Nasdaq-100 index close in at 4:00 PM EDT on Friday, June 20, 2025?","21,900 to 21,999.99",other,0.07,89.33,0
"Which price range will the Nasdaq-100 index close in at 4:00 PM EDT on Friday, June 20, 2025?","22,000 to 22,099.99",other,0.145,89.33,0
"Which price range will the Nasdaq-100 index close in at 4:00 PM EDT on Friday, June 20, 2025?","22,100 to 22,199.99",other,0.15,89.33,0
"Which price range will the Nasdaq-100 index close in at 4:00 PM EDT on Friday, June 20, 2025?","22,200 to 22,299.99",other,0.175,89.33,0
"Which price range will the Nasdaq-100 index close in at 4:00 PM EDT on Friday, June 20, 2025?","22,300 to 22,399.99",other,0.085,89.33,0
"Which price range will the Nasdaq-100 index close in at 4:00 PM EDT on Friday, June 20, 2025?","22,500 to 22,599.99",other,0.085,89.33,0
"Which price range will the Nasdaq-100 index close in at 4:00 PM EDT on Friday, June 20, 2025?","22,600 to 22,699.99",other,0.065,89.33,0
"Which price range will the Nasdaq-100 index close in at 4:00 PM EDT on Friday, June 20, 2025?","22,700 to 22,799.99",other,0.05,89.33,0
"Which price range will the Nasdaq-100 index close in at 4:00 PM EDT on Friday, June 20, 2025?","22,800 to 22,899.99",other,0.065,89.33,0
"Which price range will the Nasdaq-100 index close in at 4:00 PM EDT on Friday, June 20, 2025?","22,900 to 22,999.99",other,0.05,89.33,0
"Which price range will the Nasdaq-100 index close in at 4:00 PM EDT on Friday, June 20, 2025?","23,000 to 23,099.99",other,0.065,89.33,0
"Which price range will the Nasdaq-100 index close in at 4:00 PM EDT on Friday, June 20, 2025?","23,100 to 23,199.99",other,0.065,89.33,0
"Which price range will the Nasdaq-100 index close in at 4:00 PM EDT on Friday, June 20, 2025?","23,200 to 23,299.99",other,0.065,89.33,0
"Which price range will the Nasdaq-100 index close in at 4:00 PM EDT on Friday, June 20, 2025?","23,300 or above",other,0.065,89.33,0
"Which college football team, Houston or West Virginia, will win the game scheduled for Nov 1, 2025, in Houston?",Houston,sports,0.835,137.19,0
"Which college football team, Houston or West Virginia, will win the game scheduled for Nov 1, 2025, in Houston?",West Virginia,sports,0.185,137.19,1
"Which college football team, Toledo or Northern Illinois, will win the game scheduled for Nov 5, 2025?",Northern Illinois,sports,0.165,74.99,0
"Which college football team, Toledo or Northern Illinois, will win the game scheduled for Nov 5, 2025?",Toledo,sports,0.845,74.99,1
"Which college football team, Southern Miss or Jacksonville St., will win the game scheduled for Sep 27, 2025?",Jacksonville St.,sports,0.385,52.15,0
"Which college football team, Southern Miss or Jacksonville St., will win the game scheduled for Sep 27, 2025?",Southern Miss,sports,0.615,52.15,1
"Which professional baseball team, Chicago WS or San Francisco, will win the game scheduled for Jun 29, 2025?",Chicago WS,sports,0.41,9.08,1
"Which professional baseball team, Chicago WS or San Francisco, will win the game scheduled for Jun 29, 2025?",San Francisco,sports,0.58,9.08,0
"Which professional tennis player, Marcos Giron or Ethan Quinn, will win their round of 32 match at the 2025 ATP Chengdu tournament (market resolves only if at least one ball is played)?",Ethan Quinn,sports,0.48,7.03,0
"Which professional tennis player, Marcos Giron or Ethan Quinn, will win their round of 32 match at the 2025 ATP Chengdu tournament (market resolves only if at least one ball is played)?",Marcos Giron,sports,0.52,7.03,1
Who will be sworn in as President of Bolivia pursuant to the 2025 presidential election?,Andrónico Rodríguez,politics,0.005,478.54,0
Who will be sworn in as President of Bolivia pursuant to the 2025 presidential election?,Branko Marinković,politics,0.005,478.54,0
Who will be sworn in as President of Bolivia pursuant to the 2025 presidential election?,Carlos Mesa,politics,0.005,478.54,0
Who will be sworn in as President of Bolivia pursuant to the 2025 presidential election?,Chi Hyun Chung,politics,0.005,478.54,0
Who will be sworn in as President of Bolivia pursuant to the 2025 presidential election?,Jaime Soliz,politics,0.005,478.54,0
Who will be sworn in as President of Bolivia pursuant to the 2025 presidential election?,Jorge Quiroga,politics,0.01,478.54,0
Who will be sworn in as President of Bolivia pursuant to the 2025 presidential election?,Luis Arce,politics,0.005,478.54,0
Who will be sworn in as President of Bolivia pursuant to the 2025 presidential election?,Manfred Reyes Villa,politics,0.005,478.54,0
Who will be sworn in as President of Bolivia pursuant to the 2025 presidential election?,Rodrigo Paz Pereira,politics,0.99,478.54,1
Who will be sworn in as President of Bolivia pursuant to the 2025 presidential election?,Samuel Doria Medina,politics,0.005,478.54,0
Who will be sworn in as President of Bolivia pursuant to the 2025 presidential election?,Vicente Cuéllar,politics,0.005,478.54,0
"Which college football team, Notre Dame or Boise St., will win the game scheduled for Oct 4, 2025?",Boise St.,sports,0.1,118.83,0
"Which college football team, Notre Dame or Boise St., will win the game scheduled for Oct 4, 2025?",Notre Dame,sports,0.885,118.83,1
"Which college football team, Buffalo or Eastern Michigan, will win the game scheduled for Oct 4, 2025, at Buffalo?",Buffalo,sports,0.77,47.22,1
"Which college football team, Buffalo or Eastern Michigan, will win the game scheduled for Oct 4, 2025, at Buffalo?",Eastern Michigan,sports,0.23,47.22,0
"Which college football team, Syracuse or UConn, will win the game scheduled for Sep 6, 2025?",Syracuse,sports,0.745,139.69,1
"Which college football team, Syracuse or UConn, will win the game scheduled for Sep 6, 2025?",UConn,sports,0.255,139.69,0
"Which candidate — Catherine Connolly, Jim Gavin, Heather Humphreys, Michelle O'Neill, Mairead McGuinness, Frances Fitzgerald, Bertie Ahern, John Finucane, Conor McGregor, or Luke Flanagan — will win the 2025 Irish presidential election?",Bertie Ahern,other,0.015,724.45,0
"Which candidate — Catherine Connolly, Jim Gavin, Heather Humphreys, Michelle O'Neill, Mairead McGuinness, Frances Fitzgerald, Bertie Ahern, John Finucane, Conor McGregor, or Luke Flanagan — will win the 2025 Irish presidential election?",Catherine Connolly,other,0.25,724.45,1
"Which candidate — Catherine Connolly, Jim Gavin, Heather Humphreys, Michelle O'Neill, Mairead McGuinness, Frances Fitzgerald, Bertie Ahern, John Finucane, Conor McGregor, or Luke Flanagan — will win the 2025 Irish presidential election?",Conor McGregor,other,0.005,724.45,0
"Which candidate — Catherine Connolly, Jim Gavin, Heather Humphreys, Michelle O'Neill, Mairead McGuinness, Frances Fitzgerald, Bertie Ahern, John Finucane, Conor McGregor, or Luke Flanagan — will win the 2025 Irish presidential election?",Frances Fitzgerald,other,0.02,724.45,0
"Which candidate — Catherine Connolly, Jim Gavin, Heather Humphreys, Michelle O'Neill, Mairead McGuinness, Frances Fitzgerald, Bertie Ahern, John Finucane, Conor McGregor, or Luke Flanagan — will win the 2025 Irish presidential election?",Heather Humphreys,other,0.4,724.45,0
"Which candidate — Catherine Connolly, Jim Gavin, Heather Humphreys, Michelle O'Neill, Mairead McGuinness, Frances Fitzgerald, Bertie Ahern, John Finucane, Conor McGregor, or Luke Flanagan — will win the 2025 Irish presidential election?",Jim Gavin,other,0.355,724.45,0
"Which candidate — Catherine Connolly, Jim Gavin, Heather Humphreys, Michelle O'Neill, Mairead McGuinness, Frances Fitzgerald, Bertie Ahern, John Finucane, Conor McGregor, or Luke Flanagan — will win the 2025 Irish presidential election?",John Finucane,other,0.015,724.45,0
"Which candidate — Catherine Connolly, Jim Gavin, Heather Humphreys, Michelle O'Neill, Mairead McGuinness, Frances Fitzgerald, Bertie Ahern, John Finucane, Conor McGregor, or Luke Flanagan — will win the 2025 Irish presidential election?",Luke Flanagan,other,0.02,724.45,0
"Which candidate — Catherine Connolly, Jim Gavin, Heather Humphreys, Michelle O'Neill, Mairead McGuinness, Frances Fitzgerald, Bertie Ahern, John Finucane, Conor McGregor, or Luke Flanagan — will win the 2025 Irish presidential election?",Mairead McGuinness,other,0.02,724.45,0
"Which candidate — Catherine Connolly, Jim Gavin, Heather Humphreys, Michelle O'Neill, Mairead McGuinness, Frances Fitzgerald, Bertie Ahern, John Finucane, Conor McGregor, or Luke Flanagan — will win the 2025 Irish presidential election?",Michelle O'Neill,other,0.015,724.45,0
"Which professional tennis player, Diana Shnaider or Anna Kalinskaya, will win their round of 16 match at the 2025 WTA Tokyo tournament?",Anna Kalinskaya,sports,0.44,6.77,1
"Which professional tennis player, Diana Shnaider or Anna Kalinskaya, will win their round of 16 match at the 2025 WTA Tokyo tournament?",Diana Shnaider,sports,0.56,6.77,0
"Which college football team, Northern Illinois or San Diego State, will win the game scheduled for Sep 27, 2025?",Northern Illinois,sports,0.455,10.99,0
"Which college football team, Northern Illinois or San Diego State, will win the game scheduled for Sep 27, 2025?",San Diego St.,sports,0.545,10.99,1
"Which professional football team, New York J or Dallas, will win the Dallas at New York J game scheduled for Oct 5, 2025?",Dallas,sports,0.565,82.14,1
"Which professional football team, New York J or Dallas, will win the Dallas at New York J game scheduled for Oct 5, 2025?",New York J,sports,0.445,82.14,0
"What will be the total number of Spotify streams for ""Manchild"" by Sabrina Carpenter as of 10:00 AM ET on Jun 27, 2025?",More than 100 million,culture,0.905,73.98,1
"What will be the total number of Spotify streams for ""Manchild"" by Sabrina Carpenter as of 10:00 AM ET on Jun 27, 2025?",More than 105 million,culture,0.96,73.98,1
"What will be the total number of Spotify streams for ""Manchild"" by Sabrina Carpenter as of 10:00 AM ET on Jun 27, 2025?",More than 110 million,culture,0.34,73.98,0
"What will be the total number of Spotify streams for ""Manchild"" by Sabrina Carpenter as of 10:00 AM ET on Jun 27, 2025?",More than 115 million,culture,0.045,73.98,0
"What will be the total number of Spotify streams for ""Manchild"" by Sabrina Carpenter as of 10:00 AM ET on Jun 27, 2025?",More than 120 million,culture,0.025,73.98,0
"What will be the total number of Spotify streams for ""Manchild"" by Sabrina Carpenter as of 10:00 AM ET on Jun 27, 2025?",More than 77 million,culture,0.99,73.98,1
"What will be the total number of Spotify streams for ""Manchild"" by Sabrina Carpenter as of 10:00 AM ET on Jun 27, 2025?",More than 78 million,culture,0.985,73.98,1
"What will be the total number of Spotify streams for ""Manchild"" by Sabrina Carpenter as of 10:00 AM ET on Jun 27, 2025?",More than 79 million,culture,0.985,73.98,1
"What will be the total number of Spotify streams for ""Manchild"" by Sabrina Carpenter as of 10:00 AM ET on Jun 27, 2025?",More than 80 million,culture,0.985,73.98,1
"What will be the total number of Spotify streams for ""Manchild"" by Sabrina Carpenter as of 10:00 AM ET on Jun 27, 2025?",More than 81 million,culture,0.985,73.98,1
"What will be the total number of Spotify streams for ""Manchild"" by Sabrina Carpenter as of 10:00 AM ET on Jun 27, 2025?",More than 82 million,culture,0.985,73.98,1
"What will be the total number of Spotify streams for ""Manchild"" by Sabrina Carpenter as of 10:00 AM ET on Jun 27, 2025?",More than 83 million,culture,0.985,73.98,1
"What will be the total number of Spotify streams for ""Manchild"" by Sabrina Carpenter as of 10:00 AM ET on Jun 27, 2025?",More than 84 million,culture,0.985,73.98,1
"What will be the total number of Spotify streams for ""Manchild"" by Sabrina Carpenter as of 10:00 AM ET on Jun 27, 2025?",More than 85 million,culture,0.985,73.98,1
"What will be the total number of Spotify streams for ""Manchild"" by Sabrina Carpenter as of 10:00 AM ET on Jun 27, 2025?",More than 86 million,culture,0.985,73.98,1
"What will be the total number of Spotify streams for ""Manchild"" by Sabrina Carpenter as of 10:00 AM ET on Jun 27, 2025?",More than 87 million,culture,0.985,73.98,1
"What will be the total number of Spotify streams for ""Manchild"" by Sabrina Carpenter as of 10:00 AM ET on Jun 27, 2025?",More than 88 million,culture,0.985,73.98,1
"What will be the total number of Spotify streams for ""Manchild"" by Sabrina Carpenter as of 10:00 AM ET on Jun 27, 2025?",More than 89 million,culture,0.985,73.98,1
"What will be the total number of Spotify streams for ""Manchild"" by Sabrina Carpenter as of 10:00 AM ET on Jun 27, 2025?",More than 90 million,culture,0.985,73.98,1
"What will be the total number of Spotify streams for ""Manchild"" by Sabrina Carpenter as of 10:00 AM ET on Jun 27, 2025?",More than 94 million,culture,0.97,73.98,1
"What will be the total number of Spotify streams for ""Manchild"" by Sabrina Carpenter as of 10:00 AM ET on Jun 27, 2025?",More than 95 million,culture,0.95,73.98,1
"What will be the total number of Spotify streams for ""Manchild"" by Sabrina Carpenter as of 10:00 AM ET on Jun 27, 2025?",More than 96 million,culture,0.875,73.98,1
"What will be the total number of Spotify streams for ""Manchild"" by Sabrina Carpenter as of 10:00 AM ET on Jun 27, 2025?",More than 99 million,culture,0.9,73.98,1
"Which professional tennis player, Amanda Anisimova or Iga Swiatek, will win the Anisimova vs Swiatek match in the 2025 US Open Women's Singles quarterfinal (resolving only if the match is played — i.e., after a ball has been played)?",Amanda Anisimova,sports,0.24,21.96,1
"Which professional tennis player, Amanda Anisimova or Iga Swiatek, will win the Anisimova vs Swiatek match in the 2025 US Open Women's Singles quarterfinal (resolving only if the match is played — i.e., after a ball has been played)?",Iga Swiatek,sports,0.76,21.96,0
Will Oscar Piastri finish on the podium (top three) at the Singapore Grand Prix 2025?,Alexander Albon,sports,0.015,17.11,0
Will Oscar Piastri finish on the podium (top three) at the Singapore Grand Prix 2025?,Andrea Kimi Antonelli,sports,0.185,17.11,0
Will Oscar Piastri finish on the podium (top three) at the Singapore Grand Prix 2025?,Carlos Sainz Jr.,sports,0.015,17.11,0
Will Oscar Piastri finish on the podium (top three) at the Singapore Grand Prix 2025?,Charles Leclerc,sports,0.045,17.11,0
Will Oscar Piastri finish on the podium (top three) at the Singapore Grand Prix 2025?,Esteban Ocon,sports,0.015,17.11,0
Will Oscar Piastri finish on the podium (top three) at the Singapore Grand Prix 2025?,Fernando Alonso,sports,0.025,17.11,0
Will Oscar Piastri finish on the podium (top three) at the Singapore Grand Prix 2025?,Franco Colapinto,sports,0.01,17.11,0
Will Oscar Piastri finish on the podium (top three) at the Singapore Grand Prix 2025?,Gabriel Bortoleto,sports,0.015,17.11,0
Will Oscar Piastri finish on the podium (top three) at the Singapore Grand Prix 2025?,George Russell,sports,0.765,17.11,1
Will Oscar Piastri finish on the podium (top three) at the Singapore Grand Prix 2025?,Isack Hadjar,sports,0.03,17.11,0
Will Oscar Piastri finish on the podium (top three) at the Singapore Grand Prix 2025?,Lance Stroll,sports,0.01,17.11,0
Will Oscar Piastri finish on the podium (top three) at the Singapore Grand Prix 2025?,Lando Norris,sports,0.425,17.11,1
Will Oscar Piastri finish on the podium (top three) at the Singapore Grand Prix 2025?,Lewis Hamilton,sports,0.045,17.11,0
Will Oscar Piastri finish on the podium (top three) at the Singapore Grand Prix 2025?,Liam Lawson,sports,0.015,17.11,0
Will Oscar Piastri finish on the podium (top three) at the Singapore Grand Prix 2025?,Max Verstappen,sports,0.825,17.11,1
Will Oscar Piastri finish on the podium (top three) at the Singapore Grand Prix 2025?,Nico Hulkenberg,sports,0.015,17.11,0
Will Oscar Piastri finish on the podium (top three) at the Singapore Grand Prix 2025?,Oliver Bearman,sports,0.015,17.11,0
Will Oscar Piastri finish on the podium (top three) at the Singapore Grand Prix 2025?,Oscar Piastri,sports,0.68,17.11,0
Will Oscar Piastri finish on the podium (top three) at the Singapore Grand Prix 2025?,Pierre Gasly,sports,0.01,17.11,0
Will Oscar Piastri finish on the podium (top three) at the Singapore Grand Prix 2025?,Yuki Tsunoda,sports,0.015,17.11,0
"Which professional tennis player, Joao Fonseca or Jaume Munar, will win the Fonseca vs Munar match in the 2025 ATP Basel semifinal after a ball has been played?",Jaume Munar,sports,0.435,12.08,0
"Which professional tennis player, Joao Fonseca or Jaume Munar, will win the Fonseca vs Munar match in the 2025 ATP Basel semifinal after a ball has been played?",Joao Fonseca,sports,0.565,12.08,1
Will the winner of the men's 2025 Nathan's Famous International Hot Dog Eating Contest eat at least 50 hot dogs?,50 or more,sports,0.985,317.07,1
Will the winner of the men's 2025 Nathan's Famous International Hot Dog Eating Contest eat at least 50 hot dogs?,55 or more,sports,0.98,317.07,1
Will the winner of the men's 2025 Nathan's Famous International Hot Dog Eating Contest eat at least 50 hot dogs?,60 or more,sports,0.95,317.07,1
Will the winner of the men's 2025 Nathan's Famous International Hot Dog Eating Contest eat at least 50 hot dogs?,65 or more,sports,0.825,317.07,1
Will the winner of the men's 2025 Nathan's Famous International Hot Dog Eating Contest eat at least 50 hot dogs?,70 or more,sports,0.645,317.07,1
Will the winner of the men's 2025 Nathan's Famous International Hot Dog Eating Contest eat at least 50 hot dogs?,75 or more,sports,0.375,317.07,0
Will the winner of the men's 2025 Nathan's Famous International Hot Dog Eating Contest eat at least 50 hot dogs?,80 or more,sports,0.18,317.07,0
Will the winner of the men's 2025 Nathan's Famous International Hot Dog Eating Contest eat at least 50 hot dogs?,85 or more,sports,0.055,317.07,0
"Which college football team, Purdue or Illinois, will win the Illinois at Purdue game scheduled for Oct 4, 2025?",Illinois,sports,0.765,41.24,1
"Which college football team, Purdue or Illinois, will win the Illinois at Purdue game scheduled for Oct 4, 2025?",Purdue,sports,0.235,41.24,0
"Which professional basketball team, Boston or Detroit, will win the game scheduled for Oct 26, 2025?",Boston,sports,0.545,42.84,0
"Which professional basketball team, Boston or Detroit, will win the game scheduled for Oct 26, 2025?",Detroit,sports,0.535,42.84,1
"Which college football team, East Carolina or Campbell, will win the game scheduled for Sep 6, 2025?",Campbell,sports,0.13,145.3,0
"Which college football team, East Carolina or Campbell, will win the game scheduled for Sep 6, 2025?",East Carolina,sports,0.885,145.3,1
"Which professional basketball team, Portland or Minnesota, will win the game scheduled for Oct 22, 2025?",Minnesota,sports,0.605,26.4,1
"Which professional basketball team, Portland or Minnesota, will win the game scheduled for Oct 22, 2025?",Portland,sports,0.395,26.4,0
"Which professional baseball team, St. Louis or Atlanta, will win the game scheduled for Jul 12, 2025, in St. Louis?",Atlanta,sports,0.46,8.95,1
"Which professional baseball team, St. Louis or Atlanta, will win the game scheduled for Jul 12, 2025, in St. Louis?",St. Louis,sports,0.54,8.95,0
"Which professional tennis player, Jordan Thompson or Benjamin Bonzi, will advance past the round of 64 in the 2025 Wimbledon Men's Singles professional tennis tournament?",Benjamin Bonzi,sports,0.605,7.24,0
"Which professional tennis player, Jordan Thompson or Benjamin Bonzi, will advance past the round of 64 in the 2025 Wimbledon Men's Singles professional tennis tournament?",Jordan Thompson,sports,0.375,7.24,1
"Which professional baseball team, Minnesota or Cleveland, will win the game scheduled for May 20, 2025?",Cleveland,sports,0.5,600.05,1
"Which professional baseball team, Minnesota or Cleveland, will win the game scheduled for May 20, 2025?",Minnesota,sports,0.48,600.05,0
Will Chovy win the 2025 League of Legends World Championship Finals MVP award?,Chovy,sports,0.005,68.6,0
"Which professional baseball team, Atlanta or New York M, will win the game scheduled for Jun 19, 2025?",Atlanta,sports,0.52,14.03,1
"Which professional baseball team, Atlanta or New York M, will win the game scheduled for Jun 19, 2025?",New York M,sports,0.475,14.03,0
"Which college football team, Georgia Tech or Temple, will win the Temple at Georgia Tech game scheduled for Sep 20, 2025?",Georgia Tech,sports,0.945,24.49,1
"Which college football team, Georgia Tech or Temple, will win the Temple at Georgia Tech game scheduled for Sep 20, 2025?",Temple,sports,0.055,24.49,0
"Which professional UCL soccer team, Marseille or Ajax, will win the game scheduled for Sep 30, 2025 after 90 minutes plus stoppage time (does not include extra time or penalties)?",Ajax,sports,0.17,260.83,0
"Which professional UCL soccer team, Marseille or Ajax, will win the game scheduled for Sep 30, 2025 after 90 minutes plus stoppage time (does not include extra time or penalties)?",Marseille,sports,0.615,260.83,1
"Which professional UCL soccer team, Marseille or Ajax, will win the game scheduled for Sep 30, 2025 after 90 minutes plus stoppage time (does not include extra time or penalties)?",Tie,sports,0.21,260.83,0
"Which college football team, Marshall or Old Dominion, will win the Old Dominion at Marshall game scheduled for Oct 11, 2025?",Marshall,sports,0.165,6.17,1
"Which college football team, Marshall or Old Dominion, will win the Old Dominion at Marshall game scheduled for Oct 11, 2025?",Old Dominion,sports,0.845,6.17,0
Will the Minnesota professional baseball team have more than 70 wins in the 2025 regular season?,More than 100 wins,sports,0.005,14.56,0
Will the Minnesota professional baseball team have more than 70 wins in the 2025 regular season?,More than 110 wins,sports,0.005,14.56,0
Will the Minnesota professional baseball team have more than 70 wins in the 2025 regular season?,More than 70 wins,sports,0.005,14.56,0
Will the Minnesota professional baseball team have more than 70 wins in the 2025 regular season?,More than 80 wins,sports,0.005,14.56,0
Will the Minnesota professional baseball team have more than 70 wins in the 2025 regular season?,More than 90 wins,sports,0.005,14.56,0
"What will be the total number of Spotify streams for Taylor Swift's song ""The Fate of Ophelia"" by Oct 10, 2025 at 10:00 AM ET?",More than 10 million,culture,0.98,157.88,1
"What will be the total number of Spotify streams for Taylor Swift's song ""The Fate of Ophelia"" by Oct 10, 2025 at 10:00 AM ET?",More than 100 million,culture,0.51,157.88,1
"What will be the total number of Spotify streams for Taylor Swift's song ""The Fate of Ophelia"" by Oct 10, 2025 at 10:00 AM ET?",More than 110 million,culture,0.265,157.88,1
"What will be the total number of Spotify streams for Taylor Swift's song ""The Fate of Ophelia"" by Oct 10, 2025 at 10:00 AM ET?",More than 15 million,culture,0.98,157.88,1
"What will be the total number of Spotify streams for Taylor Swift's song ""The Fate of Ophelia"" by Oct 10, 2025 at 10:00 AM ET?",More than 20 million,culture,0.97,157.88,1
"What will be the total number of Spotify streams for Taylor Swift's song ""The Fate of Ophelia"" by Oct 10, 2025 at 10:00 AM ET?",More than 25 million,culture,0.97,157.88,1
"What will be the total number of Spotify streams for Taylor Swift's song ""The Fate of Ophelia"" by Oct 10, 2025 at 10:00 AM ET?",More than 30 million,culture,0.975,157.88,1
"What will be the total number of Spotify streams for Taylor Swift's song ""The Fate of Ophelia"" by Oct 10, 2025 at 10:00 AM ET?",More than 35 million,culture,0.975,157.88,1
"What will be the total number of Spotify streams for Taylor Swift's song ""The Fate of Ophelia"" by Oct 10, 2025 at 10:00 AM ET?",More than 40 million,culture,0.975,157.88,1
"What will be the total number of Spotify streams for Taylor Swift's song ""The Fate of Ophelia"" by Oct 10, 2025 at 10:00 AM ET?",More than 45 million,culture,0.975,157.88,1
"What will be the total number of Spotify streams for Taylor Swift's song ""The Fate of Ophelia"" by Oct 10, 2025 at 10:00 AM ET?",More than 50 million,culture,0.975,157.88,1
"What will be the total number of Spotify streams for Taylor Swift's song ""The Fate of Ophelia"" by Oct 10, 2025 at 10:00 AM ET?",More than 55 million,culture,0.97,157.88,1
"What will be the total number of Spotify streams for Taylor Swift's song ""The Fate of Ophelia"" by Oct 10, 2025 at 10:00 AM ET?",More than 60 million,culture,0.965,157.88,1
"What will be the total number of Spotify streams for Taylor Swift's song ""The Fate of Ophelia"" by Oct 10, 2025 at 10:00 AM ET?",More than 65 million,culture,0.955,157.88,1
"What will be the total number of Spotify streams for Taylor Swift's song ""The Fate of Ophelia"" by Oct 10, 2025 at 10:00 AM ET?",More than 70 million,culture,0.49,157.88,1
"What will be the total number of Spotify streams for Taylor Swift's song ""The Fate of Ophelia"" by Oct 10, 2025 at 10:00 AM ET?",More than 75 million,culture,0.955,157.88,1
"What will be the total number of Spotify streams for Taylor Swift's song ""The Fate of Ophelia"" by Oct 10, 2025 at 10:00 AM ET?",More than 80 million,culture,0.625,157.88,1
"What will be the total number of Spotify streams for Taylor Swift's song ""The Fate of Ophelia"" by Oct 10, 2025 at 10:00 AM ET?",More than 90 million,culture,0.625,157.88,1
"Which professional women's basketball team, Phoenix or Minnesota, will win Game 2 of the Phoenix vs Minnesota matchup scheduled for Sep 23, 2025?",Minnesota,sports,0.74,6.06,0
"Which professional women's basketball team, Phoenix or Minnesota, will win Game 2 of the Phoenix vs Minnesota matchup scheduled for Sep 23, 2025?",Phoenix,sports,0.265,6.06,1
"Which professional English Premier League (EPL) team, Nottingham or Leeds United, will win the match scheduled for Nov 9, 2025 after 90 minutes plus stoppage time (excluding extra time and penalties)?",Leeds United,sports,0.3,302.52,0
"Which professional English Premier League (EPL) team, Nottingham or Leeds United, will win the match scheduled for Nov 9, 2025 after 90 minutes plus stoppage time (excluding extra time and penalties)?",Nottingham,sports,0.42,302.52,1
"Which professional English Premier League (EPL) team, Nottingham or Leeds United, will win the match scheduled for Nov 9, 2025 after 90 minutes plus stoppage time (excluding extra time and penalties)?",Tie,sports,0.29,302.52,0
"Which professional football team, New England or New York J, will win the game scheduled for Nov 13, 2025?",New England,sports,0.84,147.97,1
"Which professional football team, New England or New York J, will win the game scheduled for Nov 13, 2025?",New York J,sports,0.165,147.97,0
"Which professional football team, Seattle or Houston, will win the game scheduled for Oct 20, 2025, in Seattle?",Houston,sports,0.415,293.27,0
"Which professional football team, Seattle or Houston, will win the game scheduled for Oct 20, 2025, in Seattle?",Seattle,sports,0.585,293.27,1
Will the Minnesota professional baseball team have more than 70 wins in the 2025 regular season?,More than 100 wins,sports,0.005,29.23,0
Will the Minnesota professional baseball team have more than 70 wins in the 2025 regular season?,More than 110 wins,sports,0.005,29.23,0
Will the Minnesota professional baseball team have more than 70 wins in the 2025 regular season?,More than 70 wins,sports,0.005,29.23,0
Will the Minnesota professional baseball team have more than 70 wins in the 2025 regular season?,More than 80 wins,sports,0.005,29.23,0
Will the Minnesota professional baseball team have more than 70 wins in the 2025 regular season?,More than 90 wins,sports,0.005,29.23,0
"Which professional baseball team, Cleveland or Kansas City, will win the game scheduled for Jul 25, 2025 in Kansas City?",Cleveland,sports,0.49,33.48,0
"Which professional baseball team, Cleveland or Kansas City, will win the game scheduled for Jul 25, 2025 in Kansas City?",Kansas City,sports,0.505,33.48,1
"Which professional football team, New England or Carolina, will win the Carolina at New England game scheduled for Sep 28, 2025?",Carolina,sports,0.315,7.98,0
"Which professional football team, New England or Carolina, will win the Carolina at New England game scheduled for Sep 28, 2025?",New England,sports,0.69,7.98,1
"Which college football team, James Madison or Georgia Southern, will win the game scheduled for Sep 27, 2025 at James Madison?",Georgia Southern,sports,0.125,44.61,0
"Which college football team, James Madison or Georgia Southern, will win the game scheduled for Sep 27, 2025 at James Madison?",James Madison,sports,0.875,44.61,1
"Which college football team, South Carolina or Oklahoma, will win the game scheduled for Oct 18, 2025?",Oklahoma,sports,0.645,115.37,1
"Which college football team, South Carolina or Oklahoma, will win the game scheduled for Oct 18, 2025?",South Carolina,sports,0.35,115.37,0
"Which professional baseball team, Atlanta or San Francisco, will win the game scheduled for Jul 22, 2025?",Atlanta,sports,0.51,14.05,0
"Which professional baseball team, Atlanta or San Francisco, will win the game scheduled for Jul 22, 2025?",San Francisco,sports,0.49,14.05,1
"Which professional tennis player, Aleksandar Kovacevic or Luca Nardi, will win the Kovacevic vs Nardi match in the Round of 32 at the 2025 ATP Hangzhou tournament?",Aleksandar Kovacevic,sports,0.55,19.95,0
"Which professional tennis player, Aleksandar Kovacevic or Luca Nardi, will win the Kovacevic vs Nardi match in the Round of 32 at the 2025 ATP Hangzhou tournament?",Luca Nardi,sports,0.455,19.95,0
"Which college football team, James Madison or Texas St., will win the game scheduled for Oct 28, 2025?",James Madison,sports,0.695,50.37,1
"Which college football team, James Madison or Texas St., will win the game scheduled for Oct 28, 2025?",Texas St.,sports,0.335,50.37,0
"Which college football team, Temple or East Carolina, will win the East Carolina at Temple game scheduled for Nov 1, 2025?",East Carolina,sports,0.64,140.52,1
"Which college football team, Temple or East Carolina, will win the East Carolina at Temple game scheduled for Nov 1, 2025?",Temple,sports,0.36,140.52,0
"Which professional baseball team, the A's or New York Y, will win the game scheduled for Jun 27, 2025?",A's,sports,0.305,8.71,0
"Which professional baseball team, the A's or New York Y, will win the game scheduled for Jun 27, 2025?",New York Y,sports,0.7,8.71,1
PPA Tour Cincinnati - Men's Doubles Winner?,CJ Klinger/JW Johnson,sports,0.025,20.62,0
PPA Tour Cincinnati - Men's Doubles Winner?,Christian Alshon/Andrei Daescu,sports,0.17,20.62,0
PPA Tour Cincinnati - Men's Doubles Winner?,Federico Staksrud/Hayden Patriquin,sports,0.005,20.62,0
PPA Tour Cincinnati - Men's Doubles Winner?,Gabriel Tardio/Ben Johns,sports,0.79,20.62,1
"Which college football team, Iowa St. or Arizona, will win the game scheduled for Sep 27, 2025 at Iowa St.?",Arizona,sports,0.345,13.9,0
"Which college football team, Iowa St. or Arizona, will win the game scheduled for Sep 27, 2025 at Iowa St.?",Iowa St.,sports,0.655,13.9,1
"Which college football team, Kansas St. or TCU, will win the game scheduled for Oct 11, 2025?",Kansas St.,sports,0.465,44.34,1
"Which college football team, Kansas St. or TCU, will win the game scheduled for Oct 11, 2025?",TCU,sports,0.535,44.34,0
"Will Greta Thunberg be arrested before Oct 1, 2025?",Yes,politics,0.27,171.82,0
"Which professional hockey team, Utah or Boston, will win the game scheduled for Oct 19, 2025?",Boston,sports,0.345,22.93,0
"Which professional hockey team, Utah or Boston, will win the game scheduled for Oct 19, 2025?",Utah,sports,0.655,22.93,1
"Which of the following people—Eric Jackson, Travis Kalanick, Shrisha Radhakrishna, Rich Barton, or Ryan Graves—will be confirmed as CEO of Opendoor before Jan 1, 2026?",Eric Jackson,finance,0.045,524.06,0
"Which of the following people—Eric Jackson, Travis Kalanick, Shrisha Radhakrishna, Rich Barton, or Ryan Graves—will be confirmed as CEO of Opendoor before Jan 1, 2026?",Rich Barton,finance,0.21,524.06,0
"Which of the following people—Eric Jackson, Travis Kalanick, Shrisha Radhakrishna, Rich Barton, or Ryan Graves—will be confirmed as CEO of Opendoor before Jan 1, 2026?",Ryan Graves,finance,0.095,524.06,0
"Which of the following people—Eric Jackson, Travis Kalanick, Shrisha Radhakrishna, Rich Barton, or Ryan Graves—will be confirmed as CEO of Opendoor before Jan 1, 2026?",Shrisha Radhakrishna,finance,0.165,524.06,0
"Which of the following people—Eric Jackson, Travis Kalanick, Shrisha Radhakrishna, Rich Barton, or Ryan Graves—will be confirmed as CEO of Opendoor before Jan 1, 2026?",Travis Kalanick,finance,0.06,524.06,0
"Which college football team, Florida St. or Miami (FL), will win the game scheduled for Oct 4, 2025?",Florida St.,sports,0.365,6.89,0
"Which college football team, Florida St. or Miami (FL), will win the game scheduled for Oct 4, 2025?",Miami (FL),sports,0.635,6.89,1
"Which college football team, Louisiana-Monroe or Arkansas St., will win the game scheduled for Sep 27, 2025?",Arkansas St.,sports,0.475,19.82,0
"Which college football team, Louisiana-Monroe or Arkansas St., will win the game scheduled for Sep 27, 2025?",Louisiana-Monroe,sports,0.525,19.82,1
"Which professional baseball team, New York M or Atlanta, will win the game scheduled for Jun 18, 2025?",Atlanta,sports,0.63,13.88,1
"Which professional baseball team, New York M or Atlanta, will win the game scheduled for Jun 18, 2025?",New York M,sports,0.37,13.88,0
"Which college football team, Washington or Ohio St., will win the Ohio St. at Washington game scheduled for Sep 27, 2025?",Ohio St.,sports,0.745,37.56,1
"Which college football team, Washington or Ohio St., will win the Ohio St. at Washington game scheduled for Sep 27, 2025?",Washington,sports,0.255,37.56,0
"Which professional UCL soccer team, Newcastle or Barcelona, will win the Newcastle vs Barcelona match scheduled for Sep 18, 2025 after 90 minutes plus stoppage time (extra time and penalty shootouts excluded)?",Barcelona,sports,0.485,309.07,1
"Which professional UCL soccer team, Newcastle or Barcelona, will win the Newcastle vs Barcelona match scheduled for Sep 18, 2025 after 90 minutes plus stoppage time (extra time and penalty shootouts excluded)?",Newcastle,sports,0.27,309.07,0
"Which professional UCL soccer team, Newcastle or Barcelona, will win the Newcastle vs Barcelona match scheduled for Sep 18, 2025 after 90 minutes plus stoppage time (extra time and penalty shootouts excluded)?",Tie,sports,0.25,309.07,0
"What will be the reported album sales for 'The Life of a Showgirl' on the Hits Daily Double Top 50 Chart dated October 10, 2025?","At least 1,500,000 albums",culture,0.995,52.63,1
"What will be the reported album sales for 'The Life of a Showgirl' on the Hits Daily Double Top 50 Chart dated October 10, 2025?","At least 2,000,000 albums",culture,0.995,52.63,1
"What will be the reported album sales for 'The Life of a Showgirl' on the Hits Daily Double Top 50 Chart dated October 10, 2025?","At least 2,500,000 albums",culture,0.985,52.63,1
"What will be the reported album sales for 'The Life of a Showgirl' on the Hits Daily Double Top 50 Chart dated October 10, 2025?","At least 3,000,000 albums",culture,0.975,52.63,1
"What will be the reported album sales for 'The Life of a Showgirl' on the Hits Daily Double Top 50 Chart dated October 10, 2025?","At least 3,500,000 albums",culture,0.67,52.63,0
"What will be the reported album sales for 'The Life of a Showgirl' on the Hits Daily Double Top 50 Chart dated October 10, 2025?","At least 4,000,000 albums",culture,0.175,52.63,0
"What will be the reported album sales for 'The Life of a Showgirl' on the Hits Daily Double Top 50 Chart dated October 10, 2025?","At least 4,500,000 albums",culture,0.04,52.63,0
"What will be the reported album sales for 'The Life of a Showgirl' on the Hits Daily Double Top 50 Chart dated October 10, 2025?","At least 5,000,000 albums",culture,0.025,52.63,0
"Will any Tesla, Inc. representative (including the call operator) say ""Shutdown"" or ""Shut down"" during Tesla, Inc.'s next earnings call (including the Q&A)?",Autonomous,finance,0.995,12.03,1
"Will any Tesla, Inc. representative (including the call operator) say ""Shutdown"" or ""Shut down"" during Tesla, Inc.'s next earnings call (including the Q&A)?",Battery,finance,0.995,12.03,1
"Will any Tesla, Inc. representative (including the call operator) say ""Shutdown"" or ""Shut down"" during Tesla, Inc.'s next earnings call (including the Q&A)?",China,finance,0.995,12.03,1
"Will any Tesla, Inc. representative (including the call operator) say ""Shutdown"" or ""Shut down"" during Tesla, Inc.'s next earnings call (including the Q&A)?",Competition,finance,0.995,12.03,1
"Will any Tesla, Inc. representative (including the call operator) say ""Shutdown"" or ""Shut down"" during Tesla, Inc.'s next earnings call (including the Q&A)?",Cybertruck,finance,0.01,12.03,0
"Will any Tesla, Inc. representative (including the call operator) say ""Shutdown"" or ""Shut down"" during Tesla, Inc.'s next earnings call (including the Q&A)?",DOGE / Department of Government Efficiency,finance,0.005,12.03,0
"Will any Tesla, Inc. representative (including the call operator) say ""Shutdown"" or ""Shut down"" during Tesla, Inc.'s next earnings call (including the Q&A)?",Delivery,finance,0.995,12.03,1
"Will any Tesla, Inc. representative (including the call operator) say ""Shutdown"" or ""Shut down"" during Tesla, Inc.'s next earnings call (including the Q&A)?",Energy,finance,0.995,12.03,1
"Will any Tesla, Inc. representative (including the call operator) say ""Shutdown"" or ""Shut down"" during Tesla, Inc.'s next earnings call (including the Q&A)?",FSD / Full Self Driving,finance,0.995,12.03,1
"Will any Tesla, Inc. representative (including the call operator) say ""Shutdown"" or ""Shut down"" during Tesla, Inc.'s next earnings call (including the Q&A)?",Gigafactory,finance,0.01,12.03,0
"Will any Tesla, Inc. representative (including the call operator) say ""Shutdown"" or ""Shut down"" during Tesla, Inc.'s next earnings call (including the Q&A)?",Grok4,finance,0.065,12.03,0
"Will any Tesla, Inc. representative (including the call operator) say ""Shutdown"" or ""Shut down"" during Tesla, Inc.'s next earnings call (including the Q&A)?",Margin,finance,0.995,12.03,1
"Will any Tesla, Inc. representative (including the call operator) say ""Shutdown"" or ""Shut down"" during Tesla, Inc.'s next earnings call (including the Q&A)?",Optimus,finance,0.995,12.03,1
"Will any Tesla, Inc. representative (including the call operator) say ""Shutdown"" or ""Shut down"" during Tesla, Inc.'s next earnings call (including the Q&A)?",Regulator / Regulatory / Regulation,finance,0.995,12.03,1
"Will any Tesla, Inc. representative (including the call operator) say ""Shutdown"" or ""Shut down"" during Tesla, Inc.'s next earnings call (including the Q&A)?",Robotaxi,finance,0.995,12.03,1
"Will any Tesla, Inc. representative (including the call operator) say ""Shutdown"" or ""Shut down"" during Tesla, Inc.'s next earnings call (including the Q&A)?",Shutdown / Shut Down,finance,0.01,12.03,0
"Will any Tesla, Inc. representative (including the call operator) say ""Shutdown"" or ""Shut down"" during Tesla, Inc.'s next earnings call (including the Q&A)?",Supercharger / Super Charger,finance,0.905,12.03,1
"Which professional EPL soccer team, Brighton or Manchester City, will win the game scheduled for Aug 31, 2025 after 90 minutes plus stoppage time (does not include extra time or penalties)?",Brighton,sports,0.245,15.1,1
"Which professional EPL soccer team, Brighton or Manchester City, will win the game scheduled for Aug 31, 2025 after 90 minutes plus stoppage time (does not include extra time or penalties)?",Manchester City,sports,0.515,15.1,0
"Which professional EPL soccer team, Brighton or Manchester City, will win the game scheduled for Aug 31, 2025 after 90 minutes plus stoppage time (does not include extra time or penalties)?",Tie,sports,0.245,15.1,0
"Which professional basketball team, Memphis or Indiana, will win the game scheduled for Oct 25, 2025?",Indiana,sports,0.65,24.08,0
"Which professional basketball team, Memphis or Indiana, will win the game scheduled for Oct 25, 2025?",Memphis,sports,0.42,24.08,1
"Which college football team, Tulane or East Carolina, will win the game scheduled for Oct 9, 2025?",East Carolina,sports,0.315,24.56,0
"Which college football team, Tulane or East Carolina, will win the game scheduled for Oct 9, 2025?",Tulane,sports,0.685,24.56,1
United States Grand Prix Winner?,Alexander Albon,sports,0.01,167.52,0
United States Grand Prix Winner?,Andrea Kimi Antonelli,sports,0.03,167.52,0
United States Grand Prix Winner?,Carlos Sainz Jr.,sports,0.01,167.52,0
United States Grand Prix Winner?,Charles Leclerc,sports,0.06,167.52,0
United States Grand Prix Winner?,Esteban Ocon,sports,0.01,167.52,0
United States Grand Prix Winner?,Fernando Alonso,sports,0.01,167.52,0
United States Grand Prix Winner?,Franco Colapinto,sports,0.01,167.52,0
United States Grand Prix Winner?,Gabriel Bortoleto,sports,0.01,167.52,0
United States Grand Prix Winner?,George Russell,sports,0.06,167.52,0
United States Grand Prix Winner?,Isack Hadjar,sports,0.01,167.52,0
United States Grand Prix Winner?,Lance Stroll,sports,0.01,167.52,0
United States Grand Prix Winner?,Lando Norris,sports,0.305,167.52,0
United States Grand Prix Winner?,Lewis Hamilton,sports,0.02,167.52,0
United States Grand Prix Winner?,Liam Lawson,sports,0.01,167.52,0
United States Grand Prix Winner?,Max Verstappen,sports,0.315,167.52,1
United States Grand Prix Winner?,Nico Hulkenberg,sports,0.01,167.52,0
United States Grand Prix Winner?,Oliver Bearman,sports,0.01,167.52,0
United States Grand Prix Winner?,Oscar Piastri,sports,0.32,167.52,0
United States Grand Prix Winner?,Pierre Gasly,sports,0.01,167.52,0
United States Grand Prix Winner?,Yuki Tsunoda,sports,0.01,167.52,0
"Which college football team, Sam Houston or Jacksonville St., will win the game scheduled for Oct 9, 2025?",Jacksonville St.,sports,0.725,12.97,1
"Which college football team, Sam Houston or Jacksonville St., will win the game scheduled for Oct 9, 2025?",Sam Houston,sports,0.285,12.97,0
"Which college football team, Sam Houston or Jacksonville St., will win the game scheduled for Oct 9, 2025?",Jacksonville St.,sports,0.75,98.05,1
"Which college football team, Sam Houston or Jacksonville St., will win the game scheduled for Oct 9, 2025?",Sam Houston,sports,0.25,98.05,0
"Will Coinbase announce an acquisition of any company after issuance and before Jan 1, 2026?",any company,other,0.7,422.15,1
"Which professional baseball team, Milwaukee or Chicago C, will win the Milwaukee vs Chicago C (Game 3) professional baseball game scheduled for Oct 8, 2025?",Chicago C,sports,0.515,13.63,1
"Which professional baseball team, Milwaukee or Chicago C, will win the Milwaukee vs Chicago C (Game 3) professional baseball game scheduled for Oct 8, 2025?",Milwaukee,sports,0.485,13.63,0
"Which professional football team, Cleveland or Baltimore, will win the Baltimore at Cleveland game scheduled for Nov 16, 2025?",Baltimore,sports,0.81,168.37,1
"Which professional football team, Cleveland or Baltimore, will win the Baltimore at Cleveland game scheduled for Nov 16, 2025?",Cleveland,sports,0.195,168.37,0
"Will the album 'Swag II' be number one on the Billboard 200 chart dated September 20, 2025?",SWAG 2,culture,0.01,13.63,0
"Which professional football team, Green Bay or Washington, will win the game scheduled for Sep 11, 2025?",Green Bay,sports,0.625,99.41,1
"Which professional football team, Green Bay or Washington, will win the game scheduled for Sep 11, 2025?",Washington,sports,0.375,99.41,0
"Which college football team, Rice or Memphis, will win the game scheduled for Oct 31, 2025?",Memphis,sports,0.59,214.62,1
"Which college football team, Rice or Memphis, will win the game scheduled for Oct 31, 2025?",Rice,sports,0.3,214.62,0
How many regular-season wins will the Houston professional baseball team have in the 2025 regular season?,More than 100 wins,sports,0.07,1934.44,0
How many regular-season wins will the Houston professional baseball team have in the 2025 regular season?,More than 110 wins,sports,0.02,1934.44,0
How many regular-season wins will the Houston professional baseball team have in the 2025 regular season?,More than 70 wins,sports,0.98,1934.44,1
How many regular-season wins will the Houston professional baseball team have in the 2025 regular season?,More than 80 wins,sports,0.83,1934.44,1
How many regular-season wins will the Houston professional baseball team have in the 2025 regular season?,More than 90 wins,sports,0.715,1934.44,0
"Which college football team, Tennessee or UAB, will win the UAB at Tennessee game scheduled for Sep 20, 2025?",Tennessee,sports,0.975,140.01,1
"Which college football team, Tennessee or UAB, will win the UAB at Tennessee game scheduled for Sep 20, 2025?",UAB,sports,0.02,140.01,0
"Which professional football team, Detroit or Chicago, will win the game scheduled for Sep 14, 2025?",Chicago,sports,0.3,116.29,0
"Which professional football team, Detroit or Chicago, will win the game scheduled for Sep 14, 2025?",Detroit,sports,0.705,116.29,1
"Which college football team, Maryland or Washington, will win the game scheduled for Oct 4, 2025?",Maryland,sports,0.335,6.16,0
"Which college football team, Maryland or Washington, will win the game scheduled for Oct 4, 2025?",Washington,sports,0.665,6.16,1
"Which professional football team, Pittsburgh or Minnesota, will win the Minnesota at Pittsburgh game scheduled for Sep 28, 2025?",Minnesota,sports,0.565,32.23,0
"Which professional football team, Pittsburgh or Minnesota, will win the Minnesota at Pittsburgh game scheduled for Sep 28, 2025?",Pittsburgh,sports,0.435,32.23,1
"Which fighter, Francisco Prado or Nikolay Veretennikov, will win the professional MMA fight at UFC 318 scheduled for Jul 19, 2025?",Francisco Prado,sports,0.57,85.04,0
"Which fighter, Francisco Prado or Nikolay Veretennikov, will win the professional MMA fight at UFC 318 scheduled for Jul 19, 2025?",Nikolay Veretennikov,sports,0.43,85.04,1
"Which college football team, Oregon St. or Houston, will win the Houston at Oregon St. game scheduled for Sep 26, 2025?",Houston,sports,0.83,38.16,1
"Which college football team, Oregon St. or Houston, will win the Houston at Oregon St. game scheduled for Sep 26, 2025?",Oregon St.,sports,0.17,38.16,0
"Which of the following parties — PVV, GL/PvdA, VVD, NSC, D66, BBB, or CDA — will gain seats in the 2025 Dutch general election?",BBB,other,0.005,212.59,0
"Which of the following parties — PVV, GL/PvdA, VVD, NSC, D66, BBB, or CDA — will gain seats in the 2025 Dutch general election?",CDA,other,0.995,212.59,1
"Which of the following parties — PVV, GL/PvdA, VVD, NSC, D66, BBB, or CDA — will gain seats in the 2025 Dutch general election?",D66,other,0.995,212.59,1
"Which of the following parties — PVV, GL/PvdA, VVD, NSC, D66, BBB, or CDA — will gain seats in the 2025 Dutch general election?",GL/PvdA,other,0.005,212.59,0
"Which of the following parties — PVV, GL/PvdA, VVD, NSC, D66, BBB, or CDA — will gain seats in the 2025 Dutch general election?",NSC,other,0.005,212.59,0
"Which of the following parties — PVV, GL/PvdA, VVD, NSC, D66, BBB, or CDA — will gain seats in the 2025 Dutch general election?",PVV,other,0.005,212.59,0
"Which of the following parties — PVV, GL/PvdA, VVD, NSC, D66, BBB, or CDA — will gain seats in the 2025 Dutch general election?",VVD,other,0.065,212.59,0
"Will Iran agree to, sign, or accept a safeguards agreement with the International Atomic Energy Agency (IAEA) allowing IAEA monitoring of Iran's nuclear program before Jan 1, 2026?",Before 2026,politics,0.485,1199.33,1
Hurricane Karen category?,Category 1 or above,science_tech,0.175,163.83,0
Hurricane Karen category?,Category 2 or above,science_tech,0.085,163.83,0
Hurricane Karen category?,Category 3 or above,science_tech,0.06,163.83,0
Hurricane Karen category?,Category 5 or above,science_tech,0.03,163.83,0
What will the Land Ocean-Temperature Index (LOTI) value be for August 2025?,1.02999 or below,science_tech,0.045,181.79,0
What will the Land Ocean-Temperature Index (LOTI) value be for August 2025?,1.03 to 1.09,science_tech,0.755,181.79,1
What will the Land Ocean-Temperature Index (LOTI) value be for August 2025?,1.10 to 1.16,science_tech,0.155,181.79,0
What will the Land Ocean-Temperature Index (LOTI) value be for August 2025?,1.17 to 1.23,science_tech,0.165,181.79,0
What will the Land Ocean-Temperature Index (LOTI) value be for August 2025?,1.24 to 1.30,science_tech,0.01,181.79,0
What will the Land Ocean-Temperature Index (LOTI) value be for August 2025?,1.30001 or above,science_tech,0.01,181.79,0
"Which college football team, Iowa St. or Arizona, will win the game scheduled for Sep 27, 2025 at Iowa St.?",Arizona,sports,0.345,21.31,0
"Which college football team, Iowa St. or Arizona, will win the game scheduled for Sep 27, 2025 at Iowa St.?",Iowa St.,sports,0.655,21.31,1
"Which professional football team, Los Angeles C or Indianapolis, will win the game scheduled for Oct 19, 2025?",Indianapolis,sports,0.495,261.34,1
"Which professional football team, Los Angeles C or Indianapolis, will win the game scheduled for Oct 19, 2025?",Los Angeles C,sports,0.505,261.34,0
"Which college football team, Oregon St. or Houston, will win the Houston at Oregon St. game scheduled for Sep 26, 2025?",Houston,sports,0.825,10.16,1
"Which college football team, Oregon St. or Houston, will win the Houston at Oregon St. game scheduled for Sep 26, 2025?",Oregon St.,sports,0.175,10.16,0
"Will the film 'Roofman' have a Tomatometer score above 45 on Rotten Tomatoes on Oct 13, 2025 at 10:00 AM ET?",Above 45,culture,0.99,63.41,1
"Will the film 'Roofman' have a Tomatometer score above 45 on Rotten Tomatoes on Oct 13, 2025 at 10:00 AM ET?",Above 60,culture,0.99,63.41,1
"Will the film 'Roofman' have a Tomatometer score above 45 on Rotten Tomatoes on Oct 13, 2025 at 10:00 AM ET?",Above 70,culture,0.985,63.41,1
"Will the film 'Roofman' have a Tomatometer score above 45 on Rotten Tomatoes on Oct 13, 2025 at 10:00 AM ET?",Above 75,culture,0.975,63.41,1
"Will the film 'Roofman' have a Tomatometer score above 45 on Rotten Tomatoes on Oct 13, 2025 at 10:00 AM ET?",Above 80,culture,0.89,63.41,1
"Will the film 'Roofman' have a Tomatometer score above 45 on Rotten Tomatoes on Oct 13, 2025 at 10:00 AM ET?",Above 85,culture,0.065,63.41,0
"Will the film 'Roofman' have a Tomatometer score above 45 on Rotten Tomatoes on Oct 13, 2025 at 10:00 AM ET?",Above 90,culture,0.01,63.41,0
"Which college football team, Colorado or Arizona, will win the Arizona at Colorado game scheduled for Nov 1, 2025?",Arizona,sports,0.545,169.01,1
"Which college football team, Colorado or Arizona, will win the Arizona at Colorado game scheduled for Nov 1, 2025?",Colorado,sports,0.47,169.01,0
Which team will win Best Team at the 2025 ESPY Awards?,Florida,culture,0.04,16.14,0
Which team will win Best Team at the 2025 ESPY Awards?,Los Angeles D,culture,0.015,16.14,0
Which team will win Best Team at the 2025 ESPY Awards?,New York,culture,0.005,16.14,0
Which team will win Best Team at the 2025 ESPY Awards?,North Carolina,culture,0.095,16.14,0
Which team will win Best Team at the 2025 ESPY Awards?,Ohio State,culture,0.02,16.14,0
Which team will win Best Team at the 2025 ESPY Awards?,Oklahoma City,culture,0.53,16.14,0
Which team will win Best Team at the 2025 ESPY Awards?,Philadelphia,culture,0.355,16.14,1
Which team will win Best Team at the 2025 ESPY Awards?,Tie,culture,0.005,16.14,0
Which team will win Best Team at the 2025 ESPY Awards?,US WNT,culture,0.05,16.14,0
Which team will win Best Team at the 2025 ESPY Awards?,Uconn,culture,0.07,16.14,0
Which participants will be officially eliminated in Episode 3 of Survivor Season 49?,Alex Moore,sports,0.055,36.91,0
Which participants will be officially eliminated in Episode 3 of Survivor Season 49?,Jake Latimer,sports,0.95,36.91,1
Which participants will be officially eliminated in Episode 3 of Survivor Season 49?,Jason Treul,sports,0.105,36.91,0
Which participants will be officially eliminated in Episode 3 of Survivor Season 49?,Jawan Pitts,sports,0.06,36.91,0
Which participants will be officially eliminated in Episode 3 of Survivor Season 49?,Jeremiah Ing,sports,0.635,36.91,1
Which participants will be officially eliminated in Episode 3 of Survivor Season 49?,Kristina Mills,sports,0.075,36.91,0
Which participants will be officially eliminated in Episode 3 of Survivor Season 49?,Matt Williams,sports,0.1,36.91,0
Which participants will be officially eliminated in Episode 3 of Survivor Season 49?,Michelle “MC” Chukwujekwu,sports,0.075,36.91,0
Which participants will be officially eliminated in Episode 3 of Survivor Season 49?,Nate Moore,sports,0.06,36.91,0
Which participants will be officially eliminated in Episode 3 of Survivor Season 49?,Rizo Velovic,sports,0.01,36.91,0
Which participants will be officially eliminated in Episode 3 of Survivor Season 49?,Sage Ahrens-Nichols,sports,0.07,36.91,0
Which participants will be officially eliminated in Episode 3 of Survivor Season 49?,Savannah Louie,sports,0.01,36.91,0
Which participants will be officially eliminated in Episode 3 of Survivor Season 49?,Shannon Fairweather,sports,0.09,36.91,0
Which participants will be officially eliminated in Episode 3 of Survivor Season 49?,Sophi Balerdi,sports,0.06,36.91,0
Which participants will be officially eliminated in Episode 3 of Survivor Season 49?,Sophie Segreti,sports,0.075,36.91,0
Which participants will be officially eliminated in Episode 3 of Survivor Season 49?,Steven Ramm,sports,0.055,36.91,0
"Which professional tennis player, Jesper De Jong or Tallon Griekspoor, will advance past the quarterfinal in the 2025 ATP Bastad professional tennis tournament?",Jesper De Jong,sports,0.38,23.98,1
"Which professional tennis player, Jesper De Jong or Tallon Griekspoor, will advance past the quarterfinal in the 2025 ATP Bastad professional tennis tournament?",Tallon Griekspoor,sports,0.575,23.98,0
"Which collaboration — Bailey Zimmerman with Luke Combs, Kendrick Lamar & SZA, Lady Gaga & Bruno Mars, Post Malone ft. Blake Shelton, ROSÉ & Bruno Mars, Selena Gomez, benny blanco, or a Tie — will win Best Collaboration at the 2025 VMA Awards?",Bailey Zimmerman with Luke Combs,culture,0.025,150.02,0
"Which collaboration — Bailey Zimmerman with Luke Combs, Kendrick Lamar & SZA, Lady Gaga & Bruno Mars, Post Malone ft. Blake Shelton, ROSÉ & Bruno Mars, Selena Gomez, benny blanco, or a Tie — will win Best Collaboration at the 2025 VMA Awards?",Kendrick Lamar & SZA,culture,0.04,150.02,0
"Which collaboration — Bailey Zimmerman with Luke Combs, Kendrick Lamar & SZA, Lady Gaga & Bruno Mars, Post Malone ft. Blake Shelton, ROSÉ & Bruno Mars, Selena Gomez, benny blanco, or a Tie — will win Best Collaboration at the 2025 VMA Awards?",Lady Gaga & Bruno Mars,culture,0.76,150.02,1
"Which collaboration — Bailey Zimmerman with Luke Combs, Kendrick Lamar & SZA, Lady Gaga & Bruno Mars, Post Malone ft. Blake Shelton, ROSÉ & Bruno Mars, Selena Gomez, benny blanco, or a Tie — will win Best Collaboration at the 2025 VMA Awards?",Post Malone ft. Blake Shelton,culture,0.03,150.02,0
"Which collaboration — Bailey Zimmerman with Luke Combs, Kendrick Lamar & SZA, Lady Gaga & Bruno Mars, Post Malone ft. Blake Shelton, ROSÉ & Bruno Mars, Selena Gomez, benny blanco, or a Tie — will win Best Collaboration at the 2025 VMA Awards?",ROSÉ & Bruno Mars,culture,0.155,150.02,0
"Which collaboration — Bailey Zimmerman with Luke Combs, Kendrick Lamar & SZA, Lady Gaga & Bruno Mars, Post Malone ft. Blake Shelton, ROSÉ & Bruno Mars, Selena Gomez, benny blanco, or a Tie — will win Best Collaboration at the 2025 VMA Awards?","Selena Gomez, benny blanco",culture,0.025,150.02,0
"Which collaboration — Bailey Zimmerman with Luke Combs, Kendrick Lamar & SZA, Lady Gaga & Bruno Mars, Post Malone ft. Blake Shelton, ROSÉ & Bruno Mars, Selena Gomez, benny blanco, or a Tie — will win Best Collaboration at the 2025 VMA Awards?",Tie,culture,0.025,150.02,0
"Which college football team, UCLA or Maryland, will win the Maryland at UCLA game scheduled for Oct 18, 2025?",Maryland,sports,0.435,146.07,0
"Which college football team, UCLA or Maryland, will win the Maryland at UCLA game scheduled for Oct 18, 2025?",UCLA,sports,0.56,146.07,1
How many album sales will 'Swag II' have on the Hits Daily Double Top 50 chart dated 09/12/2025?,"At least 100,000 albums",culture,0.175,99.85,0
How many album sales will 'Swag II' have on the Hits Daily Double Top 50 chart dated 09/12/2025?,"At least 125,000 albums",culture,0.24,99.85,0
How many album sales will 'Swag II' have on the Hits Daily Double Top 50 chart dated 09/12/2025?,"At least 150,000 albums",culture,0.2,99.85,0
How many album sales will 'Swag II' have on the Hits Daily Double Top 50 chart dated 09/12/2025?,"At least 175,000 albums",culture,0.25,99.85,0
How many album sales will 'Swag II' have on the Hits Daily Double Top 50 chart dated 09/12/2025?,"At least 200,000 albums",culture,0.495,99.85,0
How many album sales will 'Swag II' have on the Hits Daily Double Top 50 chart dated 09/12/2025?,"At least 300,000 albums",culture,0.2,99.85,0
How many album sales will 'Swag II' have on the Hits Daily Double Top 50 chart dated 09/12/2025?,"At least 350,000 albums",culture,0.25,99.85,0
How many album sales will 'Swag II' have on the Hits Daily Double Top 50 chart dated 09/12/2025?,"At least 50,000 albums",culture,0.31,99.85,0
How many album sales will 'Swag II' have on the Hits Daily Double Top 50 chart dated 09/12/2025?,"At least 75,000 albums",culture,0.19,99.85,0
"Will the film ""The Long Walk"" have a Rotten Tomatoes Tomatometer score above 45 on Sep 15, 2025 at 10:00 AM ET?",Above 45,culture,0.995,18.73,1
"Will the film ""The Long Walk"" have a Rotten Tomatoes Tomatometer score above 45 on Sep 15, 2025 at 10:00 AM ET?",Above 60,culture,0.995,18.73,1
"Will the film ""The Long Walk"" have a Rotten Tomatoes Tomatometer score above 45 on Sep 15, 2025 at 10:00 AM ET?",Above 75,culture,0.995,18.73,1
"Will the film ""The Long Walk"" have a Rotten Tomatoes Tomatometer score above 45 on Sep 15, 2025 at 10:00 AM ET?",Above 80,culture,0.995,18.73,1
"Will the film ""The Long Walk"" have a Rotten Tomatoes Tomatometer score above 45 on Sep 15, 2025 at 10:00 AM ET?",Above 85,culture,0.995,18.73,1
"Will the film ""The Long Walk"" have a Rotten Tomatoes Tomatometer score above 45 on Sep 15, 2025 at 10:00 AM ET?",Above 87,culture,0.995,18.73,1
"Will the film ""The Long Walk"" have a Rotten Tomatoes Tomatometer score above 45 on Sep 15, 2025 at 10:00 AM ET?",Above 90,culture,0.065,18.73,0
"Will the film ""The Long Walk"" have a Rotten Tomatoes Tomatometer score above 45 on Sep 15, 2025 at 10:00 AM ET?",Above 92,culture,0.005,18.73,0
"Will the film ""The Long Walk"" have a Rotten Tomatoes Tomatometer score above 45 on Sep 15, 2025 at 10:00 AM ET?",Above 95,culture,0.005,18.73,0
"Will the film ""The Long Walk"" have a Rotten Tomatoes Tomatometer score above 45 on Sep 15, 2025 at 10:00 AM ET?",Above 97,culture,0.005,18.73,0
"Will White House Press Secretary Karoline Leavitt say the phrase ""Illegal Alien"" at the next White House press briefing (press briefings only; gaggles excluded)?",Antifa,politics,0.79,330.56,0
"Will White House Press Secretary Karoline Leavitt say the phrase ""Illegal Alien"" at the next White House press briefing (press briefings only; gaggles excluded)?",Biden,politics,0.85,330.56,1
"Will White House Press Secretary Karoline Leavitt say the phrase ""Illegal Alien"" at the next White House press briefing (press briefings only; gaggles excluded)?",Border,politics,0.75,330.56,1
"Will White House Press Secretary Karoline Leavitt say the phrase ""Illegal Alien"" at the next White House press briefing (press briefings only; gaggles excluded)?",Ceasefire,politics,0.785,330.56,0
"Will White House Press Secretary Karoline Leavitt say the phrase ""Illegal Alien"" at the next White House press briefing (press briefings only; gaggles excluded)?",Chicago,politics,0.795,330.56,0
"Will White House Press Secretary Karoline Leavitt say the phrase ""Illegal Alien"" at the next White House press briefing (press briefings only; gaggles excluded)?",China,politics,0.38,330.56,1
"Will White House Press Secretary Karoline Leavitt say the phrase ""Illegal Alien"" at the next White House press briefing (press briefings only; gaggles excluded)?",Clean CR / Clean Continuing Resolution,politics,0.39,330.56,1
"Will White House Press Secretary Karoline Leavitt say the phrase ""Illegal Alien"" at the next White House press briefing (press briefings only; gaggles excluded)?",Drug,politics,0.745,330.56,1
"Will White House Press Secretary Karoline Leavitt say the phrase ""Illegal Alien"" at the next White House press briefing (press briefings only; gaggles excluded)?",Energy,politics,0.59,330.56,0
"Will White House Press Secretary Karoline Leavitt say the phrase ""Illegal Alien"" at the next White House press briefing (press briefings only; gaggles excluded)?",Hamas,politics,0.87,330.56,0
"Will White House Press Secretary Karoline Leavitt say the phrase ""Illegal Alien"" at the next White House press briefing (press briefings only; gaggles excluded)?",Hispanic,politics,0.205,330.56,0
"Will White House Press Secretary Karoline Leavitt say the phrase ""Illegal Alien"" at the next White House press briefing (press briefings only; gaggles excluded)?",ICE,politics,0.85,330.56,1
"Will White House Press Secretary Karoline Leavitt say the phrase ""Illegal Alien"" at the next White House press briefing (press briefings only; gaggles excluded)?",Illegal Alien,politics,0.775,330.56,1
"Will White House Press Secretary Karoline Leavitt say the phrase ""Illegal Alien"" at the next White House press briefing (press briefings only; gaggles excluded)?",Inflation,politics,0.455,330.56,0
"Will White House Press Secretary Karoline Leavitt say the phrase ""Illegal Alien"" at the next White House press briefing (press briefings only; gaggles excluded)?",Israel,politics,0.935,330.56,0
"Will White House Press Secretary Karoline Leavitt say the phrase ""Illegal Alien"" at the next White House press briefing (press briefings only; gaggles excluded)?",Lunatic,politics,0.25,330.56,0
"Will White House Press Secretary Karoline Leavitt say the phrase ""Illegal Alien"" at the next White House press briefing (press briefings only; gaggles excluded)?",Medicare,politics,0.395,330.56,0
"Will White House Press Secretary Karoline Leavitt say the phrase ""Illegal Alien"" at the next White House press briefing (press briefings only; gaggles excluded)?",National Guard,politics,0.835,330.56,0
"Will White House Press Secretary Karoline Leavitt say the phrase ""Illegal Alien"" at the next White House press briefing (press briefings only; gaggles excluded)?",October 7,politics,0.175,330.56,0
"Will White House Press Secretary Karoline Leavitt say the phrase ""Illegal Alien"" at the next White House press briefing (press briefings only; gaggles excluded)?",Portland,politics,0.79,330.56,0
"Will White House Press Secretary Karoline Leavitt say the phrase ""Illegal Alien"" at the next White House press briefing (press briefings only; gaggles excluded)?",Russia,politics,0.45,330.56,1
"Will White House Press Secretary Karoline Leavitt say the phrase ""Illegal Alien"" at the next White House press briefing (press briefings only; gaggles excluded)?",Stupid Question,politics,0.105,330.56,0
"Will White House Press Secretary Karoline Leavitt say the phrase ""Illegal Alien"" at the next White House press briefing (press briefings only; gaggles excluded)?",Tariff,politics,0.8,330.56,0
"Will White House Press Secretary Karoline Leavitt say the phrase ""Illegal Alien"" at the next White House press briefing (press briefings only; gaggles excluded)?",Terrorist,politics,0.59,330.56,1
"Will White House Press Secretary Karoline Leavitt say the phrase ""Illegal Alien"" at the next White House press briefing (press briefings only; gaggles excluded)?",Ukraine,politics,0.435,330.56,0
"Will White House Press Secretary Karoline Leavitt say the phrase ""Illegal Alien"" at the next White House press briefing (press briefings only; gaggles excluded)?",War,politics,0.715,330.56,1
"Which professional baseball team, Milwaukee or Miami, will win the game scheduled for Jul 26, 2025, at Milwaukee?",Miami,sports,0.395,13.92,1
"Which professional baseball team, Milwaukee or Miami, will win the game scheduled for Jul 26, 2025, at Milwaukee?",Milwaukee,sports,0.6,13.92,0
"During Costco Wholesale Corporation's next earnings call (including the Q&A), will any company representative (including the operator of the call) say the phrase ""Hot Dog""?",Consumer,finance,0.995,7.64,1
"During Costco Wholesale Corporation's next earnings call (including the Q&A), will any company representative (including the operator of the call) say the phrase ""Hot Dog""?",Dividend,finance,0.005,7.64,0
"During Costco Wholesale Corporation's next earnings call (including the Q&A), will any company representative (including the operator of the call) say the phrase ""Hot Dog""?",Expansion,finance,0.995,7.64,1
"During Costco Wholesale Corporation's next earnings call (including the Q&A), will any company representative (including the operator of the call) say the phrase ""Hot Dog""?",Growth,finance,0.995,7.64,1
"During Costco Wholesale Corporation's next earnings call (including the Q&A), will any company representative (including the operator of the call) say the phrase ""Hot Dog""?",Hot Dog,finance,0.995,7.64,1
"During Costco Wholesale Corporation's next earnings call (including the Q&A), will any company representative (including the operator of the call) say the phrase ""Hot Dog""?",Inflation,finance,0.995,7.64,1
"During Costco Wholesale Corporation's next earnings call (including the Q&A), will any company representative (including the operator of the call) say the phrase ""Hot Dog""?",Inventory,finance,0.995,7.64,1
"During Costco Wholesale Corporation's next earnings call (including the Q&A), will any company representative (including the operator of the call) say the phrase ""Hot Dog""?",Kirkland,finance,0.995,7.64,1
"During Costco Wholesale Corporation's next earnings call (including the Q&A), will any company representative (including the operator of the call) say the phrase ""Hot Dog""?",Labor,finance,0.995,7.64,1
"During Costco Wholesale Corporation's next earnings call (including the Q&A), will any company representative (including the operator of the call) say the phrase ""Hot Dog""?",Margin,finance,0.995,7.64,1
"During Costco Wholesale Corporation's next earnings call (including the Q&A), will any company representative (including the operator of the call) say the phrase ""Hot Dog""?",Membership,finance,0.995,7.64,1
"During Costco Wholesale Corporation's next earnings call (including the Q&A), will any company representative (including the operator of the call) say the phrase ""Hot Dog""?",Renewal,finance,0.995,7.64,1
"During Costco Wholesale Corporation's next earnings call (including the Q&A), will any company representative (including the operator of the call) say the phrase ""Hot Dog""?",Revenue,finance,0.995,7.64,1
"During Costco Wholesale Corporation's next earnings call (including the Q&A), will any company representative (including the operator of the call) say the phrase ""Hot Dog""?",Spending,finance,0.995,7.64,1
"During Costco Wholesale Corporation's next earnings call (including the Q&A), will any company representative (including the operator of the call) say the phrase ""Hot Dog""?",Tariff,finance,0.995,7.64,1
"During Costco Wholesale Corporation's next earnings call (including the Q&A), will any company representative (including the operator of the call) say the phrase ""Hot Dog""?",Valuation,finance,0.005,7.64,0
"Which professional baseball team, Arizona or San Francisco, will win the game scheduled for Jul 3, 2025?",Arizona,sports,0.48,16.39,0
"Which professional baseball team, Arizona or San Francisco, will win the game scheduled for Jul 3, 2025?",San Francisco,sports,0.52,16.39,1
"Insufficient information: no specific date, time, or time period provided for the handshake between Donald Trump and Benjamin Netanyahu.",At least 1 second,other,0.995,16.11,1
"Insufficient information: no specific date, time, or time period provided for the handshake between Donald Trump and Benjamin Netanyahu.",At least 10 seconds,other,0.25,16.11,0
"Insufficient information: no specific date, time, or time period provided for the handshake between Donald Trump and Benjamin Netanyahu.",At least 15 seconds,other,0.25,16.11,0
"Insufficient information: no specific date, time, or time period provided for the handshake between Donald Trump and Benjamin Netanyahu.",At least 20 seconds,other,0.495,16.11,0
"Insufficient information: no specific date, time, or time period provided for the handshake between Donald Trump and Benjamin Netanyahu.",At least 3 seconds,other,0.75,16.11,1
"Insufficient information: no specific date, time, or time period provided for the handshake between Donald Trump and Benjamin Netanyahu.",At least 30 seconds,other,0.11,16.11,0
"Insufficient information: no specific date, time, or time period provided for the handshake between Donald Trump and Benjamin Netanyahu.",At least 5 seconds,other,0.305,16.11,0
"Insufficient information: no specific date, time, or time period provided for the handshake between Donald Trump and Benjamin Netanyahu.",At least 8 seconds,other,0.25,16.11,0
"What will be the total number of Spotify streams for Taylor Swift's song ""The Fate of Ophelia"" by Oct 10, 2025 at 10:00 AM ET?",More than 10 million,culture,0.98,155.76,1
"What will be the total number of Spotify streams for Taylor Swift's song ""The Fate of Ophelia"" by Oct 10, 2025 at 10:00 AM ET?",More than 100 million,culture,0.6,155.76,1
"What will be the total number of Spotify streams for Taylor Swift's song ""The Fate of Ophelia"" by Oct 10, 2025 at 10:00 AM ET?",More than 110 million,culture,0.27,155.76,1
"What will be the total number of Spotify streams for Taylor Swift's song ""The Fate of Ophelia"" by Oct 10, 2025 at 10:00 AM ET?",More than 15 million,culture,0.98,155.76,1
"What will be the total number of Spotify streams for Taylor Swift's song ""The Fate of Ophelia"" by Oct 10, 2025 at 10:00 AM ET?",More than 20 million,culture,0.97,155.76,1
"What will be the total number of Spotify streams for Taylor Swift's song ""The Fate of Ophelia"" by Oct 10, 2025 at 10:00 AM ET?",More than 25 million,culture,0.97,155.76,1
"What will be the total number of Spotify streams for Taylor Swift's song ""The Fate of Ophelia"" by Oct 10, 2025 at 10:00 AM ET?",More than 30 million,culture,0.975,155.76,1
"What will be the total number of Spotify streams for Taylor Swift's song ""The Fate of Ophelia"" by Oct 10, 2025 at 10:00 AM ET?",More than 35 million,culture,0.975,155.76,1
"What will be the total number of Spotify streams for Taylor Swift's song ""The Fate of Ophelia"" by Oct 10, 2025 at 10:00 AM ET?",More than 40 million,culture,0.975,155.76,1
"What will be the total number of Spotify streams for Taylor Swift's song ""The Fate of Ophelia"" by Oct 10, 2025 at 10:00 AM ET?",More than 45 million,culture,0.975,155.76,1
"What will be the total number of Spotify streams for Taylor Swift's song ""The Fate of Ophelia"" by Oct 10, 2025 at 10:00 AM ET?",More than 50 million,culture,0.975,155.76,1
"What will be the total number of Spotify streams for Taylor Swift's song ""The Fate of Ophelia"" by Oct 10, 2025 at 10:00 AM ET?",More than 55 million,culture,0.97,155.76,1
"What will be the total number of Spotify streams for Taylor Swift's song ""The Fate of Ophelia"" by Oct 10, 2025 at 10:00 AM ET?",More than 60 million,culture,0.965,155.76,1
"What will be the total number of Spotify streams for Taylor Swift's song ""The Fate of Ophelia"" by Oct 10, 2025 at 10:00 AM ET?",More than 65 million,culture,0.955,155.76,1
"What will be the total number of Spotify streams for Taylor Swift's song ""The Fate of Ophelia"" by Oct 10, 2025 at 10:00 AM ET?",More than 70 million,culture,0.85,155.76,1
"What will be the total number of Spotify streams for Taylor Swift's song ""The Fate of Ophelia"" by Oct 10, 2025 at 10:00 AM ET?",More than 75 million,culture,0.955,155.76,1
"What will be the total number of Spotify streams for Taylor Swift's song ""The Fate of Ophelia"" by Oct 10, 2025 at 10:00 AM ET?",More than 80 million,culture,0.675,155.76,1
"What will be the total number of Spotify streams for Taylor Swift's song ""The Fate of Ophelia"" by Oct 10, 2025 at 10:00 AM ET?",More than 90 million,culture,0.825,155.76,1
"Which professional baseball team, Philadelphia or Los Angeles D, will win the best-of-five series between Philadelphia and Los Angeles D that begins on October 04, 2025?",Los Angeles D win 3-0,sports,0.605,23.98,0
"Which professional baseball team, Philadelphia or Los Angeles D, will win the best-of-five series between Philadelphia and Los Angeles D that begins on October 04, 2025?",Los Angeles D win 3-1,sports,0.42,23.98,1
"Which professional baseball team, Philadelphia or Los Angeles D, will win the best-of-five series between Philadelphia and Los Angeles D that begins on October 04, 2025?",Los Angeles D win 3-2,sports,0.245,23.98,0
"Which professional baseball team, Philadelphia or Los Angeles D, will win the best-of-five series between Philadelphia and Los Angeles D that begins on October 04, 2025?",Philadelphia win 3-2,sports,0.245,23.98,0
"Which team will win the League of Legends featured event at the 2025 Esports World Cup: T1, CTBC Flying Oyster, GAM Esports, Movistar KOI, G2 Esports, Gen.G, Hanwha Life Esports, Bilibili Gaming, AG.AL, FlyQuest, Cloud9, or FURIA?",AG.AL,sports,0.35,33.06,0
"Which team will win the League of Legends featured event at the 2025 Esports World Cup: T1, CTBC Flying Oyster, GAM Esports, Movistar KOI, G2 Esports, Gen.G, Hanwha Life Esports, Bilibili Gaming, AG.AL, FlyQuest, Cloud9, or FURIA?",Bilibili Gaming,sports,0.01,33.06,0
"Which team will win the League of Legends featured event at the 2025 Esports World Cup: T1, CTBC Flying Oyster, GAM Esports, Movistar KOI, G2 Esports, Gen.G, Hanwha Life Esports, Bilibili Gaming, AG.AL, FlyQuest, Cloud9, or FURIA?",CTBC Flying Oyster,sports,0.005,33.06,0
"Which team will win the League of Legends featured event at the 2025 Esports World Cup: T1, CTBC Flying Oyster, GAM Esports, Movistar KOI, G2 Esports, Gen.G, Hanwha Life Esports, Bilibili Gaming, AG.AL, FlyQuest, Cloud9, or FURIA?",Cloud9,sports,0.005,33.06,0
"Which team will win the League of Legends featured event at the 2025 Esports World Cup: T1, CTBC Flying Oyster, GAM Esports, Movistar KOI, G2 Esports, Gen.G, Hanwha Life Esports, Bilibili Gaming, AG.AL, FlyQuest, Cloud9, or FURIA?",FURIA,sports,0.015,33.06,0
"Which team will win the League of Legends featured event at the 2025 Esports World Cup: T1, CTBC Flying Oyster, GAM Esports, Movistar KOI, G2 Esports, Gen.G, Hanwha Life Esports, Bilibili Gaming, AG.AL, FlyQuest, Cloud9, or FURIA?",FlyQuest,sports,0.465,33.06,0
"Which team will win the League of Legends featured event at the 2025 Esports World Cup: T1, CTBC Flying Oyster, GAM Esports, Movistar KOI, G2 Esports, Gen.G, Hanwha Life Esports, Bilibili Gaming, AG.AL, FlyQuest, Cloud9, or FURIA?",G2 Esports,sports,0.015,33.06,0
"Which team will win the League of Legends featured event at the 2025 Esports World Cup: T1, CTBC Flying Oyster, GAM Esports, Movistar KOI, G2 Esports, Gen.G, Hanwha Life Esports, Bilibili Gaming, AG.AL, FlyQuest, Cloud9, or FURIA?",GAM Esports,sports,0.005,33.06,0
"Which team will win the League of Legends featured event at the 2025 Esports World Cup: T1, CTBC Flying Oyster, GAM Esports, Movistar KOI, G2 Esports, Gen.G, Hanwha Life Esports, Bilibili Gaming, AG.AL, FlyQuest, Cloud9, or FURIA?",Gen.G,sports,0.705,33.06,1
"Which team will win the League of Legends featured event at the 2025 Esports World Cup: T1, CTBC Flying Oyster, GAM Esports, Movistar KOI, G2 Esports, Gen.G, Hanwha Life Esports, Bilibili Gaming, AG.AL, FlyQuest, Cloud9, or FURIA?",Hanwha Life Esports,sports,0.005,33.06,0
"Which team will win the League of Legends featured event at the 2025 Esports World Cup: T1, CTBC Flying Oyster, GAM Esports, Movistar KOI, G2 Esports, Gen.G, Hanwha Life Esports, Bilibili Gaming, AG.AL, FlyQuest, Cloud9, or FURIA?",Movistar KOI,sports,0.01,33.06,0
"Which team will win the League of Legends featured event at the 2025 Esports World Cup: T1, CTBC Flying Oyster, GAM Esports, Movistar KOI, G2 Esports, Gen.G, Hanwha Life Esports, Bilibili Gaming, AG.AL, FlyQuest, Cloud9, or FURIA?",T1,sports,0.03,33.06,0
"What will EA Sports FC 26's Metacritic Metascore be seven days after the game's release, measured at 10:00 AM ET?",50 or greater,culture,0.975,253.96,1
"What will EA Sports FC 26's Metacritic Metascore be seven days after the game's release, measured at 10:00 AM ET?",60 or greater,culture,0.975,253.96,1
"What will EA Sports FC 26's Metacritic Metascore be seven days after the game's release, measured at 10:00 AM ET?",65 or greater,culture,0.97,253.96,1
"What will EA Sports FC 26's Metacritic Metascore be seven days after the game's release, measured at 10:00 AM ET?",70 or greater,culture,0.985,253.96,1
"What will EA Sports FC 26's Metacritic Metascore be seven days after the game's release, measured at 10:00 AM ET?",75 or greater,culture,0.93,253.96,1
"What will EA Sports FC 26's Metacritic Metascore be seven days after the game's release, measured at 10:00 AM ET?",80 or greater,culture,0.92,253.96,1
"What will EA Sports FC 26's Metacritic Metascore be seven days after the game's release, measured at 10:00 AM ET?",85 or greater,culture,0.2,253.96,0
"What will EA Sports FC 26's Metacritic Metascore be seven days after the game's release, measured at 10:00 AM ET?",90 or greater,culture,0.03,253.96,0
"What will EA Sports FC 26's Metacritic Metascore be seven days after the game's release, measured at 10:00 AM ET?",95 or greater,culture,0.025,253.96,0
"Which professional La Liga team, Alaves or Sevilla, will win the match scheduled for Sep 20, 2025 after 90 minutes plus stoppage time (excluding extra time and penalties)?",Alaves,sports,0.39,138.45,0
"Which professional La Liga team, Alaves or Sevilla, will win the match scheduled for Sep 20, 2025 after 90 minutes plus stoppage time (excluding extra time and penalties)?",Sevilla,sports,0.29,138.45,1
"Which professional La Liga team, Alaves or Sevilla, will win the match scheduled for Sep 20, 2025 after 90 minutes plus stoppage time (excluding extra time and penalties)?",Tie,sports,0.305,138.45,0
What will Taylor Swift say during Late Night With Seth Meyers?,22,politics,0.005,8.07,0
What will Taylor Swift say during Late Night With Seth Meyers?,Abigail,politics,0.005,8.07,0
What will Taylor Swift say during Late Night With Seth Meyers?,Bad Bunny,politics,0.005,8.07,0
What will Taylor Swift say during Late Night With Seth Meyers?,Breakup / Break Up,politics,0.005,8.07,0
What will Taylor Swift say during Late Night With Seth Meyers?,Cat,politics,0.005,8.07,0
What will Taylor Swift say during Late Night With Seth Meyers?,Deluxe,politics,0.005,8.07,0
What will Taylor Swift say during Late Night With Seth Meyers?,Egg,politics,0.005,8.07,0
What will Taylor Swift say during Late Night With Seth Meyers?,Elon / Musk,politics,0.005,8.07,0
What will Taylor Swift say during Late Night With Seth Meyers?,Engage / Engaged,politics,0.005,8.07,0
What will Taylor Swift say during Late Night With Seth Meyers?,Era,politics,0.995,8.07,1
What will Taylor Swift say during Late Night With Seth Meyers?,Grammy,politics,0.005,8.07,0
What will Taylor Swift say during Late Night With Seth Meyers?,James / Comey,politics,0.005,8.07,0
What will Taylor Swift say during Late Night With Seth Meyers?,Kelce,politics,0.005,8.07,0
What will Taylor Swift say during Late Night With Seth Meyers?,Midnight,politics,0.005,8.07,0
What will Taylor Swift say during Late Night With Seth Meyers?,NFL,politics,0.005,8.07,0
What will Taylor Swift say during Late Night With Seth Meyers?,New Album,politics,0.005,8.07,0
What will Taylor Swift say during Late Night With Seth Meyers?,Poet,politics,0.005,8.07,0
What will Taylor Swift say during Late Night With Seth Meyers?,Pregnant / Pregnancy,politics,0.005,8.07,0
What will Taylor Swift say during Late Night With Seth Meyers?,Ring,politics,0.005,8.07,0
What will Taylor Swift say during Late Night With Seth Meyers?,Sabrina Carpenter,politics,0.005,8.07,0
What will Taylor Swift say during Late Night With Seth Meyers?,Superbowl / Super Bowl,politics,0.005,8.07,0
What will Taylor Swift say during Late Night With Seth Meyers?,Sydney / Sweeney,politics,0.005,8.07,0
What will Taylor Swift say during Late Night With Seth Meyers?,The Life of a Showgirl,politics,0.005,8.07,0
What will Taylor Swift say during Late Night With Seth Meyers?,Tour,politics,0.995,8.07,1
What will Taylor Swift say during Late Night With Seth Meyers?,Trump,politics,0.005,8.07,0
What will Taylor Swift say during Late Night With Seth Meyers?,Wedding,politics,0.005,8.07,0
"Which professional football team, Dallas or Green Bay, will win the Green Bay at Dallas game scheduled for Sep 28, 2025?",Dallas,sports,0.5,255.74,0
"Which professional football team, Dallas or Green Bay, will win the Green Bay at Dallas game scheduled for Sep 28, 2025?",Green Bay,sports,0.5,255.74,0
"Which professional Club World Cup soccer team, Chelsea or Flamengo, will win the match scheduled for Jun 20, 2025 after 90 minutes plus stoppage time (excluding extra time and penalties)?",Chelsea,sports,0.455,8.08,0
"Which professional Club World Cup soccer team, Chelsea or Flamengo, will win the match scheduled for Jun 20, 2025 after 90 minutes plus stoppage time (excluding extra time and penalties)?",Flamengo,sports,0.275,8.08,1
"Which professional Club World Cup soccer team, Chelsea or Flamengo, will win the match scheduled for Jun 20, 2025 after 90 minutes plus stoppage time (excluding extra time and penalties)?",Tie,sports,0.28,8.08,0
"Which professional football team, New York G or Philadelphia, will win the game scheduled for Oct 9, 2025?",New York G,sports,0.225,147.13,1
"Which professional football team, New York G or Philadelphia, will win the game scheduled for Oct 9, 2025?",Philadelphia,sports,0.765,147.13,0
"Which college football team, Baylor or Kansas St., will win the game scheduled for Oct 4, 2025, when Kansas St. visits Baylor?",Baylor,sports,0.665,20.96,1
"Which college football team, Baylor or Kansas St., will win the game scheduled for Oct 4, 2025, when Kansas St. visits Baylor?",Kansas St.,sports,0.345,20.96,0
"Which professional baseball team, New York Y or Toronto, will win the game scheduled for Jun 30, 2025?",New York Y,sports,0.58,13.92,0
"Which professional baseball team, New York Y or Toronto, will win the game scheduled for Jun 30, 2025?",Toronto,sports,0.42,13.92,1
"What is the highest temperature recorded at Los Angeles Airport, CA on October 24, 2025, as reported by the National Weather Service's Climatological Report (Daily)?",68° or below,science_tech,0.005,6.62,0
"What is the highest temperature recorded at Los Angeles Airport, CA on October 24, 2025, as reported by the National Weather Service's Climatological Report (Daily)?",69° to 70°,science_tech,0.005,6.62,0
"What is the highest temperature recorded at Los Angeles Airport, CA on October 24, 2025, as reported by the National Weather Service's Climatological Report (Daily)?",71° to 72°,science_tech,0.005,6.62,0
"What is the highest temperature recorded at Los Angeles Airport, CA on October 24, 2025, as reported by the National Weather Service's Climatological Report (Daily)?",73° to 74°,science_tech,0.995,6.62,1
"What is the highest temperature recorded at Los Angeles Airport, CA on October 24, 2025, as reported by the National Weather Service's Climatological Report (Daily)?",75° to 76°,science_tech,0.005,6.62,0
"What is the highest temperature recorded at Los Angeles Airport, CA on October 24, 2025, as reported by the National Weather Service's Climatological Report (Daily)?",77° or above,science_tech,0.005,6.62,0
Will the total precipitation at Central Park (New York City) in July 2025 be strictly greater than 1 inch?,Above 1 inches,science_tech,0.99,471.96,1
Will the total precipitation at Central Park (New York City) in July 2025 be strictly greater than 1 inch?,Above 2 inches,science_tech,0.875,471.96,1
Will the total precipitation at Central Park (New York City) in July 2025 be strictly greater than 1 inch?,Above 3 inches,science_tech,0.515,471.96,1
Will the total precipitation at Central Park (New York City) in July 2025 be strictly greater than 1 inch?,Above 4 inches,science_tech,0.355,471.96,1
Will the total precipitation at Central Park (New York City) in July 2025 be strictly greater than 1 inch?,Above 5 inches,science_tech,0.47,471.96,0
Will the total precipitation at Central Park (New York City) in July 2025 be strictly greater than 1 inch?,Above 6 inches,science_tech,0.22,471.96,0
"Which college football team, Wisconsin or Washington, will win the Washington at Wisconsin game scheduled for Nov 8, 2025?",Washington,sports,0.825,144.31,0
"Which college football team, Wisconsin or Washington, will win the Washington at Wisconsin game scheduled for Nov 8, 2025?",Wisconsin,sports,0.18,144.31,1
"Which college football team, Colorado State or Washington State, will win the game scheduled for Sep 27, 2025?",Colorado St.,sports,0.665,18.48,0
"Which college football team, Colorado State or Washington State, will win the game scheduled for Sep 27, 2025?",Washington St.,sports,0.335,18.48,1
"Which professional baseball team, Miami or Minnesota, will win the game scheduled for Jul 1, 2025?",Miami,sports,0.43,12.95,1
"Which professional baseball team, Miami or Minnesota, will win the game scheduled for Jul 1, 2025?",Minnesota,sports,0.57,12.95,0
"Which college football team, Oklahoma St. or Kansas St., will win the Kansas St. at Oklahoma St. game scheduled for Nov 15, 2025?",Kansas St.,sports,0.915,19.57,1
"Which college football team, Oklahoma St. or Kansas St., will win the Kansas St. at Oklahoma St. game scheduled for Nov 15, 2025?",Oklahoma St.,sports,0.085,19.57,0
"Which college football team, Eastern Michigan or Louisiana, will win the game scheduled for Sep 20, 2025?",Eastern Michigan,sports,0.445,15.32,1
"Which college football team, Eastern Michigan or Louisiana, will win the game scheduled for Sep 20, 2025?",Louisiana,sports,0.56,15.32,0
"Which professional basketball team, Los Angeles L or Minnesota, will win the game scheduled for Oct 29, 2025?",Los Angeles L,sports,0.315,28.04,1
"Which professional basketball team, Los Angeles L or Minnesota, will win the game scheduled for Oct 29, 2025?",Minnesota,sports,0.685,28.04,0
"Which professional baseball team, Los Angeles A or New York Y, will win the game scheduled for Jun 19, 2025?",Los Angeles A,sports,0.29,8.54,0
"Which professional baseball team, Los Angeles A or New York Y, will win the game scheduled for Jun 19, 2025?",New York Y,sports,0.71,8.54,1
"Which college football team, UTEP or Liberty, will win the Liberty at UTEP game scheduled for Oct 8, 2025?",Liberty,sports,0.535,37.9,1
"Which college football team, UTEP or Liberty, will win the Liberty at UTEP game scheduled for Oct 8, 2025?",UTEP,sports,0.465,37.9,0
"Which album will be #1 on the Billboard Top 200 chart dated Oct 11, 2025?",AM I THE DRAMA?,culture,0.025,109.87,0
"Which album will be #1 on the Billboard Top 200 chart dated Oct 11, 2025?",Breach,culture,0.01,109.87,0
"Which album will be #1 on the Billboard Top 200 chart dated Oct 11, 2025?",I Barely Know Her,culture,0.005,109.87,0
"Which album will be #1 on the Billboard Top 200 chart dated Oct 11, 2025?",I'm The Problem,culture,0.01,109.87,0
"Which album will be #1 on the Billboard Top 200 chart dated Oct 11, 2025?",KPop Demon Hunters,culture,0.985,109.87,1
"Which album will be #1 on the Billboard Top 200 chart dated Oct 11, 2025?",Man's Best Friend,culture,0.005,109.87,0
"Which album will be #1 on the Billboard Top 200 chart dated Oct 11, 2025?",One Thing At A Time,culture,0.005,109.87,0
"Which album will be #1 on the Billboard Top 200 chart dated Oct 11, 2025?",Play,culture,0.005,109.87,0
"Which album will be #1 on the Billboard Top 200 chart dated Oct 11, 2025?",SOS,culture,0.005,109.87,0
"Which album will be #1 on the Billboard Top 200 chart dated Oct 11, 2025?",Swag,culture,0.005,109.87,0
"Which album will be #1 on the Billboard Top 200 chart dated Oct 11, 2025?",UY SCUTI,culture,0.005,109.87,0
"Which album will be #1 on the Billboard Top 200 chart dated Oct 11, 2025?",Vie,culture,0.005,109.87,0
"Which album will be #1 on the Billboard Top 200 chart dated Oct 11, 2025?","You'll Be Alright, Kid",culture,0.005,109.87,0
"Which professional baseball team, Seattle or Milwaukee, will win the game scheduled for Jul 22, 2025, in Seattle?",Milwaukee,sports,0.46,16.35,0
"Which professional baseball team, Seattle or Milwaukee, will win the game scheduled for Jul 22, 2025, in Seattle?",Seattle,sports,0.54,16.35,1
"Will the next Coachella lineup be released to the public before Nov 1, 2025?",Before Dec 2025,culture,0.455,258.39,1
"Will the next Coachella lineup be released to the public before Nov 1, 2025?",Before Nov 2025,culture,0.205,258.39,1
"Which professional football team, Seattle or San Francisco, will win the game scheduled for Sep 7, 2025?",San Francisco,sports,0.565,95.06,1
"Which professional football team, Seattle or San Francisco, will win the game scheduled for Sep 7, 2025?",Seattle,sports,0.435,95.06,0
"Which professional baseball team, New York Y or Philadelphia, will win the game scheduled for Jul 26, 2025?",New York Y,sports,0.485,8.58,0
"Which professional baseball team, New York Y or Philadelphia, will win the game scheduled for Jul 26, 2025?",Philadelphia,sports,0.51,8.58,1
"Which professional football team, Buffalo or New Orleans, will win the game scheduled for Sep 28, 2025?",Buffalo,sports,0.5,260.03,1
"Which professional football team, Buffalo or New Orleans, will win the game scheduled for Sep 28, 2025?",New Orleans,sports,0.45,260.03,0
"Which college football team, Charlotte or North Texas, will win the game scheduled for Oct 24, 2025?",Charlotte,sports,0.055,118.83,0
"Which college football team, Charlotte or North Texas, will win the game scheduled for Oct 24, 2025?",North Texas,sports,0.945,118.83,1
"How many album sales will 'The Life of a Showgirl' have on the Hits Daily Double Top 50 chart dated Nov 07, 2025?","At least 10,000 albums",culture,0.515,100.83,1
"How many album sales will 'The Life of a Showgirl' have on the Hits Daily Double Top 50 chart dated Nov 07, 2025?","At least 15,000 albums",culture,0.505,100.83,1
"How many album sales will 'The Life of a Showgirl' have on the Hits Daily Double Top 50 chart dated Nov 07, 2025?","At least 20,000 albums",culture,0.495,100.83,0
"How many album sales will 'The Life of a Showgirl' have on the Hits Daily Double Top 50 chart dated Nov 07, 2025?","At least 25,000 albums",culture,0.475,100.83,0
"How many album sales will 'The Life of a Showgirl' have on the Hits Daily Double Top 50 chart dated Nov 07, 2025?","At least 30,000 albums",culture,0.475,100.83,0
"How many album sales will 'The Life of a Showgirl' have on the Hits Daily Double Top 50 chart dated Nov 07, 2025?","At least 35,000 albums",culture,0.45,100.83,0
"How many album sales will 'The Life of a Showgirl' have on the Hits Daily Double Top 50 chart dated Nov 07, 2025?","At least 40,000 albums",culture,0.45,100.83,0
"How many album sales will 'The Life of a Showgirl' have on the Hits Daily Double Top 50 chart dated Nov 07, 2025?","At least 45,000 albums",culture,0.425,100.83,0
"How many album sales will 'The Life of a Showgirl' have on the Hits Daily Double Top 50 chart dated Nov 07, 2025?","At least 5,000 albums",culture,0.975,100.83,1
"How many album sales will 'The Life of a Showgirl' have on the Hits Daily Double Top 50 chart dated Nov 07, 2025?","At least 50,000 albums",culture,0.425,100.83,0
"Which professional MMA fighter, Payton Talbott or Felipe Lima, will win the fight scheduled for Jun 28, 2025?",Felipe Lima,sports,0.625,33.82,0
"Which professional MMA fighter, Payton Talbott or Felipe Lima, will win the fight scheduled for Jun 28, 2025?",Payton Talbott,sports,0.38,33.82,1
"Which college football team, Louisiana or Marshall, will win the Marshall at Louisiana game scheduled for Sep 27, 2025?",Louisiana,sports,0.515,77.71,1
"Which college football team, Louisiana or Marshall, will win the Marshall at Louisiana game scheduled for Sep 27, 2025?",Marshall,sports,0.485,77.71,0
"Which professional MLS soccer team, Vancouver or Kansas City, will win the game scheduled for Jul 26, 2025 after 90 minutes plus stoppage time (excluding extra time and penalties)?",Kansas City,sports,0.17,16.59,0
"Which professional MLS soccer team, Vancouver or Kansas City, will win the game scheduled for Jul 26, 2025 after 90 minutes plus stoppage time (excluding extra time and penalties)?",Tie,sports,0.225,16.59,0
"Which professional MLS soccer team, Vancouver or Kansas City, will win the game scheduled for Jul 26, 2025 after 90 minutes plus stoppage time (excluding extra time and penalties)?",Vancouver,sports,0.63,16.59,1
Which participants will be officially eliminated from Survivor Season 49 Episode 4?,Alex Moore,sports,0.03,63.46,0
Which participants will be officially eliminated from Survivor Season 49 Episode 4?,Jason Treul,sports,0.255,63.46,0
Which participants will be officially eliminated from Survivor Season 49 Episode 4?,Jawan Pitts,sports,0.03,63.46,0
Which participants will be officially eliminated from Survivor Season 49 Episode 4?,Kristina Mills,sports,0.03,63.46,0
Which participants will be officially eliminated from Survivor Season 49 Episode 4?,Matt Williams,sports,0.66,63.46,1
Which participants will be officially eliminated from Survivor Season 49 Episode 4?,Michelle “MC” Chukwujekwu,sports,0.03,63.46,0
Which participants will be officially eliminated from Survivor Season 49 Episode 4?,Nate Moore,sports,0.03,63.46,0
Which participants will be officially eliminated from Survivor Season 49 Episode 4?,Rizo Velovic,sports,0.015,63.46,0
Which participants will be officially eliminated from Survivor Season 49 Episode 4?,Sage Ahrens-Nichols,sports,0.03,63.46,0
Which participants will be officially eliminated from Survivor Season 49 Episode 4?,Savannah Louie,sports,0.015,63.46,0
Which participants will be officially eliminated from Survivor Season 49 Episode 4?,Shannon Fairweather,sports,0.205,63.46,0
Which participants will be officially eliminated from Survivor Season 49 Episode 4?,Sophi Balerdi,sports,0.04,63.46,0
Which participants will be officially eliminated from Survivor Season 49 Episode 4?,Sophie Segreti,sports,0.03,63.46,0
Which participants will be officially eliminated from Survivor Season 49 Episode 4?,Steven Ramm,sports,0.03,63.46,0
"Which range will the S&P 500 index's end-of-day (4:00 PM EDT) value fall into on Monday, June 23, 2025?","5,775 to 5,799.9999",other,0.09,55.97,0
"Which range will the S&P 500 index's end-of-day (4:00 PM EDT) value fall into on Monday, June 23, 2025?","5,850 to 5,874.9999",other,0.155,55.97,0
"Which range will the S&P 500 index's end-of-day (4:00 PM EDT) value fall into on Monday, June 23, 2025?","5,875 to 5,899.9999",other,0.105,55.97,0
"Which range will the S&P 500 index's end-of-day (4:00 PM EDT) value fall into on Monday, June 23, 2025?","5,900 to 5,924.9999",other,0.16,55.97,0
"Which range will the S&P 500 index's end-of-day (4:00 PM EDT) value fall into on Monday, June 23, 2025?","5,925 to 5,949.9999",other,0.16,55.97,0
"Which range will the S&P 500 index's end-of-day (4:00 PM EDT) value fall into on Monday, June 23, 2025?","5,950 to 5,974.9999",other,0.185,55.97,0
"Which range will the S&P 500 index's end-of-day (4:00 PM EDT) value fall into on Monday, June 23, 2025?","5,975 to 5,999.9999",other,0.19,55.97,0
"Which range will the S&P 500 index's end-of-day (4:00 PM EDT) value fall into on Monday, June 23, 2025?","6,000 to 6,024.9999",other,0.195,55.97,0
"Which range will the S&P 500 index's end-of-day (4:00 PM EDT) value fall into on Monday, June 23, 2025?","6,025 to 6,049.9999",other,0.18,55.97,1
"Which range will the S&P 500 index's end-of-day (4:00 PM EDT) value fall into on Monday, June 23, 2025?","6,050 to 6,074.9999",other,0.105,55.97,0
"Which range will the S&P 500 index's end-of-day (4:00 PM EDT) value fall into on Monday, June 23, 2025?","6,075 to 6,099.9999",other,0.155,55.97,0
"Which range will the S&P 500 index's end-of-day (4:00 PM EDT) value fall into on Monday, June 23, 2025?","6,100 to 6,124.9999",other,0.085,55.97,0
"Which range will the S&P 500 index's end-of-day (4:00 PM EDT) value fall into on Monday, June 23, 2025?","6,150 to 6,174.9999",other,0.085,55.97,0
"Which range will the S&P 500 index's end-of-day (4:00 PM EDT) value fall into on Monday, June 23, 2025?","6,200 to 6,224.9999",other,0.085,55.97,0
"Which professional baseball team, Milwaukee or Minnesota, will win the game scheduled for Jun 20, 2025?",Milwaukee,sports,0.425,15.72,1
"Which professional baseball team, Milwaukee or Minnesota, will win the game scheduled for Jun 20, 2025?",Minnesota,sports,0.57,15.72,0
Which of the listed outcome words will White House Press Secretary Karoline Leavitt say at the next Press Briefing by the White House Press Secretary (does not include gaggles)?,Antifa,politics,0.32,138.26,0
Which of the listed outcome words will White House Press Secretary Karoline Leavitt say at the next Press Briefing by the White House Press Secretary (does not include gaggles)?,Ballroom,politics,0.61,138.26,1
Which of the listed outcome words will White House Press Secretary Karoline Leavitt say at the next Press Briefing by the White House Press Secretary (does not include gaggles)?,Biden,politics,0.85,138.26,1
Which of the listed outcome words will White House Press Secretary Karoline Leavitt say at the next Press Briefing by the White House Press Secretary (does not include gaggles)?,Border,politics,0.71,138.26,1
Which of the listed outcome words will White House Press Secretary Karoline Leavitt say at the next Press Briefing by the White House Press Secretary (does not include gaggles)?,Ceasefire,politics,0.7,138.26,0
Which of the listed outcome words will White House Press Secretary Karoline Leavitt say at the next Press Briefing by the White House Press Secretary (does not include gaggles)?,Chicago,politics,0.33,138.26,0
Which of the listed outcome words will White House Press Secretary Karoline Leavitt say at the next Press Briefing by the White House Press Secretary (does not include gaggles)?,China,politics,0.82,138.26,1
Which of the listed outcome words will White House Press Secretary Karoline Leavitt say at the next Press Briefing by the White House Press Secretary (does not include gaggles)?,Clean CR / Clean Continuing Resolution,politics,0.61,138.26,1
Which of the listed outcome words will White House Press Secretary Karoline Leavitt say at the next Press Briefing by the White House Press Secretary (does not include gaggles)?,Crypto / Bitcoin,politics,0.16,138.26,0
Which of the listed outcome words will White House Press Secretary Karoline Leavitt say at the next Press Briefing by the White House Press Secretary (does not include gaggles)?,Energy,politics,0.645,138.26,1
Which of the listed outcome words will White House Press Secretary Karoline Leavitt say at the next Press Briefing by the White House Press Secretary (does not include gaggles)?,Hamas,politics,0.68,138.26,0
Which of the listed outcome words will White House Press Secretary Karoline Leavitt say at the next Press Briefing by the White House Press Secretary (does not include gaggles)?,ICE,politics,0.8,138.26,0
Which of the listed outcome words will White House Press Secretary Karoline Leavitt say at the next Press Briefing by the White House Press Secretary (does not include gaggles)?,Illegal Alien,politics,0.815,138.26,1
Which of the listed outcome words will White House Press Secretary Karoline Leavitt say at the next Press Briefing by the White House Press Secretary (does not include gaggles)?,Inflation,politics,0.37,138.26,1
Which of the listed outcome words will White House Press Secretary Karoline Leavitt say at the next Press Briefing by the White House Press Secretary (does not include gaggles)?,Israel,politics,0.76,138.26,0
Which of the listed outcome words will White House Press Secretary Karoline Leavitt say at the next Press Briefing by the White House Press Secretary (does not include gaggles)?,Medicare,politics,0.25,138.26,0
Which of the listed outcome words will White House Press Secretary Karoline Leavitt say at the next Press Briefing by the White House Press Secretary (does not include gaggles)?,National Guard,politics,0.47,138.26,0
Which of the listed outcome words will White House Press Secretary Karoline Leavitt say at the next Press Briefing by the White House Press Secretary (does not include gaggles)?,October 7,politics,0.13,138.26,0
Which of the listed outcome words will White House Press Secretary Karoline Leavitt say at the next Press Briefing by the White House Press Secretary (does not include gaggles)?,Pardon / Pardons / Pardoned,politics,0.375,138.26,1
Which of the listed outcome words will White House Press Secretary Karoline Leavitt say at the next Press Briefing by the White House Press Secretary (does not include gaggles)?,Portland,politics,0.285,138.26,0
Which of the listed outcome words will White House Press Secretary Karoline Leavitt say at the next Press Briefing by the White House Press Secretary (does not include gaggles)?,Renovation,politics,0.36,138.26,0
Which of the listed outcome words will White House Press Secretary Karoline Leavitt say at the next Press Briefing by the White House Press Secretary (does not include gaggles)?,Russia,politics,0.74,138.26,0
Which of the listed outcome words will White House Press Secretary Karoline Leavitt say at the next Press Briefing by the White House Press Secretary (does not include gaggles)?,Stupid Question,politics,0.04,138.26,0
Which of the listed outcome words will White House Press Secretary Karoline Leavitt say at the next Press Briefing by the White House Press Secretary (does not include gaggles)?,Tariff,politics,0.725,138.26,1
Which of the listed outcome words will White House Press Secretary Karoline Leavitt say at the next Press Briefing by the White House Press Secretary (does not include gaggles)?,Terrorist,politics,0.605,138.26,1
Which of the listed outcome words will White House Press Secretary Karoline Leavitt say at the next Press Briefing by the White House Press Secretary (does not include gaggles)?,Ukraine,politics,0.65,138.26,0
Which of the listed outcome words will White House Press Secretary Karoline Leavitt say at the next Press Briefing by the White House Press Secretary (does not include gaggles)?,War,politics,0.63,138.26,1
"Which college football team, South Florida or South Carolina St., will win the game scheduled for Sep 20, 2025?",South Carolina St.,sports,0.035,139.46,0
"Which college football team, South Florida or South Carolina St., will win the game scheduled for Sep 20, 2025?",South Florida,sports,0.965,139.46,1
What will the announcers say during the Cincinnati at Denver Pro football game?,Altitude,politics,0.815,13.96,1
What will the announcers say during the Cincinnati at Denver Pro football game?,Concussion Protocol,politics,0.255,13.96,0
What will the announcers say during the Cincinnati at Denver Pro football game?,Face Mask / Facemask,politics,0.635,13.96,1
What will the announcers say during the Cincinnati at Denver Pro football game?,Fumble,politics,0.865,13.96,0
What will the announcers say during the Cincinnati at Denver Pro football game?,Hail Mary,politics,0.265,13.96,0
What will the announcers say during the Cincinnati at Denver Pro football game?,Inch,politics,0.765,13.96,1
What will the announcers say during the Cincinnati at Denver Pro football game?,Intentional Grounding,politics,0.325,13.96,0
What will the announcers say during the Cincinnati at Denver Pro football game?,Late Hit,politics,0.265,13.96,0
What will the announcers say during the Cincinnati at Denver Pro football game?,Mahomes,politics,0.53,13.96,1
What will the announcers say during the Cincinnati at Denver Pro football game?,One Handed,politics,0.245,13.96,0
What will the announcers say during the Cincinnati at Denver Pro football game?,Onside Kick,politics,0.275,13.96,0
What will the announcers say during the Cincinnati at Denver Pro football game?,Overtime,politics,0.585,13.96,1
What will the announcers say during the Cincinnati at Denver Pro football game?,Pick Six / Picked,politics,0.905,13.96,1
What will the announcers say during the Cincinnati at Denver Pro football game?,Pylon,politics,0.43,13.96,1
What will the announcers say during the Cincinnati at Denver Pro football game?,Roughing the Passer,politics,0.33,13.96,0
What will the announcers say during the Cincinnati at Denver Pro football game?,Safety,politics,0.935,13.96,1
What will the announcers say during the Cincinnati at Denver Pro football game?,Taunting,politics,0.17,13.96,0
What will the announcers say during the Cincinnati at Denver Pro football game?,Tie,politics,0.79,13.96,1
What will the announcers say during the Cincinnati at Denver Pro football game?,Tom Brady,politics,0.16,13.96,0
What will the announcers say during the Cincinnati at Denver Pro football game?,Turf,politics,0.765,13.96,1
What will the announcers say during the Cincinnati at Denver Pro football game?,Wild,politics,0.605,13.96,0
"Which college football team, Wake Forest or Georgia Tech, will win the game at Wake Forest scheduled for Sep 27, 2025?",Georgia Tech,sports,0.835,8.75,1
"Which college football team, Wake Forest or Georgia Tech, will win the game at Wake Forest scheduled for Sep 27, 2025?",Wake Forest,sports,0.16,8.75,0
"Which professional basketball team, Memphis or New Orleans, will win the game scheduled for Oct 22, 2025?",Memphis,sports,0.625,24.26,1
"Which professional basketball team, Memphis or New Orleans, will win the game scheduled for Oct 22, 2025?",New Orleans,sports,0.375,24.26,0
"Will the S&P 500 index exceed 6144.15 (a new all-time high) at any time between Mar 19, 2025 and May 1, 2025?",Before Aug 2025,other,0.725,320.04,1
"Will the S&P 500 index exceed 6144.15 (a new all-time high) at any time between Mar 19, 2025 and May 1, 2025?",Before Dec 2025,other,0.855,320.04,1
"Will the S&P 500 index exceed 6144.15 (a new all-time high) at any time between Mar 19, 2025 and May 1, 2025?",Before Oct 2025,other,0.81,320.04,1
"Which college football team, South Florida or UTSA, will win the game scheduled for Nov 6, 2025?",South Florida,sports,0.815,99.64,1
"Which college football team, South Florida or UTSA, will win the game scheduled for Nov 6, 2025?",UTSA,sports,0.195,99.64,0
"Which college football team, Notre Dame or Purdue, will win the game scheduled for Sep 20, 2025 at Notre Dame?",Notre Dame,sports,0.945,144.39,1
"Which college football team, Notre Dame or Purdue, will win the game scheduled for Sep 20, 2025 at Notre Dame?",Purdue,sports,0.065,144.39,0
Who will win the Pro Baseball National League Rookie of the Year award for the 2025 season?,Agustin Ramirez,sports,0.02,2989.46,0
Who will win the Pro Baseball National League Rookie of the Year award for the 2025 season?,Ben Casparius,sports,0.235,2989.46,0
Who will win the Pro Baseball National League Rookie of the Year award for the 2025 season?,Brady House,sports,0.005,2989.46,0
Who will win the Pro Baseball National League Rookie of the Year award for the 2025 season?,Bubba Chandler,sports,0.235,2989.46,0
Who will win the Pro Baseball National League Rookie of the Year award for the 2025 season?,Cade Horton,sports,0.005,2989.46,0
Who will win the Pro Baseball National League Rookie of the Year award for the 2025 season?,Caleb Durbin,sports,0.005,2989.46,0
Who will win the Pro Baseball National League Rookie of the Year award for the 2025 season?,Chad Patrick,sports,0.01,2989.46,0
Who will win the Pro Baseball National League Rookie of the Year award for the 2025 season?,Dalton Rushing,sports,0.005,2989.46,0
Who will win the Pro Baseball National League Rookie of the Year award for the 2025 season?,Drake Baldwin,sports,0.29,2989.46,1
Who will win the Pro Baseball National League Rookie of the Year award for the 2025 season?,Dylan Crews,sports,0.005,2989.46,0
Who will win the Pro Baseball National League Rookie of the Year award for the 2025 season?,Hyeseong Kim,sports,0.04,2989.46,0
Who will win the Pro Baseball National League Rookie of the Year award for the 2025 season?,Jacob Misiorowski,sports,0.635,2989.46,0
Who will win the Pro Baseball National League Rookie of the Year award for the 2025 season?,Jordan Lawlar,sports,0.235,2989.46,0
Who will win the Pro Baseball National League Rookie of the Year award for the 2025 season?,Liam Hicks,sports,0.005,2989.46,0
Who will win the Pro Baseball National League Rookie of the Year award for the 2025 season?,Logan Henderson,sports,0.005,2989.46,0
Who will win the Pro Baseball National League Rookie of the Year award for the 2025 season?,Luisangel Acuna,sports,0.235,2989.46,0
Who will win the Pro Baseball National League Rookie of the Year award for the 2025 season?,Matt Shaw,sports,0.005,2989.46,0
Who will win the Pro Baseball National League Rookie of the Year award for the 2025 season?,Mick Abel,sports,0.005,2989.46,0
Who will win the Pro Baseball National League Rookie of the Year award for the 2025 season?,Robert Hassell III,sports,0.235,2989.46,0
Who will win the Pro Baseball National League Rookie of the Year award for the 2025 season?,Ronny Mauricio,sports,0.005,2989.46,0
"Will Donald Trump or the Trump Administration file a lawsuit against the State of California before Jan 1, 2026?",Before Jan 2026,politics,0.555,383.27,1
"Which college football team, UTSA or Rice, will win the Rice at UTSA game scheduled for Oct 11, 2025?",Rice,sports,0.245,13.06,0
"Which college football team, UTSA or Rice, will win the Rice at UTSA game scheduled for Oct 11, 2025?",UTSA,sports,0.765,13.06,1
"Which college football team, Buffalo or Eastern Michigan, will win the game scheduled for Oct 4, 2025, at Buffalo?",Buffalo,sports,0.755,6.47,1
"Which college football team, Buffalo or Eastern Michigan, will win the game scheduled for Oct 4, 2025, at Buffalo?",Eastern Michigan,sports,0.245,6.47,0
"Which professional baseball team, Philadelphia or Los Angeles D, will win the game scheduled for Oct 8, 2025?",Los Angeles D,sports,0.625,19.46,0
"Which professional baseball team, Philadelphia or Los Angeles D, will win the game scheduled for Oct 8, 2025?",Philadelphia,sports,0.375,19.46,1
"Which professional baseball team, Detroit or Minnesota, will win the game scheduled for Jun 27, 2025?",Detroit,sports,0.535,6.15,0
"Which professional baseball team, Detroit or Minnesota, will win the game scheduled for Jun 27, 2025?",Minnesota,sports,0.465,6.15,1
What will Trump say during his interview on 60 Minutes?,Ballroom,other,0.605,17.13,0
What will Trump say during his interview on 60 Minutes?,Biden,other,0.985,17.13,1
What will Trump say during his interview on 60 Minutes?,Border,other,0.91,17.13,1
What will Trump say during his interview on 60 Minutes?,Charlie / Turning Point,other,0.35,17.13,0
What will Trump say during his interview on 60 Minutes?,Crypto / Bitcoin,other,0.11,17.13,1
What will Trump say during his interview on 60 Minutes?,Fentanyl,other,0.58,17.13,0
What will Trump say during his interview on 60 Minutes?,Halloween,other,0.215,17.13,0
What will Trump say during his interview on 60 Minutes?,Healthcare,other,0.675,17.13,1
What will Trump say during his interview on 60 Minutes?,Hottest,other,0.57,17.13,0
What will Trump say during his interview on 60 Minutes?,ICE,other,0.63,17.13,0
What will Trump say during his interview on 60 Minutes?,Illegal Alien,other,0.565,17.13,0
What will Trump say during his interview on 60 Minutes?,Kamala,other,0.505,17.13,0
What will Trump say during his interview on 60 Minutes?,Maduro,other,0.575,17.13,0
What will Trump say during his interview on 60 Minutes?,National Guard,other,0.745,17.13,0
What will Trump say during his interview on 60 Minutes?,Oil / Gas,other,0.595,17.13,0
What will Trump say during his interview on 60 Minutes?,Putin,other,0.645,17.13,1
What will Trump say during his interview on 60 Minutes?,Rigged Election / Stolen Election,other,0.205,17.13,0
What will Trump say during his interview on 60 Minutes?,SNAP / Food Stamps,other,0.585,17.13,0
What will Trump say during his interview on 60 Minutes?,Schumer,other,0.675,17.13,1
What will Trump say during his interview on 60 Minutes?,Soybean,other,0.64,17.13,0
What will Trump say during his interview on 60 Minutes?,Tariff,other,0.925,17.13,1
What will Trump say during his interview on 60 Minutes?,Trillion,other,0.76,17.13,0
What will Trump say during his interview on 60 Minutes?,Trump,other,0.97,17.13,1
"Will any MrBeast video uploaded before Sep 1, 2025 receive more than 100 million views when measured seven days after its upload (views counted at 10:00 AM ET on that seventh day)?","Before Sep 1, 2025",culture,0.1,181.89,0
"Which political party — GroenLinks–PvdA, People's Party for Freedom and Democracy (VVD), Christian Democratic Appeal (CDA), Party for Freedom (PVV), or Democrats 66 (D66) — will finish in 2nd place in the 2025 Dutch general election in the Netherlands according to the certified results?",Democrats 66,other,0.23,239.25,0
"Which political party — GroenLinks–PvdA, People's Party for Freedom and Democracy (VVD), Christian Democratic Appeal (CDA), Party for Freedom (PVV), or Democrats 66 (D66) — will finish in 2nd place in the 2025 Dutch general election in the Netherlands according to the certified results?",GroenLinks–PvdA,other,0.1,239.25,0
"Will pro football player Cameron Jordan be traded to another team before Nov 5, 2025?",A.J. Brown,sports,0.23,551.87,0
"Will pro football player Cameron Jordan be traded to another team before Nov 5, 2025?",Alvin Kamara,sports,0.33,551.87,0
"Will pro football player Cameron Jordan be traded to another team before Nov 5, 2025?",Anthony Richardson Sr.,sports,0.495,551.87,0
"Will pro football player Cameron Jordan be traded to another team before Nov 5, 2025?",Brandin Cooks,sports,0.49,551.87,0
"Will pro football player Cameron Jordan be traded to another team before Nov 5, 2025?",Breece Hall,sports,0.54,551.87,0
"Will pro football player Cameron Jordan be traded to another team before Nov 5, 2025?",Calvin Ridley,sports,0.49,551.87,0
"Will pro football player Cameron Jordan be traded to another team before Nov 5, 2025?",Cameron Jordan,sports,0.515,551.87,0
"Will pro football player Cameron Jordan be traded to another team before Nov 5, 2025?",Chris Olave,sports,0.495,551.87,0
"Will pro football player Cameron Jordan be traded to another team before Nov 5, 2025?",DJ Moore,sports,0.5,551.87,0
"Will pro football player Cameron Jordan be traded to another team before Nov 5, 2025?",David Njoku,sports,0.495,551.87,0
"Will pro football player Cameron Jordan be traded to another team before Nov 5, 2025?",Evan Neal,sports,0.495,551.87,0
"Will pro football player Cameron Jordan be traded to another team before Nov 5, 2025?",Jaelan Phillips,sports,0.49,551.87,1
"Will pro football player Cameron Jordan be traded to another team before Nov 5, 2025?",Jameis Winston,sports,0.49,551.87,0
"Will pro football player Cameron Jordan be traded to another team before Nov 5, 2025?",Jerry Jeudy,sports,0.49,551.87,0
"Will pro football player Cameron Jordan be traded to another team before Nov 5, 2025?",Kayvon Thibodeaux,sports,0.49,551.87,0
"Will pro football player Cameron Jordan be traded to another team before Nov 5, 2025?",Mac Jones,sports,0.49,551.87,0
"Will pro football player Cameron Jordan be traded to another team before Nov 5, 2025?",Malcolm Koonce,sports,0.49,551.87,0
"Will pro football player Cameron Jordan be traded to another team before Nov 5, 2025?",Nick Chubb,sports,0.49,551.87,0
"Will pro football player Cameron Jordan be traded to another team before Nov 5, 2025?",Rico Dowdle,sports,0.49,551.87,0
"Will pro football player Cameron Jordan be traded to another team before Nov 5, 2025?",Riq Woolen,sports,0.5,551.87,0
"Will pro football player Cameron Jordan be traded to another team before Nov 5, 2025?",Russell Wilson,sports,0.495,551.87,0
"Will pro football player Cameron Jordan be traded to another team before Nov 5, 2025?",Trey Hendrickson,sports,0.54,551.87,0
"Which professional UCL soccer team, Monaco or Manchester City, will win the match scheduled for Oct 1, 2025 after 90 minutes plus stoppage time (excluding extra time and penalties)?",Manchester City,sports,0.685,64.5,0
"Which professional UCL soccer team, Monaco or Manchester City, will win the match scheduled for Oct 1, 2025 after 90 minutes plus stoppage time (excluding extra time and penalties)?",Monaco,sports,0.135,64.5,0
"Which professional UCL soccer team, Monaco or Manchester City, will win the match scheduled for Oct 1, 2025 after 90 minutes plus stoppage time (excluding extra time and penalties)?",Tie,sports,0.19,64.5,1
Which candidate will win the New York City Council election for District 13 in 2025?,David Diaz,politics,0.025,2957.2,0
Which candidate will win the New York City Council election for District 13 in 2025?,Jacqueline Torres,politics,0.025,2957.2,0
Which candidate will win the New York City Council election for District 13 in 2025?,John Perez,politics,0.025,2957.2,0
Which candidate will win the New York City Council election for District 13 in 2025?,Kristy Marmorato,politics,0.295,2957.2,0
Which candidate will win the New York City Council election for District 13 in 2025?,Shirley Aldebol,politics,0.71,2957.2,1
Which candidate will win the New York City Council election for District 13 in 2025?,Theona Reets-Dupont,politics,0.025,2957.2,0
"Which professional women's basketball team, Las Vegas or Phoenix, will win the Game 3 matchup scheduled for Oct 8, 2025?",Las Vegas,sports,0.395,25.8,1
"Which professional women's basketball team, Las Vegas or Phoenix, will win the Game 3 matchup scheduled for Oct 8, 2025?",Phoenix,sports,0.605,25.8,0
"Will the USD price of XRP exceed $3.70 at any time on or after Jul 19, 2025 and before Aug 1, 2025?",$3.70001 or above,other,0.685,265.97,0
"Will the USD price of XRP exceed $3.70 at any time on or after Jul 19, 2025 and before Aug 1, 2025?",$3.80001 or above,other,0.455,265.97,0
"Will the USD price of XRP exceed $3.70 at any time on or after Jul 19, 2025 and before Aug 1, 2025?",$4.00001 or above,other,0.265,265.97,0
"Will the Tomatometer (Rotten Tomatoes) score for the film 'Black Phone 2' be above 45 on Oct 20, 2025 at 10:00 AM ET?",Above 45,culture,0.99,197.9,1
"Will the Tomatometer (Rotten Tomatoes) score for the film 'Black Phone 2' be above 45 on Oct 20, 2025 at 10:00 AM ET?",Above 60,culture,0.965,197.9,1
"Will the Tomatometer (Rotten Tomatoes) score for the film 'Black Phone 2' be above 45 on Oct 20, 2025 at 10:00 AM ET?",Above 75,culture,0.705,197.9,0
"Will the Tomatometer (Rotten Tomatoes) score for the film 'Black Phone 2' be above 45 on Oct 20, 2025 at 10:00 AM ET?",Above 80,culture,0.43,197.9,0
"Will the Tomatometer (Rotten Tomatoes) score for the film 'Black Phone 2' be above 45 on Oct 20, 2025 at 10:00 AM ET?",Above 85,culture,0.12,197.9,0
"Will the Tomatometer (Rotten Tomatoes) score for the film 'Black Phone 2' be above 45 on Oct 20, 2025 at 10:00 AM ET?",Above 90,culture,0.015,197.9,0
"Will the Tomatometer (Rotten Tomatoes) score for the film 'Black Phone 2' be above 45 on Oct 20, 2025 at 10:00 AM ET?",Above 95,culture,0.01,197.9,0
"Which candidate, Virginia Maloney, Rachel Storch, Vanessa Aronson, Faith Bondy, Ben Wetzler, or Lukas Florczak, will win the New York City Council District 4 election in 2025?",Ben Wetzler,politics,0.07,3446.55,0
"Which candidate, Virginia Maloney, Rachel Storch, Vanessa Aronson, Faith Bondy, Ben Wetzler, or Lukas Florczak, will win the New York City Council District 4 election in 2025?",Faith Bondy,politics,0.08,3446.55,0
"Which candidate, Virginia Maloney, Rachel Storch, Vanessa Aronson, Faith Bondy, Ben Wetzler, or Lukas Florczak, will win the New York City Council District 4 election in 2025?",Lukas Florczak,politics,0.065,3446.55,0
"Which candidate, Virginia Maloney, Rachel Storch, Vanessa Aronson, Faith Bondy, Ben Wetzler, or Lukas Florczak, will win the New York City Council District 4 election in 2025?",Rachel Storch,politics,0.11,3446.55,0
"Which candidate, Virginia Maloney, Rachel Storch, Vanessa Aronson, Faith Bondy, Ben Wetzler, or Lukas Florczak, will win the New York City Council District 4 election in 2025?",Vanessa Aronson,politics,0.07,3446.55,0
"Which candidate, Virginia Maloney, Rachel Storch, Vanessa Aronson, Faith Bondy, Ben Wetzler, or Lukas Florczak, will win the New York City Council District 4 election in 2025?",Virginia Maloney,politics,0.525,3446.55,1
How many wins will the San Diego professional baseball team have in the 2025 regular season?,More than 100 wins,sports,0.07,2193.4,0
How many wins will the San Diego professional baseball team have in the 2025 regular season?,More than 110 wins,sports,0.03,2193.4,0
How many wins will the San Diego professional baseball team have in the 2025 regular season?,More than 70 wins,sports,0.965,2193.4,1
How many wins will the San Diego professional baseball team have in the 2025 regular season?,More than 80 wins,sports,0.8,2193.4,1
How many wins will the San Diego professional baseball team have in the 2025 regular season?,More than 90 wins,sports,0.235,2193.4,0
"Which college football team, Miami (OH) or Western Michigan, will win the game scheduled for Oct 25, 2025?",Miami (OH),sports,0.535,44.1,1
"Which college football team, Miami (OH) or Western Michigan, will win the game scheduled for Oct 25, 2025?",Western Michigan,sports,0.465,44.1,0
"Which college football team, Texas A&M or Auburn, will win the Auburn at Texas A&M game scheduled for Sep 27, 2025?",Auburn,sports,0.3,20.48,0
"Which college football team, Texas A&M or Auburn, will win the Auburn at Texas A&M game scheduled for Sep 27, 2025?",Texas A&M,sports,0.695,20.48,1
"Which professional baseball team, Arizona or St. Louis, will win the game scheduled for Jul 20, 2025?",Arizona,sports,0.565,10.61,1
"Which professional baseball team, Arizona or St. Louis, will win the game scheduled for Jul 20, 2025?",St. Louis,sports,0.43,10.61,0
"Which college football team, Iowa St. or Arizona, will win the game scheduled for Sep 27, 2025 at Iowa St.?",Arizona,sports,0.325,36.06,0
"Which college football team, Iowa St. or Arizona, will win the game scheduled for Sep 27, 2025 at Iowa St.?",Iowa St.,sports,0.675,36.06,1
"Will Jensen Huang say the word ""Humanoid"" during NVIDIA's GTC Keynote in Washington, D.C. on October 28?",500 Billion,other,0.25,69.76,1
"Will Jensen Huang say the word ""Humanoid"" during NVIDIA's GTC Keynote in Washington, D.C. on October 28?",Arizona,other,0.265,69.76,1
"Will Jensen Huang say the word ""Humanoid"" during NVIDIA's GTC Keynote in Washington, D.C. on October 28?",Battlefield 6,other,0.355,69.76,0
"Will Jensen Huang say the word ""Humanoid"" during NVIDIA's GTC Keynote in Washington, D.C. on October 28?",Blackwell,other,0.88,69.76,1
"Will Jensen Huang say the word ""Humanoid"" during NVIDIA's GTC Keynote in Washington, D.C. on October 28?",Capital,other,0.205,69.76,0
"Will Jensen Huang say the word ""Humanoid"" during NVIDIA's GTC Keynote in Washington, D.C. on October 28?",Domestic,other,0.23,69.76,0
"Will Jensen Huang say the word ""Humanoid"" during NVIDIA's GTC Keynote in Washington, D.C. on October 28?",Elon / Musk,other,0.11,69.76,1
"Will Jensen Huang say the word ""Humanoid"" during NVIDIA's GTC Keynote in Washington, D.C. on October 28?",GM / General Motors,other,0.21,69.76,0
"Will Jensen Huang say the word ""Humanoid"" during NVIDIA's GTC Keynote in Washington, D.C. on October 28?",Humanoid,other,0.655,69.76,1
"Will Jensen Huang say the word ""Humanoid"" during NVIDIA's GTC Keynote in Washington, D.C. on October 28?",Hyperscaler,other,0.58,69.76,0
"Will Jensen Huang say the word ""Humanoid"" during NVIDIA's GTC Keynote in Washington, D.C. on October 28?",Open Source,other,0.485,69.76,1
"Will Jensen Huang say the word ""Humanoid"" during NVIDIA's GTC Keynote in Washington, D.C. on October 28?",Quantum,other,0.715,69.76,1
"Will Jensen Huang say the word ""Humanoid"" during NVIDIA's GTC Keynote in Washington, D.C. on October 28?",RTX 50,other,0.5,69.76,0
"Will Jensen Huang say the word ""Humanoid"" during NVIDIA's GTC Keynote in Washington, D.C. on October 28?",Rubin,other,0.51,69.76,1
"Will Jensen Huang say the word ""Humanoid"" during NVIDIA's GTC Keynote in Washington, D.C. on October 28?",Self Driving,other,0.35,69.76,1
"Will Jensen Huang say the word ""Humanoid"" during NVIDIA's GTC Keynote in Washington, D.C. on October 28?",Stargate,other,0.25,69.76,0
"Will Jensen Huang say the word ""Humanoid"" during NVIDIA's GTC Keynote in Washington, D.C. on October 28?",Supersonic,other,0.2,69.76,0
"Will Jensen Huang say the word ""Humanoid"" during NVIDIA's GTC Keynote in Washington, D.C. on October 28?",TSMC,other,0.445,69.76,1
"Will Jensen Huang say the word ""Humanoid"" during NVIDIA's GTC Keynote in Washington, D.C. on October 28?",Taiwan,other,0.155,69.76,0
"Will Jensen Huang say the word ""Humanoid"" during NVIDIA's GTC Keynote in Washington, D.C. on October 28?",Trump,other,0.2,69.76,1
"Will Jensen Huang say the word ""Humanoid"" during NVIDIA's GTC Keynote in Washington, D.C. on October 28?",VR / Virtual Reality,other,0.195,69.76,0
Which of the listed outcome words will MrBeast say during his next MrBeast YouTube video?,Available,politics,0.495,42.48,0
Which of the listed outcome words will MrBeast say during his next MrBeast YouTube video?,Beast,politics,0.495,42.48,0
Which of the listed outcome words will MrBeast say during his next MrBeast YouTube video?,Camera,politics,0.495,42.48,1
Which of the listed outcome words will MrBeast say during his next MrBeast YouTube video?,Challenge,politics,0.42,42.48,1
Which of the listed outcome words will MrBeast say during his next MrBeast YouTube video?,Charity,politics,0.495,42.48,0
Which of the listed outcome words will MrBeast say during his next MrBeast YouTube video?,Contestant,politics,0.5,42.48,0
Which of the listed outcome words will MrBeast say during his next MrBeast YouTube video?,Elimination,politics,0.495,42.48,0
Which of the listed outcome words will MrBeast say during his next MrBeast YouTube video?,Explore,politics,0.635,42.48,0
Which of the listed outcome words will MrBeast say during his next MrBeast YouTube video?,Feastable,politics,0.47,42.48,0
Which of the listed outcome words will MrBeast say during his next MrBeast YouTube video?,Game,politics,0.495,42.48,0
Which of the listed outcome words will MrBeast say during his next MrBeast YouTube video?,House,politics,0.165,42.48,1
Which of the listed outcome words will MrBeast say during his next MrBeast YouTube video?,Insane,politics,0.8,42.48,1
Which of the listed outcome words will MrBeast say during his next MrBeast YouTube video?,Million,politics,0.495,42.48,1
Which of the listed outcome words will MrBeast say during his next MrBeast YouTube video?,Money,politics,0.505,42.48,1
Which of the listed outcome words will MrBeast say during his next MrBeast YouTube video?,Prize,politics,0.495,42.48,1
Which of the listed outcome words will MrBeast say during his next MrBeast YouTube video?,Speed,politics,0.495,42.48,0
Which of the listed outcome words will MrBeast say during his next MrBeast YouTube video?,Subscribe,politics,0.625,42.48,1
Which of the listed outcome words will MrBeast say during his next MrBeast YouTube video?,Survive,politics,0.495,42.48,0
Which of the listed outcome words will MrBeast say during his next MrBeast YouTube video?,Time,politics,0.92,42.48,1
Which of the listed outcome words will MrBeast say during his next MrBeast YouTube video?,Water,politics,0.73,42.48,1
Which of the listed outcome words will MrBeast say during his next MrBeast YouTube video?,Week,politics,0.675,42.48,0
Which of the listed outcome words will MrBeast say during his next MrBeast YouTube video?,Win,politics,0.495,42.48,1
"What will be the total number of Spotify streams for Sabrina Carpenter's song ""Tears"" on Spotify by Sep 5, 2025 at 10:00 AM ET?",More than 10 million,culture,0.97,133.85,1
"What will be the total number of Spotify streams for Sabrina Carpenter's song ""Tears"" on Spotify by Sep 5, 2025 at 10:00 AM ET?",More than 15 million,culture,0.97,133.85,1
"What will be the total number of Spotify streams for Sabrina Carpenter's song ""Tears"" on Spotify by Sep 5, 2025 at 10:00 AM ET?",More than 20 million,culture,0.965,133.85,1
"What will be the total number of Spotify streams for Sabrina Carpenter's song ""Tears"" on Spotify by Sep 5, 2025 at 10:00 AM ET?",More than 25 million,culture,0.955,133.85,1
"What will be the total number of Spotify streams for Sabrina Carpenter's song ""Tears"" on Spotify by Sep 5, 2025 at 10:00 AM ET?",More than 30 million,culture,0.915,133.85,1
"What will be the total number of Spotify streams for Sabrina Carpenter's song ""Tears"" on Spotify by Sep 5, 2025 at 10:00 AM ET?",More than 35 million,culture,0.785,133.85,1
"What will be the total number of Spotify streams for Sabrina Carpenter's song ""Tears"" on Spotify by Sep 5, 2025 at 10:00 AM ET?",More than 40 million,culture,0.64,133.85,0
"What will be the total number of Spotify streams for Sabrina Carpenter's song ""Tears"" on Spotify by Sep 5, 2025 at 10:00 AM ET?",More than 45 million,culture,0.415,133.85,0
"What will be the total number of Spotify streams for Sabrina Carpenter's song ""Tears"" on Spotify by Sep 5, 2025 at 10:00 AM ET?",More than 5 million,culture,0.975,133.85,1
"What will be the total number of Spotify streams for Sabrina Carpenter's song ""Tears"" on Spotify by Sep 5, 2025 at 10:00 AM ET?",More than 50 million,culture,0.225,133.85,0
"Which college football team, Wake Forest or Georgia Tech, will win the game at Wake Forest scheduled for Sep 27, 2025?",Georgia Tech,sports,0.835,140.0,1
"Which college football team, Wake Forest or Georgia Tech, will win the game at Wake Forest scheduled for Sep 27, 2025?",Wake Forest,sports,0.18,140.0,0
"Which professional baseball team, Washington or Colorado, will win the game scheduled for Jun 18, 2025?",Colorado,sports,0.395,15.04,1
"Which professional baseball team, Washington or Colorado, will win the game scheduled for Jun 18, 2025?",Washington,sports,0.6,15.04,0
"Which college football team, USC or Northwestern, will win the game scheduled for Nov 7, 2025?",Northwestern,sports,0.17,124.85,0
"Which college football team, USC or Northwestern, will win the game scheduled for Nov 7, 2025?",USC,sports,0.835,124.85,1
"Which college football team, Syracuse or Duke, will win the Duke at Syracuse game scheduled for Sep 27, 2025?",Duke,sports,0.615,7.81,1
"Which college football team, Syracuse or Duke, will win the Duke at Syracuse game scheduled for Sep 27, 2025?",Syracuse,sports,0.395,7.81,0
Who will win Outstanding Supporting Actor in a Comedy Series at the 77th Emmy Awards?,Bowen Yang,culture,0.005,1429.01,0
Who will win Outstanding Supporting Actor in a Comedy Series at the 77th Emmy Awards?,Colman Domingo,culture,0.01,1429.01,0
Who will win Outstanding Supporting Actor in a Comedy Series at the 77th Emmy Awards?,Ebon Moss-Bachrach,culture,0.135,1429.01,0
Who will win Outstanding Supporting Actor in a Comedy Series at the 77th Emmy Awards?,Harrison Ford,culture,0.375,1429.01,0
Who will win Outstanding Supporting Actor in a Comedy Series at the 77th Emmy Awards?,Ike Barinholtz,culture,0.425,1429.01,0
Who will win Outstanding Supporting Actor in a Comedy Series at the 77th Emmy Awards?,Jeff Hiller,culture,0.015,1429.01,1
Who will win Outstanding Supporting Actor in a Comedy Series at the 77th Emmy Awards?,Michael Urie,culture,0.01,1429.01,0
Who will win Outstanding Supporting Actor in a Comedy Series at the 77th Emmy Awards?,Tie,culture,0.005,1429.01,0
"Which college football team, Missouri or UMass, will win the game scheduled for Sep 27, 2025?",Missouri,sports,0.99,8.9,1
"Which college football team, Missouri or UMass, will win the game scheduled for Sep 27, 2025?",UMass,sports,0.015,8.9,0
"What is the highest USD price that Bitcoin (BTC) reaches by Aug 1, 2025 at 12:00 AM ET?","$120,000 or above",other,0.885,519.95,1
"What is the highest USD price that Bitcoin (BTC) reaches by Aug 1, 2025 at 12:00 AM ET?","$125,000 or above",other,0.435,519.95,0
"What is the highest USD price that Bitcoin (BTC) reaches by Aug 1, 2025 at 12:00 AM ET?","$130,000 or above",other,0.15,519.95,0
"What is the highest USD price that Bitcoin (BTC) reaches by Aug 1, 2025 at 12:00 AM ET?","$135,000 or above",other,0.06,519.95,0
"Will the winner of the New York City mayoral election on Nov 4, 2025 be a representative of the Democratic Party?",Andrew Cuomo,politics,0.115,1635.22,0
"Will the winner of the New York City mayoral election on Nov 4, 2025 be a representative of the Democratic Party?",Curtis Sliwa,politics,0.025,1635.22,0
"Will the winner of the New York City mayoral election on Nov 4, 2025 be a representative of the Democratic Party?",Eric Adams,politics,0.035,1635.22,0
"Will the winner of the New York City mayoral election on Nov 4, 2025 be a representative of the Democratic Party?",Jim Walden,politics,0.005,1635.22,0
"Will the winner of the New York City mayoral election on Nov 4, 2025 be a representative of the Democratic Party?",Zohran Mamdani,politics,0.835,1635.22,1
"Which college football team, Virginia Tech or Wake Forest, will win the game scheduled for Oct 4, 2025?",Virginia Tech,sports,0.67,20.97,0
"Which college football team, Virginia Tech or Wake Forest, will win the game scheduled for Oct 4, 2025?",Wake Forest,sports,0.335,20.97,1
"Which college football team, UCF or Houston, will win the Houston at UCF game scheduled for Nov 7, 2025?",Houston,sports,0.495,124.62,1
"Which college football team, UCF or Houston, will win the Houston at UCF game scheduled for Nov 7, 2025?",UCF,sports,0.505,124.62,0
"Which college football team, Northern Illinois or San Diego State, will win the game scheduled for Sep 27, 2025?",Northern Illinois,sports,0.475,6.74,0
"Which college football team, Northern Illinois or San Diego State, will win the game scheduled for Sep 27, 2025?",San Diego St.,sports,0.535,6.74,1
"Which college football team, Notre Dame or Texas A&M, will win the game at Notre Dame scheduled for Sep 13, 2025?",Notre Dame,sports,0.725,123.66,0
"Which college football team, Notre Dame or Texas A&M, will win the game at Notre Dame scheduled for Sep 13, 2025?",Texas A&M,sports,0.28,123.66,1
"Which player, Mirra Andreeva or Emma Navarro, will advance past the round of 16 in the 2025 Wimbledon Women's Singles professional tennis tournament?",Emma Navarro,sports,0.36,29.6,0
"Which player, Mirra Andreeva or Emma Navarro, will advance past the round of 16 in the 2025 Wimbledon Women's Singles professional tennis tournament?",Mirra Andreeva,sports,0.595,29.6,1
"Will Donald Trump state ""Barack Hussein Obama"" (including plural or possessive forms) before Oct 1, 2025?",Barack Hussein Obama,other,0.44,589.9,1
"Will Donald Trump state ""Barack Hussein Obama"" (including plural or possessive forms) before Oct 1, 2025?",Buttigieg,other,0.2,589.9,0
"Will Donald Trump state ""Barack Hussein Obama"" (including plural or possessive forms) before Oct 1, 2025?",Cracker Barrel,other,0.1,589.9,0
"Will Donald Trump state ""Barack Hussein Obama"" (including plural or possessive forms) before Oct 1, 2025?",Crypto / Bitcoin,other,0.41,589.9,1
"Will Donald Trump state ""Barack Hussein Obama"" (including plural or possessive forms) before Oct 1, 2025?",DeSantis,other,0.44,589.9,0
"Will Donald Trump state ""Barack Hussein Obama"" (including plural or possessive forms) before Oct 1, 2025?",Elon / Musk,other,0.455,589.9,1
"Will Donald Trump state ""Barack Hussein Obama"" (including plural or possessive forms) before Oct 1, 2025?",Epstein,other,0.765,589.9,0
"Will Donald Trump state ""Barack Hussein Obama"" (including plural or possessive forms) before Oct 1, 2025?",Fat shot / Ozempic,other,0.13,589.9,1
"Will Donald Trump state ""Barack Hussein Obama"" (including plural or possessive forms) before Oct 1, 2025?",Football,other,0.73,589.9,1
"Will Donald Trump state ""Barack Hussein Obama"" (including plural or possessive forms) before Oct 1, 2025?",Ghislaine / Maxwell,other,0.325,589.9,0
"Will Donald Trump state ""Barack Hussein Obama"" (including plural or possessive forms) before Oct 1, 2025?",Marijuana / Weed / Cannabis,other,0.44,589.9,1
"Will Donald Trump state ""Barack Hussein Obama"" (including plural or possessive forms) before Oct 1, 2025?",McDonald’s,other,0.13,589.9,0
"Will Donald Trump state ""Barack Hussein Obama"" (including plural or possessive forms) before Oct 1, 2025?",Melania,other,0.885,589.9,1
"Will Donald Trump state ""Barack Hussein Obama"" (including plural or possessive forms) before Oct 1, 2025?",Newscum,other,0.83,589.9,1
"Will Donald Trump state ""Barack Hussein Obama"" (including plural or possessive forms) before Oct 1, 2025?",Nobel Prize / Peace Prize,other,0.555,589.9,1
"Will Donald Trump state ""Barack Hussein Obama"" (including plural or possessive forms) before Oct 1, 2025?",Panican,other,0.215,589.9,0
"Will Donald Trump state ""Barack Hussein Obama"" (including plural or possessive forms) before Oct 1, 2025?",Predict / Prediction,other,0.535,589.9,1
"Will Donald Trump state ""Barack Hussein Obama"" (including plural or possessive forms) before Oct 1, 2025?",Sleepy Joe,other,0.97,589.9,1
"Will Donald Trump state ""Barack Hussein Obama"" (including plural or possessive forms) before Oct 1, 2025?",Slopadopoulos,other,0.2,589.9,1
"Will Donald Trump state ""Barack Hussein Obama"" (including plural or possessive forms) before Oct 1, 2025?",Taylor Swift,other,0.265,589.9,0
"Will Donald Trump state ""Barack Hussein Obama"" (including plural or possessive forms) before Oct 1, 2025?",TikTok,other,0.705,589.9,1
"Will Donald Trump state ""Barack Hussein Obama"" (including plural or possessive forms) before Oct 1, 2025?",UFC,other,0.585,589.9,1
"Which professional MMA fighter, Hyder Amil or Jose Delgado, will win the Amil vs Delgado fight scheduled for Jun 28, 2025?",Hyder Amil,sports,0.44,6.8,0
"Which professional MMA fighter, Hyder Amil or Jose Delgado, will win the Amil vs Delgado fight scheduled for Jun 28, 2025?",Jose Delgado,sports,0.555,6.8,1
"Which professional tennis player, Tomas Martin Etcheverry or Rinky Hijikata, will win their round of 16 match at the 2025 ATP Hangzhou tournament?",Rinky Hijikata,sports,0.355,6.98,0
"Which professional tennis player, Tomas Martin Etcheverry or Rinky Hijikata, will win their round of 16 match at the 2025 ATP Hangzhou tournament?",Tomas Martin Etcheverry,sports,0.645,6.98,1
Will Zohran Mamdani say 'Trump' three or more times during the New York Is Not For Sale Rally on October 26th?,Billionaire,other,0.655,109.73,1
Will Zohran Mamdani say 'Trump' three or more times during the New York Is Not For Sale Rally on October 26th?,Crime,other,0.485,109.73,0
Will Zohran Mamdani say 'Trump' three or more times during the New York Is Not For Sale Rally on October 26th?,Economy,other,0.42,109.73,0
Will Zohran Mamdani say 'Trump' three or more times during the New York Is Not For Sale Rally on October 26th?,Elon / Musk,other,0.385,109.73,0
Will Zohran Mamdani say 'Trump' three or more times during the New York Is Not For Sale Rally on October 26th?,Grocery (2+ times),other,0.42,109.73,1
Will Zohran Mamdani say 'Trump' three or more times during the New York Is Not For Sale Rally on October 26th?,Homeless,other,0.435,109.73,1
Will Zohran Mamdani say 'Trump' three or more times during the New York Is Not For Sale Rally on October 26th?,Immigrant,other,0.52,109.73,1
Will Zohran Mamdani say 'Trump' three or more times during the New York Is Not For Sale Rally on October 26th?,Inequality,other,0.455,109.73,0
Will Zohran Mamdani say 'Trump' three or more times during the New York Is Not For Sale Rally on October 26th?,Inflation,other,0.355,109.73,0
Will Zohran Mamdani say 'Trump' three or more times during the New York Is Not For Sale Rally on October 26th?,Kathy / Hochul,other,0.505,109.73,0
Will Zohran Mamdani say 'Trump' three or more times during the New York Is Not For Sale Rally on October 26th?,Minimum Wage,other,0.38,109.73,0
Will Zohran Mamdani say 'Trump' three or more times during the New York Is Not For Sale Rally on October 26th?,No King,other,0.51,109.73,0
Will Zohran Mamdani say 'Trump' three or more times during the New York Is Not For Sale Rally on October 26th?,Protest,other,0.465,109.73,0
Will Zohran Mamdani say 'Trump' three or more times during the New York Is Not For Sale Rally on October 26th?,Queens,other,0.75,109.73,1
Will Zohran Mamdani say 'Trump' three or more times during the New York Is Not For Sale Rally on October 26th?,Shutdown / Shut Down,other,0.5,109.73,0
Will Zohran Mamdani say 'Trump' three or more times during the New York Is Not For Sale Rally on October 26th?,Subway,other,0.5,109.73,0
Will Zohran Mamdani say 'Trump' three or more times during the New York Is Not For Sale Rally on October 26th?,Taxi,other,0.495,109.73,1
Will Zohran Mamdani say 'Trump' three or more times during the New York Is Not For Sale Rally on October 26th?,Transgender,other,0.46,109.73,0
Will Zohran Mamdani say 'Trump' three or more times during the New York Is Not For Sale Rally on October 26th?,Trump (3+ times),other,0.57,109.73,1
Will Zohran Mamdani say 'Trump' three or more times during the New York Is Not For Sale Rally on October 26th?,Worker,other,0.47,109.73,0
"Will Donald Trump say the phrase ""World Series"" during the LSU visit to the White House on October 20?",Biden,other,0.005,10.7,0
"Will Donald Trump say the phrase ""World Series"" during the LSU visit to the White House on October 20?",Big League,other,0.005,10.7,0
"Will Donald Trump say the phrase ""World Series"" during the LSU visit to the White House on October 20?",Border,other,0.005,10.7,0
"Will Donald Trump say the phrase ""World Series"" during the LSU visit to the White House on October 20?",Championship,other,0.995,10.7,1
"Will Donald Trump say the phrase ""World Series"" during the LSU visit to the White House on October 20?",Football,other,0.995,10.7,1
"Will Donald Trump say the phrase ""World Series"" during the LSU visit to the White House on October 20?",Historic,other,0.005,10.7,0
"Will Donald Trump say the phrase ""World Series"" during the LSU visit to the White House on October 20?",Home Run,other,0.995,10.7,1
"Will Donald Trump say the phrase ""World Series"" during the LSU visit to the White House on October 20?",Louisiana,other,0.995,10.7,1
"Will Donald Trump say the phrase ""World Series"" during the LSU visit to the White House on October 20?",National Guard,other,0.005,10.7,0
"Will Donald Trump say the phrase ""World Series"" during the LSU visit to the White House on October 20?",Olympic,other,0.005,10.7,0
"Will Donald Trump say the phrase ""World Series"" during the LSU visit to the White House on October 20?",Putin,other,0.005,10.7,0
"Will Donald Trump say the phrase ""World Series"" during the LSU visit to the White House on October 20?",Radical,other,0.005,10.7,0
"Will Donald Trump say the phrase ""World Series"" during the LSU visit to the White House on October 20?",Ring,other,0.005,10.7,0
"Will Donald Trump say the phrase ""World Series"" during the LSU visit to the White House on October 20?",Schumer,other,0.005,10.7,0
"Will Donald Trump say the phrase ""World Series"" during the LSU visit to the White House on October 20?",Shutdown / Shut Down,other,0.005,10.7,0
"Will Donald Trump say the phrase ""World Series"" during the LSU visit to the White House on October 20?",Tiger,other,0.995,10.7,1
"Will Donald Trump say the phrase ""World Series"" during the LSU visit to the White House on October 20?",Tournament,other,0.995,10.7,1
"Will Donald Trump say the phrase ""World Series"" during the LSU visit to the White House on October 20?",Transgender,other,0.005,10.7,0
"Will Donald Trump say the phrase ""World Series"" during the LSU visit to the White House on October 20?",Ukraine / Russia,other,0.005,10.7,0
"Will Donald Trump say the phrase ""World Series"" during the LSU visit to the White House on October 20?",Unbelievable,other,0.995,10.7,1
"Will Donald Trump say the phrase ""World Series"" during the LSU visit to the White House on October 20?",Winner,other,0.995,10.7,1
"Will Donald Trump say the phrase ""World Series"" during the LSU visit to the White House on October 20?",Woke,other,0.005,10.7,0
"Will Donald Trump say the phrase ""World Series"" during the LSU visit to the White House on October 20?",World Series,other,0.995,10.7,1
"Which professional English Premier League soccer team, Manchester United or Sunderland, will win the match scheduled for Oct 4, 2025 (result determined after 90 minutes plus stoppage time; excludes extra time and penalties)?",Manchester United,sports,0.655,57.34,1
"Which professional English Premier League soccer team, Manchester United or Sunderland, will win the match scheduled for Oct 4, 2025 (result determined after 90 minutes plus stoppage time; excludes extra time and penalties)?",Sunderland,sports,0.16,57.34,0
"Which professional English Premier League soccer team, Manchester United or Sunderland, will win the match scheduled for Oct 4, 2025 (result determined after 90 minutes plus stoppage time; excludes extra time and penalties)?",Tie,sports,0.195,57.34,0
"What will be the total number of Spotify streams for Taylor Swift's song ""The Fate of Ophelia"" by Oct 10, 2025 at 10:00 AM ET?",More than 10 million,culture,0.995,38.81,1
"What will be the total number of Spotify streams for Taylor Swift's song ""The Fate of Ophelia"" by Oct 10, 2025 at 10:00 AM ET?",More than 100 million,culture,0.995,38.81,1
"What will be the total number of Spotify streams for Taylor Swift's song ""The Fate of Ophelia"" by Oct 10, 2025 at 10:00 AM ET?",More than 110 million,culture,0.99,38.81,1
"What will be the total number of Spotify streams for Taylor Swift's song ""The Fate of Ophelia"" by Oct 10, 2025 at 10:00 AM ET?",More than 15 million,culture,0.995,38.81,1
"What will be the total number of Spotify streams for Taylor Swift's song ""The Fate of Ophelia"" by Oct 10, 2025 at 10:00 AM ET?",More than 20 million,culture,0.985,38.81,1
"What will be the total number of Spotify streams for Taylor Swift's song ""The Fate of Ophelia"" by Oct 10, 2025 at 10:00 AM ET?",More than 25 million,culture,0.985,38.81,1
"What will be the total number of Spotify streams for Taylor Swift's song ""The Fate of Ophelia"" by Oct 10, 2025 at 10:00 AM ET?",More than 30 million,culture,0.98,38.81,1
"What will be the total number of Spotify streams for Taylor Swift's song ""The Fate of Ophelia"" by Oct 10, 2025 at 10:00 AM ET?",More than 35 million,culture,0.98,38.81,1
"What will be the total number of Spotify streams for Taylor Swift's song ""The Fate of Ophelia"" by Oct 10, 2025 at 10:00 AM ET?",More than 40 million,culture,0.975,38.81,1
"What will be the total number of Spotify streams for Taylor Swift's song ""The Fate of Ophelia"" by Oct 10, 2025 at 10:00 AM ET?",More than 45 million,culture,0.975,38.81,1
"What will be the total number of Spotify streams for Taylor Swift's song ""The Fate of Ophelia"" by Oct 10, 2025 at 10:00 AM ET?",More than 50 million,culture,0.975,38.81,1
"What will be the total number of Spotify streams for Taylor Swift's song ""The Fate of Ophelia"" by Oct 10, 2025 at 10:00 AM ET?",More than 55 million,culture,0.985,38.81,1
"What will be the total number of Spotify streams for Taylor Swift's song ""The Fate of Ophelia"" by Oct 10, 2025 at 10:00 AM ET?",More than 60 million,culture,0.975,38.81,1
"What will be the total number of Spotify streams for Taylor Swift's song ""The Fate of Ophelia"" by Oct 10, 2025 at 10:00 AM ET?",More than 65 million,culture,0.975,38.81,1
"What will be the total number of Spotify streams for Taylor Swift's song ""The Fate of Ophelia"" by Oct 10, 2025 at 10:00 AM ET?",More than 70 million,culture,0.98,38.81,1
"What will be the total number of Spotify streams for Taylor Swift's song ""The Fate of Ophelia"" by Oct 10, 2025 at 10:00 AM ET?",More than 75 million,culture,0.975,38.81,1
"What will be the total number of Spotify streams for Taylor Swift's song ""The Fate of Ophelia"" by Oct 10, 2025 at 10:00 AM ET?",More than 80 million,culture,0.995,38.81,1
"What will be the total number of Spotify streams for Taylor Swift's song ""The Fate of Ophelia"" by Oct 10, 2025 at 10:00 AM ET?",More than 90 million,culture,0.995,38.81,1
"Which professional MMA fighter, Kyler Phillips or Vinicius de Oliveira, will win the Phillips vs de Oliveira fight at UFC 318 scheduled for Jul 19, 2025?",Kyler Phillips,sports,0.415,86.12,0
"Which professional MMA fighter, Kyler Phillips or Vinicius de Oliveira, will win the Phillips vs de Oliveira fight at UFC 318 scheduled for Jul 19, 2025?",Vinicius de Oliveira,sports,0.58,86.12,1
"Which women's professional basketball team, Phoenix or Minnesota, will win the series in the 2025 women's professional basketball playoffs?",Minnesota,sports,0.285,52.03,0
"Which women's professional basketball team, Phoenix or Minnesota, will win the series in the 2025 women's professional basketball playoffs?",Phoenix,sports,0.795,52.03,1
"Which professional tennis player, Zachary Svajda or Miomir Kecmanovic, will advance past the round of 64 in the 2025 ATP Washington professional tennis tournament?",Miomir Kecmanovic,sports,0.365,30.73,0
"Which professional tennis player, Zachary Svajda or Miomir Kecmanovic, will advance past the round of 64 in the 2025 ATP Washington professional tennis tournament?",Zachary Svajda,sports,0.22,30.73,1
"Which professional baseball team, Detroit or Tampa Bay, will win the game scheduled for Jul 7, 2025, in Detroit?",Detroit,sports,0.455,13.02,1
"Which professional baseball team, Detroit or Tampa Bay, will win the game scheduled for Jul 7, 2025, in Detroit?",Tampa Bay,sports,0.545,13.02,0
"Which college football team, Minnesota or Northwestern St., will win the game scheduled for Sep 6, 2025?",Minnesota,sports,0.955,138.98,1
"Which college football team, Minnesota or Northwestern St., will win the game scheduled for Sep 6, 2025?",Northwestern St.,sports,0.045,138.98,0
"Will Hugh Freeze no longer be Auburn University's head football coach (i.e., leave the position or announce he will leave) before Mar 1, 2026?",Hugh Freeze,sports,0.59,499.72,1
"Which professional UEFA Champions League soccer team, Galatasaray or Liverpool, will win the match originally scheduled for Sep 30, 2025 after 90 minutes plus stoppage time (extra time and penalties excluded)?",Galatasaray,sports,0.185,15.39,1
"Which professional UEFA Champions League soccer team, Galatasaray or Liverpool, will win the match originally scheduled for Sep 30, 2025 after 90 minutes plus stoppage time (extra time and penalties excluded)?",Liverpool,sports,0.635,15.39,0
"Which professional UEFA Champions League soccer team, Galatasaray or Liverpool, will win the match originally scheduled for Sep 30, 2025 after 90 minutes plus stoppage time (extra time and penalties excluded)?",Tie,sports,0.195,15.39,0
"Which person, Donald J. Trump or Elon Musk, will appear on the All-In Podcast by Dec 31, 2025?",Donald J. Trump,culture,0.395,2141.52,1
"Which person, Donald J. Trump or Elon Musk, will appear on the All-In Podcast by Dec 31, 2025?",Elon Musk,culture,0.635,2141.52,1
"Which professional baseball team, Houston or the A's, will win the game scheduled for Jul 24, 2025?",A's,sports,0.465,14.66,1
"Which professional baseball team, Houston or the A's, will win the game scheduled for Jul 24, 2025?",Houston,sports,0.535,14.66,0
"Which college football team, Kennesaw St. or Louisiana Tech, will win the game scheduled for Oct 9, 2025, at Kennesaw St.?",Kennesaw St.,sports,0.335,24.75,1
"Which college football team, Kennesaw St. or Louisiana Tech, will win the game scheduled for Oct 9, 2025, at Kennesaw St.?",Louisiana Tech,sports,0.665,24.75,0
"Which professional football team, Buffalo or New Orleans, will win the game scheduled for Sep 28, 2025?",Buffalo,sports,0.915,32.57,1
"Which professional football team, Buffalo or New Orleans, will win the game scheduled for Sep 28, 2025?",New Orleans,sports,0.085,32.57,0
"Which professional basketball team, Detroit or Chicago, will win the game scheduled for Oct 22, 2025?",Chicago,sports,0.385,22.96,1
"Which professional basketball team, Detroit or Chicago, will win the game scheduled for Oct 22, 2025?",Detroit,sports,0.615,22.96,0
"Which professional baseball team, Cincinnati or Tampa Bay, will win the Tampa Bay at Cincinnati game scheduled for Jul 25, 2025?",Cincinnati,sports,0.495,14.08,1
"Which professional baseball team, Cincinnati or Tampa Bay, will win the Tampa Bay at Cincinnati game scheduled for Jul 25, 2025?",Tampa Bay,sports,0.505,14.08,0
"Which college football team, Arkansas or Texas A&M, will win the Texas A&M at Arkansas game scheduled for Oct 18, 2025?",Arkansas,sports,0.265,72.21,0
"Which college football team, Arkansas or Texas A&M, will win the Texas A&M at Arkansas game scheduled for Oct 18, 2025?",Texas A&M,sports,0.735,72.21,1
"Which college football team, Iowa or Indiana, will win the game scheduled for Sep 27, 2025?",Indiana,sports,0.735,70.95,1
"Which college football team, Iowa or Indiana, will win the game scheduled for Sep 27, 2025?",Iowa,sports,0.265,70.95,0
"How many total Spotify streams will Taylor Swift's song ""Opalite"" have by Oct 31, 2025 at 10:00 AM ET?",More than 200 million,culture,0.995,36.08,1
"How many total Spotify streams will Taylor Swift's song ""Opalite"" have by Oct 31, 2025 at 10:00 AM ET?",More than 205 million,culture,0.995,36.08,1
"How many total Spotify streams will Taylor Swift's song ""Opalite"" have by Oct 31, 2025 at 10:00 AM ET?",More than 210 million,culture,0.995,36.08,1
"How many total Spotify streams will Taylor Swift's song ""Opalite"" have by Oct 31, 2025 at 10:00 AM ET?",More than 215 million,culture,0.995,36.08,1
"How many total Spotify streams will Taylor Swift's song ""Opalite"" have by Oct 31, 2025 at 10:00 AM ET?",More than 220 million,culture,0.995,36.08,1
"How many total Spotify streams will Taylor Swift's song ""Opalite"" have by Oct 31, 2025 at 10:00 AM ET?",More than 225 million,culture,0.995,36.08,1
"How many total Spotify streams will Taylor Swift's song ""Opalite"" have by Oct 31, 2025 at 10:00 AM ET?",More than 226 million,culture,0.975,36.08,1
"How many total Spotify streams will Taylor Swift's song ""Opalite"" have by Oct 31, 2025 at 10:00 AM ET?",More than 227 million,culture,0.365,36.08,0
"How many total Spotify streams will Taylor Swift's song ""Opalite"" have by Oct 31, 2025 at 10:00 AM ET?",More than 228 million,culture,0.06,36.08,0
"How many total Spotify streams will Taylor Swift's song ""Opalite"" have by Oct 31, 2025 at 10:00 AM ET?",More than 229 million,culture,0.055,36.08,0
"How many total Spotify streams will Taylor Swift's song ""Opalite"" have by Oct 31, 2025 at 10:00 AM ET?",More than 230 million,culture,0.045,36.08,0
"How many total Spotify streams will Taylor Swift's song ""Opalite"" have by Oct 31, 2025 at 10:00 AM ET?",More than 235 million,culture,0.01,36.08,0
"Will @elonmusk tag @realdonaldtrump in a post on X after Sep 3, 2025 at 10:00 AM ET and before Oct 1, 2025?",Before Oct 2025,other,0.255,145.89,0
"Which professional football team, New York G or San Francisco, will win the game scheduled for Nov 2, 2025?",New York G,sports,0.355,305.11,0
"Which professional football team, New York G or San Francisco, will win the game scheduled for Nov 2, 2025?",San Francisco,sports,0.635,305.11,1
"What will be the total number of Spotify streams for ""SOMEBODY LOVES ME PT.2"" (by PARTYNEXTDOOR, Drake, and Cash Cobain) on Spotify by 10:00 AM ET on Sep 12, 2025?",More than 10 million,culture,0.025,21.32,0
"What will be the total number of Spotify streams for ""SOMEBODY LOVES ME PT.2"" (by PARTYNEXTDOOR, Drake, and Cash Cobain) on Spotify by 10:00 AM ET on Sep 12, 2025?",More than 12 million,culture,0.025,21.32,0
"What will be the total number of Spotify streams for ""SOMEBODY LOVES ME PT.2"" (by PARTYNEXTDOOR, Drake, and Cash Cobain) on Spotify by 10:00 AM ET on Sep 12, 2025?",More than 14 million,culture,0.025,21.32,0
"What will be the total number of Spotify streams for ""SOMEBODY LOVES ME PT.2"" (by PARTYNEXTDOOR, Drake, and Cash Cobain) on Spotify by 10:00 AM ET on Sep 12, 2025?",More than 16 million,culture,0.025,21.32,0
"What will be the total number of Spotify streams for ""SOMEBODY LOVES ME PT.2"" (by PARTYNEXTDOOR, Drake, and Cash Cobain) on Spotify by 10:00 AM ET on Sep 12, 2025?",More than 18 million,culture,0.025,21.32,0
"What will be the total number of Spotify streams for ""SOMEBODY LOVES ME PT.2"" (by PARTYNEXTDOOR, Drake, and Cash Cobain) on Spotify by 10:00 AM ET on Sep 12, 2025?",More than 2 million,culture,0.975,21.32,1
"What will be the total number of Spotify streams for ""SOMEBODY LOVES ME PT.2"" (by PARTYNEXTDOOR, Drake, and Cash Cobain) on Spotify by 10:00 AM ET on Sep 12, 2025?",More than 20 million,culture,0.025,21.32,0
"What will be the total number of Spotify streams for ""SOMEBODY LOVES ME PT.2"" (by PARTYNEXTDOOR, Drake, and Cash Cobain) on Spotify by 10:00 AM ET on Sep 12, 2025?",More than 4 million,culture,0.97,21.32,1
"What will be the total number of Spotify streams for ""SOMEBODY LOVES ME PT.2"" (by PARTYNEXTDOOR, Drake, and Cash Cobain) on Spotify by 10:00 AM ET on Sep 12, 2025?",More than 6 million,culture,0.07,21.32,0
"What will be the total number of Spotify streams for ""SOMEBODY LOVES ME PT.2"" (by PARTYNEXTDOOR, Drake, and Cash Cobain) on Spotify by 10:00 AM ET on Sep 12, 2025?",More than 8 million,culture,0.03,21.32,0
Pro Women's Basketball Champion?,Atlanta,sports,0.005,314.39,0
Pro Women's Basketball Champion?,Chicago,sports,0.005,314.39,0
Pro Women's Basketball Champion?,Connecticut,sports,0.005,314.39,0
Pro Women's Basketball Champion?,Dallas,sports,0.005,314.39,0
Pro Women's Basketball Champion?,Golden State,sports,0.005,314.39,0
Pro Women's Basketball Champion?,Indiana,sports,0.025,314.39,0
Pro Women's Basketball Champion?,Las Vegas,sports,0.51,314.39,1
Pro Women's Basketball Champion?,Los Angeles,sports,0.005,314.39,0
Pro Women's Basketball Champion?,Minnesota,sports,0.135,314.39,0
Pro Women's Basketball Champion?,New York,sports,0.005,314.39,0
Pro Women's Basketball Champion?,Phoenix,sports,0.345,314.39,0
Pro Women's Basketball Champion?,Washington,sports,0.005,314.39,0
"Will U.S. Senator Rand Paul vote for the next omnibus spending bill, minibus, or government-wide continuing resolution (CR) in the Senate before Dec 1, 2026?",Angus King,politics,0.85,767.36,1
"Will U.S. Senator Rand Paul vote for the next omnibus spending bill, minibus, or government-wide continuing resolution (CR) in the Senate before Dec 1, 2026?",Bernie Sanders,politics,0.51,767.36,0
"Will U.S. Senator Rand Paul vote for the next omnibus spending bill, minibus, or government-wide continuing resolution (CR) in the Senate before Dec 1, 2026?",Catherine Cortez Masto,politics,0.855,767.36,1
"Will U.S. Senator Rand Paul vote for the next omnibus spending bill, minibus, or government-wide continuing resolution (CR) in the Senate before Dec 1, 2026?",Chuck Schumer,politics,0.555,767.36,0
"Will U.S. Senator Rand Paul vote for the next omnibus spending bill, minibus, or government-wide continuing resolution (CR) in the Senate before Dec 1, 2026?",Gary Peters,politics,0.75,767.36,0
"Will U.S. Senator Rand Paul vote for the next omnibus spending bill, minibus, or government-wide continuing resolution (CR) in the Senate before Dec 1, 2026?",Jeanne Shaheen,politics,0.85,767.36,1
"Will U.S. Senator Rand Paul vote for the next omnibus spending bill, minibus, or government-wide continuing resolution (CR) in the Senate before Dec 1, 2026?",John Fetterman,politics,0.945,767.36,1
"Will U.S. Senator Rand Paul vote for the next omnibus spending bill, minibus, or government-wide continuing resolution (CR) in the Senate before Dec 1, 2026?",Kirsten Gillibrand,politics,0.63,767.36,0
"Will U.S. Senator Rand Paul vote for the next omnibus spending bill, minibus, or government-wide continuing resolution (CR) in the Senate before Dec 1, 2026?",Lisa Murkowski,politics,0.845,767.36,1
"Will U.S. Senator Rand Paul vote for the next omnibus spending bill, minibus, or government-wide continuing resolution (CR) in the Senate before Dec 1, 2026?",Maggie Hassan,politics,0.825,767.36,1
"Will U.S. Senator Rand Paul vote for the next omnibus spending bill, minibus, or government-wide continuing resolution (CR) in the Senate before Dec 1, 2026?",Rand Paul,politics,0.05,767.36,0
"Will U.S. Senator Rand Paul vote for the next omnibus spending bill, minibus, or government-wide continuing resolution (CR) in the Senate before Dec 1, 2026?",Susan Collins,politics,0.76,767.36,1
"Will U.S. Senator Rand Paul vote for the next omnibus spending bill, minibus, or government-wide continuing resolution (CR) in the Senate before Dec 1, 2026?",Thom Tillis,politics,0.86,767.36,1
"Will FaZe Adapt's peak number of active paid Twitch subscribers reach at least 150,000 at any time before Nov 1, 2025?",150000 or more,other,0.525,193.66,0
"Which college football team, UTEP or Liberty, will win the Liberty at UTEP game scheduled for Oct 8, 2025?",Liberty,sports,0.535,36.97,1
"Which college football team, UTEP or Liberty, will win the Liberty at UTEP game scheduled for Oct 8, 2025?",UTEP,sports,0.465,36.97,0
What will the announcers say during the Los Angeles at Toronto pro baseball game?,Bases Loaded,other,0.995,7.22,1
What will the announcers say during the Los Angeles at Toronto pro baseball game?,Challenge,other,0.995,7.22,1
What will the announcers say during the Los Angeles at Toronto pro baseball game?,Dive / Dives / Diving,other,0.005,7.22,0
What will the announcers say during the Los Angeles at Toronto pro baseball game?,Double Play,other,0.995,7.22,1
What will the announcers say during the Los Angeles at Toronto pro baseball game?,Error,other,0.995,7.22,1
What will the announcers say during the Los Angeles at Toronto pro baseball game?,Extra Inning,other,0.005,7.22,0
What will the announcers say during the Los Angeles at Toronto pro baseball game?,Grand Slam,other,0.995,7.22,1
What will the announcers say during the Los Angeles at Toronto pro baseball game?,International,other,0.005,7.22,0
What will the announcers say during the Los Angeles at Toronto pro baseball game?,Japan,other,0.005,7.22,0
What will the announcers say during the Los Angeles at Toronto pro baseball game?,Joe Carter,other,0.995,7.22,1
What will the announcers say during the Los Angeles at Toronto pro baseball game?,MVP,other,0.995,7.22,1
What will the announcers say during the Los Angeles at Toronto pro baseball game?,Pitch Clock,other,0.005,7.22,0
What will the announcers say during the Los Angeles at Toronto pro baseball game?,Steal,other,0.005,7.22,0
What will the announcers say during the Los Angeles at Toronto pro baseball game?,Triple,other,0.005,7.22,0
What will the announcers say during the Los Angeles at Toronto pro baseball game?,Walk Off,other,0.995,7.22,1
What will the announcers say during the Los Angeles at Toronto pro baseball game?,What a Catch,other,0.005,7.22,0
What will the announcers say during the Los Angeles at Toronto pro baseball game?,Wild Pitch,other,0.005,7.22,0
"Will Donald Trump attend the Halloween at the White House trick-or-treat event scheduled for October 30, 2025?",Yes,culture,0.81,19.56,1
"Which college football team, Syracuse or Colgate, will win the game scheduled for Sep 12, 2025?",Colgate,sports,0.04,122.22,0
"Which college football team, Syracuse or Colgate, will win the game scheduled for Sep 12, 2025?",Syracuse,sports,0.965,122.22,1
"Which professional football team, New York J or Denver, will win the game scheduled for Oct 12, 2025?",Denver,sports,0.775,52.1,1
"Which professional football team, New York J or Denver, will win the game scheduled for Oct 12, 2025?",New York J,sports,0.235,52.1,0
"Which college football team, Stanford or Pittsburgh, will win the Pittsburgh at Stanford college football game scheduled for Nov 1, 2025?",Pittsburgh,sports,0.73,190.83,1
"Which college football team, Stanford or Pittsburgh, will win the Pittsburgh at Stanford college football game scheduled for Nov 1, 2025?",Stanford,sports,0.27,190.83,0
"During the House Oversight and Government Reform Committee hearing titled ""Testimony on the Radicalization of Online Forum Users"" on October 8, will any CEO of Discord, Reddit, Steam, or Twitch say the word ""Antifa""?",Antifa,politics,0.1,37.64,0
"During the House Oversight and Government Reform Committee hearing titled ""Testimony on the Radicalization of Online Forum Users"" on October 8, will any CEO of Discord, Reddit, Steam, or Twitch say the word ""Antifa""?",Ban / Banned,politics,0.135,37.64,0
"During the House Oversight and Government Reform Committee hearing titled ""Testimony on the Radicalization of Online Forum Users"" on October 8, will any CEO of Discord, Reddit, Steam, or Twitch say the word ""Antifa""?",CSGO,politics,0.075,37.64,0
"During the House Oversight and Government Reform Committee hearing titled ""Testimony on the Radicalization of Online Forum Users"" on October 8, will any CEO of Discord, Reddit, Steam, or Twitch say the word ""Antifa""?",Censor,politics,0.115,37.64,0
"During the House Oversight and Government Reform Committee hearing titled ""Testimony on the Radicalization of Online Forum Users"" on October 8, will any CEO of Discord, Reddit, Steam, or Twitch say the word ""Antifa""?",Charlie / Kirk,politics,0.115,37.64,0
"During the House Oversight and Government Reform Committee hearing titled ""Testimony on the Radicalization of Online Forum Users"" on October 8, will any CEO of Discord, Reddit, Steam, or Twitch say the word ""Antifa""?",Chat (3+ Times),politics,0.11,37.64,0
"During the House Oversight and Government Reform Committee hearing titled ""Testimony on the Radicalization of Online Forum Users"" on October 8, will any CEO of Discord, Reddit, Steam, or Twitch say the word ""Antifa""?",Communist,politics,0.08,37.64,0
"During the House Oversight and Government Reform Committee hearing titled ""Testimony on the Radicalization of Online Forum Users"" on October 8, will any CEO of Discord, Reddit, Steam, or Twitch say the word ""Antifa""?",Encrypt / Encrypted,politics,0.12,37.64,0
"During the House Oversight and Government Reform Committee hearing titled ""Testimony on the Radicalization of Online Forum Users"" on October 8, will any CEO of Discord, Reddit, Steam, or Twitch say the word ""Antifa""?",Free Speech,politics,0.095,37.64,0
"During the House Oversight and Government Reform Committee hearing titled ""Testimony on the Radicalization of Online Forum Users"" on October 8, will any CEO of Discord, Reddit, Steam, or Twitch say the word ""Antifa""?",Gamble,politics,0.105,37.64,0
"During the House Oversight and Government Reform Committee hearing titled ""Testimony on the Radicalization of Online Forum Users"" on October 8, will any CEO of Discord, Reddit, Steam, or Twitch say the word ""Antifa""?",Groyper,politics,0.105,37.64,0
"During the House Oversight and Government Reform Committee hearing titled ""Testimony on the Radicalization of Online Forum Users"" on October 8, will any CEO of Discord, Reddit, Steam, or Twitch say the word ""Antifa""?",Hamas,politics,0.095,37.64,0
"During the House Oversight and Government Reform Committee hearing titled ""Testimony on the Radicalization of Online Forum Users"" on October 8, will any CEO of Discord, Reddit, Steam, or Twitch say the word ""Antifa""?",Incel,politics,0.105,37.64,0
"During the House Oversight and Government Reform Committee hearing titled ""Testimony on the Radicalization of Online Forum Users"" on October 8, will any CEO of Discord, Reddit, Steam, or Twitch say the word ""Antifa""?",Incite,politics,0.08,37.64,0
"During the House Oversight and Government Reform Committee hearing titled ""Testimony on the Radicalization of Online Forum Users"" on October 8, will any CEO of Discord, Reddit, Steam, or Twitch say the word ""Antifa""?",Livestream,politics,0.125,37.64,0
"During the House Oversight and Government Reform Committee hearing titled ""Testimony on the Radicalization of Online Forum Users"" on October 8, will any CEO of Discord, Reddit, Steam, or Twitch say the word ""Antifa""?",Meme,politics,0.11,37.64,0
"During the House Oversight and Government Reform Committee hearing titled ""Testimony on the Radicalization of Online Forum Users"" on October 8, will any CEO of Discord, Reddit, Steam, or Twitch say the word ""Antifa""?",Raid,politics,0.1,37.64,0
"During the House Oversight and Government Reform Committee hearing titled ""Testimony on the Radicalization of Online Forum Users"" on October 8, will any CEO of Discord, Reddit, Steam, or Twitch say the word ""Antifa""?",Revolution,politics,0.105,37.64,0
"During the House Oversight and Government Reform Committee hearing titled ""Testimony on the Radicalization of Online Forum Users"" on October 8, will any CEO of Discord, Reddit, Steam, or Twitch say the word ""Antifa""?",Socialist,politics,0.095,37.64,0
"During the House Oversight and Government Reform Committee hearing titled ""Testimony on the Radicalization of Online Forum Users"" on October 8, will any CEO of Discord, Reddit, Steam, or Twitch say the word ""Antifa""?",Turning Point,politics,0.095,37.64,0
"Which professional football team, Green Bay or Carolina, will win the game scheduled for Nov 2, 2025?",Carolina,sports,0.28,307.32,1
"Which professional football team, Green Bay or Carolina, will win the game scheduled for Nov 2, 2025?",Green Bay,sports,0.745,307.32,0
"Will the Tomatometer (Rotten Tomatoes) score for the film 'Black Phone 2' be above 45 on Oct 20, 2025 at 10:00 AM ET?",Above 45,culture,0.99,197.97,1
"Will the Tomatometer (Rotten Tomatoes) score for the film 'Black Phone 2' be above 45 on Oct 20, 2025 at 10:00 AM ET?",Above 60,culture,0.965,197.97,1
"Will the Tomatometer (Rotten Tomatoes) score for the film 'Black Phone 2' be above 45 on Oct 20, 2025 at 10:00 AM ET?",Above 75,culture,0.705,197.97,0
"Will the Tomatometer (Rotten Tomatoes) score for the film 'Black Phone 2' be above 45 on Oct 20, 2025 at 10:00 AM ET?",Above 80,culture,0.43,197.97,0
"Will the Tomatometer (Rotten Tomatoes) score for the film 'Black Phone 2' be above 45 on Oct 20, 2025 at 10:00 AM ET?",Above 85,culture,0.12,197.97,0
"Will the Tomatometer (Rotten Tomatoes) score for the film 'Black Phone 2' be above 45 on Oct 20, 2025 at 10:00 AM ET?",Above 90,culture,0.015,197.97,0
"Will the Tomatometer (Rotten Tomatoes) score for the film 'Black Phone 2' be above 45 on Oct 20, 2025 at 10:00 AM ET?",Above 95,culture,0.01,197.97,0
Which of the predefined categories will a DraftKings Inc. representative mention during DraftKings Inc.'s next earnings call (including the Q&A)?,Canada,finance,0.495,761.22,0
Which of the predefined categories will a DraftKings Inc. representative mention during DraftKings Inc.'s next earnings call (including the Q&A)?,Competitor,finance,0.715,761.22,0
Which of the predefined categories will a DraftKings Inc. representative mention during DraftKings Inc.'s next earnings call (including the Q&A)?,Engagement,finance,0.55,761.22,1
Which of the predefined categories will a DraftKings Inc. representative mention during DraftKings Inc.'s next earnings call (including the Q&A)?,Expansion,finance,0.495,761.22,1
Which of the predefined categories will a DraftKings Inc. representative mention during DraftKings Inc.'s next earnings call (including the Q&A)?,Feature,finance,0.495,761.22,1
Which of the predefined categories will a DraftKings Inc. representative mention during DraftKings Inc.'s next earnings call (including the Q&A)?,Marketing,finance,0.495,761.22,1
Which of the predefined categories will a DraftKings Inc. representative mention during DraftKings Inc.'s next earnings call (including the Q&A)?,Missouri,finance,0.72,761.22,1
Which of the predefined categories will a DraftKings Inc. representative mention during DraftKings Inc.'s next earnings call (including the Q&A)?,NBC,finance,0.495,761.22,0
Which of the predefined categories will a DraftKings Inc. representative mention during DraftKings Inc.'s next earnings call (including the Q&A)?,Prediction,finance,0.835,761.22,1
Which of the predefined categories will a DraftKings Inc. representative mention during DraftKings Inc.'s next earnings call (including the Q&A)?,Regulation,finance,0.495,761.22,1
Which of the predefined categories will a DraftKings Inc. representative mention during DraftKings Inc.'s next earnings call (including the Q&A)?,Retention,finance,0.49,761.22,1
Which of the predefined categories will a DraftKings Inc. representative mention during DraftKings Inc.'s next earnings call (including the Q&A)?,iGaming,finance,0.645,761.22,1
"Which professional football team, San Francisco or Jacksonville, will win the game scheduled for Sep 28, 2025?",Jacksonville,sports,0.37,131.56,1
"Which professional football team, San Francisco or Jacksonville, will win the game scheduled for Sep 28, 2025?",San Francisco,sports,0.62,131.56,0
"Which professional baseball team, Seattle or Chicago C, will win the game scheduled for Jun 21, 2025?",Chicago C,sports,0.6,9.68,1
"Which professional baseball team, Seattle or Chicago C, will win the game scheduled for Jun 21, 2025?",Seattle,sports,0.4,9.68,0
"Which professional football team, Cincinnati or Pittsburgh, will win the game scheduled for Oct 16, 2025?",Cincinnati,sports,0.325,194.62,1
"Which professional football team, Cincinnati or Pittsburgh, will win the game scheduled for Oct 16, 2025?",Pittsburgh,sports,0.675,194.62,0
"Which professional baseball team, Detroit or Minnesota, will win the game scheduled for Jun 27, 2025?",Detroit,sports,0.535,9.15,0
"Which professional baseball team, Detroit or Minnesota, will win the game scheduled for Jun 27, 2025?",Minnesota,sports,0.47,9.15,1
What will the announcers say during the Green Bay at Pittsburgh pro football game?,Cheesehead / Cheese Head,other,0.645,13.83,1
What will the announcers say during the Green Bay at Pittsburgh pro football game?,Concussion Protocol,other,0.17,13.83,1
What will the announcers say during the Green Bay at Pittsburgh pro football game?,Down to the wire,other,0.175,13.83,0
What will the announcers say during the Green Bay at Pittsburgh pro football game?,Ejected / Ejection,other,0.075,13.83,0
What will the announcers say during the Green Bay at Pittsburgh pro football game?,Facemask / Face Mask,other,0.655,13.83,0
What will the announcers say during the Green Bay at Pittsburgh pro football game?,Fumble / Fumbles / Fumbled,other,0.905,13.83,1
What will the announcers say during the Green Bay at Pittsburgh pro football game?,Hail Mary,other,0.335,13.83,0
What will the announcers say during the Green Bay at Pittsburgh pro football game?,Inch / Inches,other,0.64,13.83,1
What will the announcers say during the Green Bay at Pittsburgh pro football game?,Intentional Grounding,other,0.24,13.83,0
What will the announcers say during the Green Bay at Pittsburgh pro football game?,Late Hit,other,0.25,13.83,0
What will the announcers say during the Green Bay at Pittsburgh pro football game?,Miracle,other,0.165,13.83,1
What will the announcers say during the Green Bay at Pittsburgh pro football game?,One Handed,other,0.215,13.83,1
What will the announcers say during the Green Bay at Pittsburgh pro football game?,Overtime,other,0.385,13.83,0
What will the announcers say during the Green Bay at Pittsburgh pro football game?,Pick Six,other,0.255,13.83,0
What will the announcers say during the Green Bay at Pittsburgh pro football game?,Pylon,other,0.465,13.83,1
What will the announcers say during the Green Bay at Pittsburgh pro football game?,Revenge,other,0.705,13.83,1
What will the announcers say during the Green Bay at Pittsburgh pro football game?,Roughing the Passer,other,0.325,13.83,0
What will the announcers say during the Green Bay at Pittsburgh pro football game?,Safety,other,0.945,13.83,1
What will the announcers say during the Green Bay at Pittsburgh pro football game?,Speed,other,0.935,13.83,1
What will the announcers say during the Green Bay at Pittsburgh pro football game?,Steel Curtain,other,0.405,13.83,0
What will the announcers say during the Green Bay at Pittsburgh pro football game?,Stuffed,other,0.415,13.83,0
What will the announcers say during the Green Bay at Pittsburgh pro football game?,Tie / Ties / Tied,other,0.81,13.83,1
What will the announcers say during the Green Bay at Pittsburgh pro football game?,Turf,other,0.485,13.83,0
What will the announcers say during the Green Bay at Pittsburgh pro football game?,Veteran,other,0.915,13.83,1
What will the announcers say during the Green Bay at Pittsburgh pro football game?,What a catch,other,0.285,13.83,0
What will the announcers say during the Green Bay at Pittsburgh pro football game?,Wild,other,0.615,13.83,0
"Which song on the album ""Man's Best Friend"" will have the lowest total Spotify stream count as of Sep 5, 2025 at 10:00 AM ET?",Don't Worry I'll Make You Worry,culture,0.955,66.81,1
"Which song on the album ""Man's Best Friend"" will have the lowest total Spotify stream count as of Sep 5, 2025 at 10:00 AM ET?",Go Go Juice,culture,0.025,66.81,0
"Which song on the album ""Man's Best Friend"" will have the lowest total Spotify stream count as of Sep 5, 2025 at 10:00 AM ET?",Goodbye,culture,0.035,66.81,0
"Which song on the album ""Man's Best Friend"" will have the lowest total Spotify stream count as of Sep 5, 2025 at 10:00 AM ET?",House Tour,culture,0.025,66.81,0
"Which song on the album ""Man's Best Friend"" will have the lowest total Spotify stream count as of Sep 5, 2025 at 10:00 AM ET?",Manchild,culture,0.025,66.81,0
"Which song on the album ""Man's Best Friend"" will have the lowest total Spotify stream count as of Sep 5, 2025 at 10:00 AM ET?",My Man on Willpower,culture,0.025,66.81,0
"Which song on the album ""Man's Best Friend"" will have the lowest total Spotify stream count as of Sep 5, 2025 at 10:00 AM ET?",Never Getting Laid,culture,0.03,66.81,0
"Which song on the album ""Man's Best Friend"" will have the lowest total Spotify stream count as of Sep 5, 2025 at 10:00 AM ET?",Nobody’s Son,culture,0.025,66.81,0
"Which song on the album ""Man's Best Friend"" will have the lowest total Spotify stream count as of Sep 5, 2025 at 10:00 AM ET?",Sugar Talking,culture,0.025,66.81,0
"Which song on the album ""Man's Best Friend"" will have the lowest total Spotify stream count as of Sep 5, 2025 at 10:00 AM ET?",Tears,culture,0.025,66.81,0
"Which song on the album ""Man's Best Friend"" will have the lowest total Spotify stream count as of Sep 5, 2025 at 10:00 AM ET?",We Almost Broke Up Again Last Night,culture,0.025,66.81,0
"Which song on the album ""Man's Best Friend"" will have the lowest total Spotify stream count as of Sep 5, 2025 at 10:00 AM ET?",When Did You Get Hot?,culture,0.025,66.81,0
"Which professional football team, Baltimore or Detroit, will win the game scheduled for Sep 22, 2025?",Baltimore,sports,0.685,10.64,0
"Which professional football team, Baltimore or Detroit, will win the game scheduled for Sep 22, 2025?",Detroit,sports,0.32,10.64,1
"Which college football team, Kennesaw St. or Middle Tennessee, will win the game scheduled for Sep 27, 2025?",Kennesaw St.,sports,0.725,36.4,1
"Which college football team, Kennesaw St. or Middle Tennessee, will win the game scheduled for Sep 27, 2025?",Middle Tennessee,sports,0.265,36.4,0
What will be James Walkinshaw’s margin of victory (Democratic margin) in the 2025 Virginia’s 11th congressional district special election?,At least 40%,other,0.995,165.18,1
What will be James Walkinshaw’s margin of victory (Democratic margin) in the 2025 Virginia’s 11th congressional district special election?,At least 45%,other,0.995,165.18,1
What will be James Walkinshaw’s margin of victory (Democratic margin) in the 2025 Virginia’s 11th congressional district special election?,At least 50%,other,0.85,165.18,1
"During Costco Wholesale Corporation's next earnings call (including the Q&A), will any company representative (including the operator of the call) say the phrase ""Hot Dog""?",Consumer,finance,0.995,15.39,1
"During Costco Wholesale Corporation's next earnings call (including the Q&A), will any company representative (including the operator of the call) say the phrase ""Hot Dog""?",Dividend,finance,0.005,15.39,0
"During Costco Wholesale Corporation's next earnings call (including the Q&A), will any company representative (including the operator of the call) say the phrase ""Hot Dog""?",Expansion,finance,0.995,15.39,1
"During Costco Wholesale Corporation's next earnings call (including the Q&A), will any company representative (including the operator of the call) say the phrase ""Hot Dog""?",Growth,finance,0.995,15.39,1
"During Costco Wholesale Corporation's next earnings call (including the Q&A), will any company representative (including the operator of the call) say the phrase ""Hot Dog""?",Hot Dog,finance,0.995,15.39,1
"During Costco Wholesale Corporation's next earnings call (including the Q&A), will any company representative (including the operator of the call) say the phrase ""Hot Dog""?",Inflation,finance,0.995,15.39,1
"During Costco Wholesale Corporation's next earnings call (including the Q&A), will any company representative (including the operator of the call) say the phrase ""Hot Dog""?",Inventory,finance,0.995,15.39,1
"During Costco Wholesale Corporation's next earnings call (including the Q&A), will any company representative (including the operator of the call) say the phrase ""Hot Dog""?",Kirkland,finance,0.995,15.39,1
"During Costco Wholesale Corporation's next earnings call (including the Q&A), will any company representative (including the operator of the call) say the phrase ""Hot Dog""?",Labor,finance,0.995,15.39,1
"During Costco Wholesale Corporation's next earnings call (including the Q&A), will any company representative (including the operator of the call) say the phrase ""Hot Dog""?",Margin,finance,0.995,15.39,1
"During Costco Wholesale Corporation's next earnings call (including the Q&A), will any company representative (including the operator of the call) say the phrase ""Hot Dog""?",Membership,finance,0.995,15.39,1
"During Costco Wholesale Corporation's next earnings call (including the Q&A), will any company representative (including the operator of the call) say the phrase ""Hot Dog""?",Renewal,finance,0.995,15.39,1
"During Costco Wholesale Corporation's next earnings call (including the Q&A), will any company representative (including the operator of the call) say the phrase ""Hot Dog""?",Revenue,finance,0.995,15.39,1
"During Costco Wholesale Corporation's next earnings call (including the Q&A), will any company representative (including the operator of the call) say the phrase ""Hot Dog""?",Spending,finance,0.995,15.39,1
"During Costco Wholesale Corporation's next earnings call (including the Q&A), will any company representative (including the operator of the call) say the phrase ""Hot Dog""?",Tariff,finance,0.995,15.39,1
"During Costco Wholesale Corporation's next earnings call (including the Q&A), will any company representative (including the operator of the call) say the phrase ""Hot Dog""?",Valuation,finance,0.005,15.39,0
"Which professional MLS soccer team, Orlando or Vancouver, will win the game scheduled for Aug 30, 2025 (result determined after 90 minutes plus stoppage time; excludes extra time and penalty shootouts)?",Orlando,sports,0.505,8.13,0
"Which professional MLS soccer team, Orlando or Vancouver, will win the game scheduled for Aug 30, 2025 (result determined after 90 minutes plus stoppage time; excludes extra time and penalty shootouts)?",Tie,sports,0.26,8.13,0
"Which professional MLS soccer team, Orlando or Vancouver, will win the game scheduled for Aug 30, 2025 (result determined after 90 minutes plus stoppage time; excludes extra time and penalty shootouts)?",Vancouver,sports,0.245,8.13,1
"Which professional baseball team, Atlanta or New York M, will win the game scheduled for Jun 26, 2025?",Atlanta,sports,0.495,7.83,0
"Which professional baseball team, Atlanta or New York M, will win the game scheduled for Jun 26, 2025?",New York M,sports,0.51,7.83,1
"Which college football team, West Virginia or TCU, will win the game scheduled for Oct 25, 2025?",TCU,sports,0.855,46.22,1
"Which college football team, West Virginia or TCU, will win the game scheduled for Oct 25, 2025?",West Virginia,sports,0.145,46.22,0
"Which of the following U.S. Senators — Mike Lee, Chuck Grassley, Mitch McConnell, Lisa Murkowski, Susan Collins, John Curtis, John Fetterman, Thom Tillis, Ruben Gallego, Mark Kelly, or Maggie Hassan — will vote Yea for E.J. Antoni’s nomination to be Commissioner of the Bureau of Labor Statistics before Oct 1, 2025?",Chuck Grassley,politics,0.065,709.83,0
"Which of the following U.S. Senators — Mike Lee, Chuck Grassley, Mitch McConnell, Lisa Murkowski, Susan Collins, John Curtis, John Fetterman, Thom Tillis, Ruben Gallego, Mark Kelly, or Maggie Hassan — will vote Yea for E.J. Antoni’s nomination to be Commissioner of the Bureau of Labor Statistics before Oct 1, 2025?",John Curtis,politics,0.045,709.83,0
"Which of the following U.S. Senators — Mike Lee, Chuck Grassley, Mitch McConnell, Lisa Murkowski, Susan Collins, John Curtis, John Fetterman, Thom Tillis, Ruben Gallego, Mark Kelly, or Maggie Hassan — will vote Yea for E.J. Antoni’s nomination to be Commissioner of the Bureau of Labor Statistics before Oct 1, 2025?",John Fetterman,politics,0.03,709.83,0
"Which of the following U.S. Senators — Mike Lee, Chuck Grassley, Mitch McConnell, Lisa Murkowski, Susan Collins, John Curtis, John Fetterman, Thom Tillis, Ruben Gallego, Mark Kelly, or Maggie Hassan — will vote Yea for E.J. Antoni’s nomination to be Commissioner of the Bureau of Labor Statistics before Oct 1, 2025?",Lisa Murkowski,politics,0.07,709.83,0
"Which of the following U.S. Senators — Mike Lee, Chuck Grassley, Mitch McConnell, Lisa Murkowski, Susan Collins, John Curtis, John Fetterman, Thom Tillis, Ruben Gallego, Mark Kelly, or Maggie Hassan — will vote Yea for E.J. Antoni’s nomination to be Commissioner of the Bureau of Labor Statistics before Oct 1, 2025?",Maggie Hassan,politics,0.01,709.83,0
"Which of the following U.S. Senators — Mike Lee, Chuck Grassley, Mitch McConnell, Lisa Murkowski, Susan Collins, John Curtis, John Fetterman, Thom Tillis, Ruben Gallego, Mark Kelly, or Maggie Hassan — will vote Yea for E.J. Antoni’s nomination to be Commissioner of the Bureau of Labor Statistics before Oct 1, 2025?",Mark Kelly,politics,0.01,709.83,0
"Which of the following U.S. Senators — Mike Lee, Chuck Grassley, Mitch McConnell, Lisa Murkowski, Susan Collins, John Curtis, John Fetterman, Thom Tillis, Ruben Gallego, Mark Kelly, or Maggie Hassan — will vote Yea for E.J. Antoni’s nomination to be Commissioner of the Bureau of Labor Statistics before Oct 1, 2025?",Mike Lee,politics,0.125,709.83,0
"Which of the following U.S. Senators — Mike Lee, Chuck Grassley, Mitch McConnell, Lisa Murkowski, Susan Collins, John Curtis, John Fetterman, Thom Tillis, Ruben Gallego, Mark Kelly, or Maggie Hassan — will vote Yea for E.J. Antoni’s nomination to be Commissioner of the Bureau of Labor Statistics before Oct 1, 2025?",Mitch McConnell,politics,0.06,709.83,0
"Which of the following U.S. Senators — Mike Lee, Chuck Grassley, Mitch McConnell, Lisa Murkowski, Susan Collins, John Curtis, John Fetterman, Thom Tillis, Ruben Gallego, Mark Kelly, or Maggie Hassan — will vote Yea for E.J. Antoni’s nomination to be Commissioner of the Bureau of Labor Statistics before Oct 1, 2025?",Ruben Gallego,politics,0.005,709.83,0
"Which of the following U.S. Senators — Mike Lee, Chuck Grassley, Mitch McConnell, Lisa Murkowski, Susan Collins, John Curtis, John Fetterman, Thom Tillis, Ruben Gallego, Mark Kelly, or Maggie Hassan — will vote Yea for E.J. Antoni’s nomination to be Commissioner of the Bureau of Labor Statistics before Oct 1, 2025?",Susan Collins,politics,0.06,709.83,0
"Which of the following U.S. Senators — Mike Lee, Chuck Grassley, Mitch McConnell, Lisa Murkowski, Susan Collins, John Curtis, John Fetterman, Thom Tillis, Ruben Gallego, Mark Kelly, or Maggie Hassan — will vote Yea for E.J. Antoni’s nomination to be Commissioner of the Bureau of Labor Statistics before Oct 1, 2025?",Thom Tillis,politics,0.08,709.83,0
"Which men's college basketball team, Wyoming or Portland, will win the game scheduled for Nov 15, 2025?",Portland,sports,0.185,28.15,0
"Which men's college basketball team, Wyoming or Portland, will win the game scheduled for Nov 15, 2025?",Wyoming,sports,0.815,28.15,1
"Which college football team, Marshall or Texas St., will win the game scheduled for Oct 18, 2025?",Marshall,sports,0.43,70.43,1
"Which college football team, Marshall or Texas St., will win the game scheduled for Oct 18, 2025?",Texas St.,sports,0.575,70.43,0
"Which professional football team, Tennessee or New England, will win the game scheduled for Oct 19, 2025?",New England,sports,0.705,259.6,1
"Which professional football team, Tennessee or New England, will win the game scheduled for Oct 19, 2025?",Tennessee,sports,0.295,259.6,0
PPA Tour Sacramento Vintage Open - Women's Doubles Winner?,Allyce Jones/Mari Humberg,sports,0.45,47.91,0
PPA Tour Sacramento Vintage Open - Women's Doubles Winner?,Brooke Buckner/Lea Jansen,sports,0.475,47.91,0
PPA Tour Sacramento Vintage Open - Women's Doubles Winner?,Callie Smith/Jessie Irvine,sports,0.4,47.91,0
PPA Tour Sacramento Vintage Open - Women's Doubles Winner?,Etta Tuionatoa/Lacy Schneemann,sports,0.45,47.91,1
PPA Tour Sacramento Vintage Open - Women's Doubles Winner?,Mary Brascia/Maggie Brascia,sports,0.45,47.91,0
PPA Tour Sacramento Vintage Open - Women's Doubles Winner?,Meghan Dizon/Lucy Kovalova,sports,0.45,47.91,0
PPA Tour Sacramento Vintage Open - Women's Doubles Winner?,Tina Pisnik/Kate Fahey,sports,0.495,47.91,0
PPA Tour Sacramento Vintage Open - Women's Doubles Winner?,Tyra Hurricane Black/Jorja Johnson,sports,0.53,47.91,0
"Which professional baseball team, Cincinnati or San Diego, will win the game scheduled for Jun 27, 2025?",Cincinnati,sports,0.455,7.15,1
"Which professional baseball team, Cincinnati or San Diego, will win the game scheduled for Jun 27, 2025?",San Diego,sports,0.545,7.15,0
"Which college football team, New Mexico St. or Sam Houston, will win the game scheduled for Oct 2, 2025?",New Mexico St.,sports,0.575,123.97,1
"Which college football team, New Mexico St. or Sam Houston, will win the game scheduled for Oct 2, 2025?",Sam Houston,sports,0.54,123.97,0
"Which college football team, Rutgers or Oregon, will win the game at Rutgers scheduled for Oct 18, 2025?",Oregon,sports,0.87,120.55,1
"Which college football team, Rutgers or Oregon, will win the game at Rutgers scheduled for Oct 18, 2025?",Rutgers,sports,0.12,120.55,0
"Which player, Jannik Sinner or Novak Djokovic, will advance past the semifinal in the 2025 Wimbledon men's singles professional tennis tournament?",Jannik Sinner,sports,0.645,29.99,1
"Which player, Jannik Sinner or Novak Djokovic, will advance past the semifinal in the 2025 Wimbledon men's singles professional tennis tournament?",Novak Djokovic,sports,0.345,29.99,0
"Which professional MLS soccer team, Vancouver or Portland, will win the match scheduled for May 31, 2025 after 90 minutes plus stoppage time (excluding extra time and penalties)?",Portland,sports,0.21,556.58,0
"Which professional MLS soccer team, Vancouver or Portland, will win the match scheduled for May 31, 2025 after 90 minutes plus stoppage time (excluding extra time and penalties)?",Tie,sports,0.205,556.58,1
"Which professional MLS soccer team, Vancouver or Portland, will win the match scheduled for May 31, 2025 after 90 minutes plus stoppage time (excluding extra time and penalties)?",Vancouver,sports,0.635,556.58,0
"Which professional MLS soccer team, Orlando or Vancouver, will win the game scheduled for Aug 30, 2025 (result determined after 90 minutes plus stoppage time; excludes extra time and penalty shootouts)?",Orlando,sports,0.505,16.32,0
"Which professional MLS soccer team, Orlando or Vancouver, will win the game scheduled for Aug 30, 2025 (result determined after 90 minutes plus stoppage time; excludes extra time and penalty shootouts)?",Tie,sports,0.26,16.32,0
"Which professional MLS soccer team, Orlando or Vancouver, will win the game scheduled for Aug 30, 2025 (result determined after 90 minutes plus stoppage time; excludes extra time and penalty shootouts)?",Vancouver,sports,0.245,16.32,1
"Will the film ""Sarah's Oil"" have a Rotten Tomatoes Tomatometer score above 40% at 10:00 AM ET on Nov 10, 2025?",Above 40,culture,0.88,206.89,1
"Will the film ""Sarah's Oil"" have a Rotten Tomatoes Tomatometer score above 40% at 10:00 AM ET on Nov 10, 2025?",Above 45,culture,0.85,206.89,1
"Will the film ""Sarah's Oil"" have a Rotten Tomatoes Tomatometer score above 40% at 10:00 AM ET on Nov 10, 2025?",Above 50,culture,0.72,206.89,1
"Will the film ""Sarah's Oil"" have a Rotten Tomatoes Tomatometer score above 40% at 10:00 AM ET on Nov 10, 2025?",Above 55,culture,0.5,206.89,1
"Will the film ""Sarah's Oil"" have a Rotten Tomatoes Tomatometer score above 40% at 10:00 AM ET on Nov 10, 2025?",Above 60,culture,0.595,206.89,1
"Will the film ""Sarah's Oil"" have a Rotten Tomatoes Tomatometer score above 40% at 10:00 AM ET on Nov 10, 2025?",Above 65,culture,0.465,206.89,1
"Will the film ""Sarah's Oil"" have a Rotten Tomatoes Tomatometer score above 40% at 10:00 AM ET on Nov 10, 2025?",Above 75,culture,0.405,206.89,1
"Will the film ""Sarah's Oil"" have a Rotten Tomatoes Tomatometer score above 40% at 10:00 AM ET on Nov 10, 2025?",Above 90,culture,0.13,206.89,0
"How many album sales will 'The Life of a Showgirl' have on the Hits Daily Double Top 50 chart dated Oct 17, 2025?","At least 1,000,000 albums",culture,0.005,49.84,0
"How many album sales will 'The Life of a Showgirl' have on the Hits Daily Double Top 50 chart dated Oct 17, 2025?","At least 100,000 albums",culture,0.895,49.84,1
"How many album sales will 'The Life of a Showgirl' have on the Hits Daily Double Top 50 chart dated Oct 17, 2025?","At least 125,000 albums",culture,0.215,49.84,0
"How many album sales will 'The Life of a Showgirl' have on the Hits Daily Double Top 50 chart dated Oct 17, 2025?","At least 150,000 albums",culture,0.055,49.84,0
"How many album sales will 'The Life of a Showgirl' have on the Hits Daily Double Top 50 chart dated Oct 17, 2025?","At least 175,000 albums",culture,0.025,49.84,0
"How many album sales will 'The Life of a Showgirl' have on the Hits Daily Double Top 50 chart dated Oct 17, 2025?","At least 200,000 albums",culture,0.02,49.84,0
"How many album sales will 'The Life of a Showgirl' have on the Hits Daily Double Top 50 chart dated Oct 17, 2025?","At least 250,000 albums",culture,0.015,49.84,0
"How many album sales will 'The Life of a Showgirl' have on the Hits Daily Double Top 50 chart dated Oct 17, 2025?","At least 300,000 albums",culture,0.015,49.84,0
"How many album sales will 'The Life of a Showgirl' have on the Hits Daily Double Top 50 chart dated Oct 17, 2025?","At least 400,000 albums",culture,0.015,49.84,0
"How many album sales will 'The Life of a Showgirl' have on the Hits Daily Double Top 50 chart dated Oct 17, 2025?","At least 500,000 albums",culture,0.01,49.84,0
"How many album sales will 'The Life of a Showgirl' have on the Hits Daily Double Top 50 chart dated Oct 17, 2025?","At least 600,000 albums",culture,0.01,49.84,0
"How many album sales will 'The Life of a Showgirl' have on the Hits Daily Double Top 50 chart dated Oct 17, 2025?","At least 700,000 albums",culture,0.005,49.84,0
"How many album sales will 'The Life of a Showgirl' have on the Hits Daily Double Top 50 chart dated Oct 17, 2025?","At least 800,000 albums",culture,0.005,49.84,0
"How many album sales will 'The Life of a Showgirl' have on the Hits Daily Double Top 50 chart dated Oct 17, 2025?","At least 900,000 albums",culture,0.005,49.84,0
"Will Greta Thunberg be arrested before Oct 1, 2025?",Yes,politics,0.035,21.39,0
"Which college football team, Kansas St. or UCF, will win the game scheduled for Sep 27, 2025?",Kansas St.,sports,0.665,115.41,1
"Which college football team, Kansas St. or UCF, will win the game scheduled for Sep 27, 2025?",UCF,sports,0.335,115.41,0
"Will any representative of The Coca-Cola Company say ""China"" during The Coca-Cola Company's next earnings call (including the Q&A)?",Acquisition,finance,0.4,285.89,0
"Will any representative of The Coca-Cola Company say ""China"" during The Coca-Cola Company's next earnings call (including the Q&A)?",Cane Sugar,finance,0.765,285.89,0
"Will any representative of The Coca-Cola Company say ""China"" during The Coca-Cola Company's next earnings call (including the Q&A)?",China,finance,0.845,285.89,1
"Will any representative of The Coca-Cola Company say ""China"" during The Coca-Cola Company's next earnings call (including the Q&A)?",Dividend,finance,0.745,285.89,0
"Will any representative of The Coca-Cola Company say ""China"" during The Coca-Cola Company's next earnings call (including the Q&A)?",Influencer,finance,0.795,285.89,0
"Will any representative of The Coca-Cola Company say ""China"" during The Coca-Cola Company's next earnings call (including the Q&A)?",International,finance,0.585,285.89,1
"Will any representative of The Coca-Cola Company say ""China"" during The Coca-Cola Company's next earnings call (including the Q&A)?",Prebiotic,finance,0.605,285.89,0
"Will any representative of The Coca-Cola Company say ""China"" during The Coca-Cola Company's next earnings call (including the Q&A)?",Retro,finance,0.55,285.89,1
"Will any representative of The Coca-Cola Company say ""China"" during The Coca-Cola Company's next earnings call (including the Q&A)?",Supply Chain,finance,0.55,285.89,1
"Will any representative of The Coca-Cola Company say ""China"" during The Coca-Cola Company's next earnings call (including the Q&A)?",Tariff,finance,0.85,285.89,0
"Which college football team, Ball St. or Kent St., will win the game scheduled for Nov 5, 2025?",Ball St.,sports,0.55,74.65,1
"Which college football team, Ball St. or Kent St., will win the game scheduled for Nov 5, 2025?",Kent St.,sports,0.445,74.65,0
"Will Lord Miles complete a continuous 40-day fast in the desert before Oct 1, 2025?","Before Oct 1, 2025",other,0.275,145.88,0
"Which college football team, Colorado St. or Fresno St., will win the game scheduled for Oct 10, 2025?",Colorado St.,sports,0.315,8.14,1
"Which college football team, Colorado St. or Fresno St., will win the game scheduled for Oct 10, 2025?",Fresno St.,sports,0.685,8.14,0
"Will the total precipitation measured at Central Park, New York City in September 2025 be strictly greater than 1 inch?",Above 1 inches,science_tech,0.995,579.82,1
"Will the total precipitation measured at Central Park, New York City in September 2025 be strictly greater than 1 inch?",Above 2 inches,science_tech,0.885,579.82,1
"Will the total precipitation measured at Central Park, New York City in September 2025 be strictly greater than 1 inch?",Above 3 inches,science_tech,0.455,579.82,0
"Will the total precipitation measured at Central Park, New York City in September 2025 be strictly greater than 1 inch?",Above 4 inches,science_tech,0.375,579.82,0
"Which college football team, Oregon St. or Washington St., will win the game scheduled for Nov 1, 2025?",Oregon St.,sports,0.36,146.43,1
"Which college football team, Oregon St. or Washington St., will win the game scheduled for Nov 1, 2025?",Washington St.,sports,0.635,146.43,0
"Which college football team, New Mexico or Idaho St., will win the game scheduled for Sep 6, 2025?",Idaho St.,sports,0.245,141.98,0
"Which college football team, New Mexico or Idaho St., will win the game scheduled for Sep 6, 2025?",New Mexico,sports,0.755,141.98,1
"Which college football team, Colorado or Arizona, will win the Arizona at Colorado game scheduled for Nov 1, 2025?",Arizona,sports,0.545,168.48,1
"Which college football team, Colorado or Arizona, will win the Arizona at Colorado game scheduled for Nov 1, 2025?",Colorado,sports,0.47,168.48,0
"Which professional UEFA Champions League (UCL) soccer team, Pafos or Bayern Munich, will win the match scheduled for Sep 30, 2025 after 90 minutes plus stoppage time (does not include extra time or penalties)?",Bayern Munich,sports,0.845,260.81,1
"Which professional UEFA Champions League (UCL) soccer team, Pafos or Bayern Munich, will win the match scheduled for Sep 30, 2025 after 90 minutes plus stoppage time (does not include extra time or penalties)?",Pafos,sports,0.045,260.81,0
"Which professional UEFA Champions League (UCL) soccer team, Pafos or Bayern Munich, will win the match scheduled for Sep 30, 2025 after 90 minutes plus stoppage time (does not include extra time or penalties)?",Tie,sports,0.11,260.81,0
"Which professional football team, Detroit or Tampa Bay, will win the game scheduled for Oct 20, 2025, in Detroit?",Detroit,sports,0.465,288.46,1
"Which professional football team, Detroit or Tampa Bay, will win the game scheduled for Oct 20, 2025, in Detroit?",Tampa Bay,sports,0.33,288.46,0
"Which college football team, Central Michigan or Wagner, will win the game scheduled for Sep 20, 2025?",Central Michigan,sports,0.915,140.01,1
"Which college football team, Central Michigan or Wagner, will win the game scheduled for Sep 20, 2025?",Wagner,sports,0.05,140.01,0
"Which college football team, Louisiana-Monroe or Troy, will win the game at Louisiana-Monroe scheduled for Oct 18, 2025?",Louisiana-Monroe,sports,0.34,141.19,0
"Which college football team, Louisiana-Monroe or Troy, will win the game at Louisiana-Monroe scheduled for Oct 18, 2025?",Troy,sports,0.665,141.19,1
"Which professional tennis player, Wakana Sonobe or Sofia Kenin, will win the Sonobe vs Kenin match in the 2025 WTA Tokyo round of 16 (after at least one ball has been played)?",Sofia Kenin,sports,0.735,8.28,1
"Which professional tennis player, Wakana Sonobe or Sofia Kenin, will win the Sonobe vs Kenin match in the 2025 WTA Tokyo round of 16 (after at least one ball has been played)?",Wakana Sonobe,sports,0.275,8.28,0
"Which college football team, Bowling Green or Toledo, will win the game scheduled for Oct 11, 2025?",Bowling Green,sports,0.235,17.9,1
"Which college football team, Bowling Green or Toledo, will win the game scheduled for Oct 11, 2025?",Toledo,sports,0.765,17.9,0
"Which college football team, Stanford or San Jose St., will win the San Jose St. at Stanford game scheduled for Sep 27, 2025?",San Jose St.,sports,0.44,100.05,0
"Which college football team, Stanford or San Jose St., will win the San Jose St. at Stanford game scheduled for Sep 27, 2025?",Stanford,sports,0.56,100.05,1
"Which player, Juan Pablo Ficovich or Aleksandar Kovacevic, will advance past the quarterfinal in the 2025 ATP Los Cabos professional tennis tournament?",Aleksandar Kovacevic,sports,0.365,19.48,1
"Which player, Juan Pablo Ficovich or Aleksandar Kovacevic, will advance past the quarterfinal in the 2025 ATP Los Cabos professional tennis tournament?",Juan Pablo Ficovich,sports,0.185,19.48,0
"Which college football team, South Carolina or Kentucky, will win the game scheduled for Sep 27, 2025 at South Carolina?",Kentucky,sports,0.345,7.3,0
"Which college football team, South Carolina or Kentucky, will win the game scheduled for Sep 27, 2025 at South Carolina?",South Carolina,sports,0.655,7.3,1
"Which college football team, Boise St. or Fresno St., will win the game scheduled for Nov 1, 2025?",Boise St.,sports,0.885,45.25,0
"Which college football team, Boise St. or Fresno St., will win the game scheduled for Nov 1, 2025?",Fresno St.,sports,0.125,45.25,1
"Will the first federal budget reconciliation bill that becomes law before Jan 1, 2027 cut at least $400 billion from Medicaid?",At least $400 billion,politics,0.845,244.7,1
"Will the first federal budget reconciliation bill that becomes law before Jan 1, 2027 cut at least $400 billion from Medicaid?",At least $500 billion,politics,0.85,244.7,1
"Will the first federal budget reconciliation bill that becomes law before Jan 1, 2027 cut at least $400 billion from Medicaid?",At least $600 billion,politics,0.765,244.7,1
"Will the first federal budget reconciliation bill that becomes law before Jan 1, 2027 cut at least $400 billion from Medicaid?",At least $700 billion,politics,0.325,244.7,1
"Will the first federal budget reconciliation bill that becomes law before Jan 1, 2027 cut at least $400 billion from Medicaid?",At least $800 billion,politics,0.205,244.7,1
"Which artist will have the most monthly Spotify listeners worldwide on Spotify at 12:00 PM ET on Sep 30, 2025?",Bad Bunny,culture,0.04,331.8,0
"Which artist will have the most monthly Spotify listeners worldwide on Spotify at 12:00 PM ET on Sep 30, 2025?",Billie Eilish,culture,0.03,331.8,0
"Which artist will have the most monthly Spotify listeners worldwide on Spotify at 12:00 PM ET on Sep 30, 2025?",Bruno Mars,culture,0.07,331.8,0
"Which artist will have the most monthly Spotify listeners worldwide on Spotify at 12:00 PM ET on Sep 30, 2025?",Coldplay,culture,0.03,331.8,0
"Which artist will have the most monthly Spotify listeners worldwide on Spotify at 12:00 PM ET on Sep 30, 2025?",Drake,culture,0.03,331.8,0
"Which artist will have the most monthly Spotify listeners worldwide on Spotify at 12:00 PM ET on Sep 30, 2025?",Ed Sheeran,culture,0.025,331.8,0
"Which artist will have the most monthly Spotify listeners worldwide on Spotify at 12:00 PM ET on Sep 30, 2025?",Kendrick Lamar,culture,0.03,331.8,0
"Which artist will have the most monthly Spotify listeners worldwide on Spotify at 12:00 PM ET on Sep 30, 2025?",Lady Gaga,culture,0.03,331.8,0
"Which artist will have the most monthly Spotify listeners worldwide on Spotify at 12:00 PM ET on Sep 30, 2025?",Rihanna,culture,0.03,331.8,0
"Which artist will have the most monthly Spotify listeners worldwide on Spotify at 12:00 PM ET on Sep 30, 2025?",Taylor Swift,culture,0.04,331.8,0
"Which artist will have the most monthly Spotify listeners worldwide on Spotify at 12:00 PM ET on Sep 30, 2025?",The Weeknd,culture,0.915,331.8,1
"Which professional football team, Chicago or New York G, will win the game scheduled for Nov 9, 2025?",Chicago,sports,0.605,211.56,1
"Which professional football team, Chicago or New York G, will win the game scheduled for Nov 9, 2025?",New York G,sports,0.395,211.56,0
"Which college football team, Oklahoma St. or Baylor, will win the game scheduled for Sep 27, 2025 (Baylor at Oklahoma St.)?",Baylor,sports,0.915,26.14,1
"Which college football team, Oklahoma St. or Baylor, will win the game scheduled for Sep 27, 2025 (Baylor at Oklahoma St.)?",Oklahoma St.,sports,0.085,26.14,0
"Which college football team, Buffalo or UConn, will win the UConn at Buffalo game scheduled for Sep 27, 2025?",Buffalo,sports,0.395,6.98,0
"Which college football team, Buffalo or UConn, will win the UConn at Buffalo game scheduled for Sep 27, 2025?",UConn,sports,0.605,6.98,1
"Will U.S. President Donald Trump sign one or more Executive Orders between Oct 19, 2025 and Oct 25, 2025 (inclusive)?",Above 0,politics,0.095,24.42,0
PPA Tour Sacramento Vintage Open - Men's Singles Winner?,Federico Staksrud,sports,0.735,66.67,1
PPA Tour Sacramento Vintage Open - Men's Singles Winner?,Gabe Joseph,sports,0.295,66.67,0
Hurricane Jerry category?,Category 1 or above,science_tech,0.895,261.94,0
Hurricane Jerry category?,Category 2 or above,science_tech,0.755,261.94,0
Hurricane Jerry category?,Category 3 or above,science_tech,0.725,261.94,0
"Which professional baseball team, Minnesota or Seattle, will win the game scheduled for Jun 26, 2025?",Minnesota,sports,0.555,7.21,1
"Which professional baseball team, Minnesota or Seattle, will win the game scheduled for Jun 26, 2025?",Seattle,sports,0.455,7.21,0
Which player will be named the League of Legends World Championship (Worlds) MVP for the 2025 season?,369,sports,0.485,210.93,0
Which player will be named the League of Legends World Championship (Worlds) MVP for the 2025 season?,Bdd,sports,0.485,210.93,0
Which player will be named the League of Legends World Championship (Worlds) MVP for the 2025 season?,Canyon,sports,0.485,210.93,0
Which player will be named the League of Legends World Championship (Worlds) MVP for the 2025 season?,Chovy,sports,0.395,210.93,0
Which player will be named the League of Legends World Championship (Worlds) MVP for the 2025 season?,Creme,sports,0.485,210.93,0
Which player will be named the League of Legends World Championship (Worlds) MVP for the 2025 season?,Cuzz,sports,0.485,210.93,0
Which player will be named the League of Legends World Championship (Worlds) MVP for the 2025 season?,Deokdam,sports,0.255,210.93,0
Which player will be named the League of Legends World Championship (Worlds) MVP for the 2025 season?,Duro,sports,0.485,210.93,0
Which player will be named the League of Legends World Championship (Worlds) MVP for the 2025 season?,Hang,sports,0.485,210.93,0
Which player will be named the League of Legends World Championship (Worlds) MVP for the 2025 season?,JackeyLove,sports,0.485,210.93,0
Which player will be named the League of Legends World Championship (Worlds) MVP for the 2025 season?,Kanavi,sports,0.485,210.93,0
Which player will be named the League of Legends World Championship (Worlds) MVP for the 2025 season?,Kiin,sports,0.48,210.93,0
Which player will be named the League of Legends World Championship (Worlds) MVP for the 2025 season?,Other,sports,0.355,210.93,1
Which player will be named the League of Legends World Championship (Worlds) MVP for the 2025 season?,PerfecT,sports,0.485,210.93,0
Which player will be named the League of Legends World Championship (Worlds) MVP for the 2025 season?,Peter,sports,0.485,210.93,0
Which player will be named the League of Legends World Championship (Worlds) MVP for the 2025 season?,Ruler,sports,0.48,210.93,0
Which political party will win a plurality of seats in the Netherlands' general election scheduled for 2025?,BBB,other,0.005,291.3,0
Which political party will win a plurality of seats in the Netherlands' general election scheduled for 2025?,CDA,other,0.025,291.3,0
Which political party will win a plurality of seats in the Netherlands' general election scheduled for 2025?,CU,other,0.005,291.3,0
Which political party will win a plurality of seats in the Netherlands' general election scheduled for 2025?,D66,other,0.34,291.3,0
Which political party will win a plurality of seats in the Netherlands' general election scheduled for 2025?,Denk,other,0.005,291.3,0
Which political party will win a plurality of seats in the Netherlands' general election scheduled for 2025?,FvD,other,0.005,291.3,0
Which political party will win a plurality of seats in the Netherlands' general election scheduled for 2025?,GL/PvDA,other,0.15,291.3,0
Which political party will win a plurality of seats in the Netherlands' general election scheduled for 2025?,JA21,other,0.005,291.3,0
Which political party will win a plurality of seats in the Netherlands' general election scheduled for 2025?,NSC,other,0.005,291.3,0
Which political party will win a plurality of seats in the Netherlands' general election scheduled for 2025?,PVV,other,0.445,291.3,0
Which political party will win a plurality of seats in the Netherlands' general election scheduled for 2025?,PvdD,other,0.005,291.3,0
Which political party will win a plurality of seats in the Netherlands' general election scheduled for 2025?,SGP,other,0.005,291.3,0
Which political party will win a plurality of seats in the Netherlands' general election scheduled for 2025?,SP,other,0.005,291.3,0
Which political party will win a plurality of seats in the Netherlands' general election scheduled for 2025?,VVD,other,0.055,291.3,0
Which political party will win a plurality of seats in the Netherlands' general election scheduled for 2025?,Volt,other,0.005,291.3,0
"Which professional tennis player, Aryna Sabalenka or Marketa Vondrousova, will win the Sabalenka vs Vondrousova match in the 2025 US Open Women's Singles quarterfinal?",Aryna Sabalenka,sports,0.725,15.9,0
"Which professional tennis player, Aryna Sabalenka or Marketa Vondrousova, will win the Sabalenka vs Vondrousova match in the 2025 US Open Women's Singles quarterfinal?",Marketa Vondrousova,sports,0.265,15.9,0
"Which professional EPL soccer team, Chelsea or Wolverhampton, will win the game scheduled for Nov 8, 2025 after 90 minutes plus stoppage time (excluding extra time and penalties)?",Chelsea,sports,0.72,283.04,1
"Which professional EPL soccer team, Chelsea or Wolverhampton, will win the game scheduled for Nov 8, 2025 after 90 minutes plus stoppage time (excluding extra time and penalties)?",Tie,sports,0.18,283.04,0
"Which professional EPL soccer team, Chelsea or Wolverhampton, will win the game scheduled for Nov 8, 2025 after 90 minutes plus stoppage time (excluding extra time and penalties)?",Wolverhampton,sports,0.11,283.04,0
"Which professional baseball team, Los Angeles D or Toronto, will win Game 6 of their matchup scheduled for Oct 31, 2025?",Los Angeles D,sports,0.575,25.13,1
"Which professional baseball team, Los Angeles D or Toronto, will win Game 6 of their matchup scheduled for Oct 31, 2025?",Toronto,sports,0.435,25.13,0
"Which professional football team, New York J or Carolina, will win the game scheduled for Oct 19, 2025?",Carolina,sports,0.435,258.27,1
"Which professional football team, New York J or Carolina, will win the game scheduled for Oct 19, 2025?",New York J,sports,0.565,258.27,0
What will Rafael Nadal say during the America Business Forum?,Health / Healthy,other,0.51,252.37,0
What will Rafael Nadal say during the America Business Forum?,Injury,other,0.545,252.37,0
What will Rafael Nadal say during the America Business Forum?,Innovation,other,0.4,252.37,0
What will Rafael Nadal say during the America Business Forum?,Olympic,other,0.345,252.37,0
What will Rafael Nadal say during the America Business Forum?,Padel,other,0.1,252.37,0
What will Rafael Nadal say during the America Business Forum?,Rafa Nadal Academy,other,0.2,252.37,0
What will Rafael Nadal say during the America Business Forum?,Real Estate,other,0.34,252.37,0
What will Rafael Nadal say during the America Business Forum?,Retire/ Retired / Retirement,other,0.415,252.37,0
What will Rafael Nadal say during the America Business Forum?,Rival / Rivalry,other,0.61,252.37,0
What will Rafael Nadal say during the America Business Forum?,US Open,other,0.605,252.37,0
What will Rafael Nadal say during the America Business Forum?,Venture,other,0.3,252.37,0
What will Rafael Nadal say during the America Business Forum?,Zel / Hotel,other,0.52,252.37,0
"Will the President sign any Executive Orders between Sep 8, 2025 and Sep 15, 2025?",Above 0,politics,0.44,12.38,0
"Which college football team, North Carolina St. or Campbell, will win the game scheduled for Oct 4, 2025 at North Carolina St.?",Campbell,sports,0.015,17.66,0
"Which college football team, North Carolina St. or Campbell, will win the game scheduled for Oct 4, 2025 at North Carolina St.?",North Carolina St.,sports,0.985,17.66,1
"Which college football team, Rutgers or Maryland, will win the game scheduled for Nov 8, 2025?",Maryland,sports,0.455,46.87,0
"Which college football team, Rutgers or Maryland, will win the game scheduled for Nov 8, 2025?",Rutgers,sports,0.54,46.87,1
"Will any representative of The Procter & Gamble Company (including the operator) say the word ""Tariff"" during The Procter & Gamble Company's next earnings call (including the Q&A)?",Advertising,finance,0.775,497.19,0
"Will any representative of The Procter & Gamble Company (including the operator) say the word ""Tariff"" during The Procter & Gamble Company's next earnings call (including the Q&A)?",Beauty,finance,0.675,497.19,0
"Will any representative of The Procter & Gamble Company (including the operator) say the word ""Tariff"" during The Procter & Gamble Company's next earnings call (including the Q&A)?",Competition,finance,0.36,497.19,0
"Will any representative of The Procter & Gamble Company (including the operator) say the word ""Tariff"" during The Procter & Gamble Company's next earnings call (including the Q&A)?",Dividend,finance,0.91,497.19,1
"Will any representative of The Procter & Gamble Company (including the operator) say the word ""Tariff"" during The Procter & Gamble Company's next earnings call (including the Q&A)?",E-commerce,finance,0.42,497.19,0
"Will any representative of The Procter & Gamble Company (including the operator) say the word ""Tariff"" during The Procter & Gamble Company's next earnings call (including the Q&A)?",Inflation,finance,0.775,497.19,0
"Will any representative of The Procter & Gamble Company (including the operator) say the word ""Tariff"" during The Procter & Gamble Company's next earnings call (including the Q&A)?",Laundry,finance,0.885,497.19,1
"Will any representative of The Procter & Gamble Company (including the operator) say the word ""Tariff"" during The Procter & Gamble Company's next earnings call (including the Q&A)?",Mason Campus,finance,0.295,497.19,0
"Will any representative of The Procter & Gamble Company (including the operator) say the word ""Tariff"" during The Procter & Gamble Company's next earnings call (including the Q&A)?",Revenue,finance,0.385,497.19,0
"Will any representative of The Procter & Gamble Company (including the operator) say the word ""Tariff"" during The Procter & Gamble Company's next earnings call (including the Q&A)?",Tariff,finance,0.915,497.19,1
"Will any representative of The Procter & Gamble Company (including the operator) say the word ""Tariff"" during The Procter & Gamble Company's next earnings call (including the Q&A)?",Toothpaste,finance,0.28,497.19,0
"Will any representative of The Procter & Gamble Company (including the operator) say the word ""Tariff"" during The Procter & Gamble Company's next earnings call (including the Q&A)?",Trade,finance,0.9,497.19,1
"Will Eric Adams drop out of the 2025 New York City mayoral election before Sep 20, 2025?","Before Oct 1, 2025",politics,0.6,258.34,1
"Will Eric Adams drop out of the 2025 New York City mayoral election before Sep 20, 2025?","Before Oct 15, 2025",politics,0.5,258.34,1
"Will Eric Adams drop out of the 2025 New York City mayoral election before Sep 20, 2025?","Before Sep 20, 2025",politics,0.105,258.34,0
"Which college football team, Boston College or California, will win the game scheduled for Sep 27, 2025, between California and Boston College at Boston College?",Boston College,sports,0.66,142.95,0
"Which college football team, Boston College or California, will win the game scheduled for Sep 27, 2025, between California and Boston College at Boston College?",California,sports,0.33,142.95,1
"Will Charles Barkley say ""San Antonio"" during the NBA Tip-Off broadcast on October 29th?",Final,other,0.06,13.6,0
"Will Charles Barkley say ""San Antonio"" during the NBA Tip-Off broadcast on October 29th?",Gamble / Gambling,other,0.245,13.6,0
"Will Charles Barkley say ""San Antonio"" during the NBA Tip-Off broadcast on October 29th?",Haliburton,other,0.075,13.6,0
"Will Charles Barkley say ""San Antonio"" during the NBA Tip-Off broadcast on October 29th?",Lebron,other,0.995,13.6,1
"Will Charles Barkley say ""San Antonio"" during the NBA Tip-Off broadcast on October 29th?",MVP,other,0.13,13.6,0
"Will Charles Barkley say ""San Antonio"" during the NBA Tip-Off broadcast on October 29th?",Nuggets,other,0.21,13.6,0
"Will Charles Barkley say ""San Antonio"" during the NBA Tip-Off broadcast on October 29th?",Playoff,other,0.255,13.6,0
"Will Charles Barkley say ""San Antonio"" during the NBA Tip-Off broadcast on October 29th?",Ring,other,0.26,13.6,0
"Will Charles Barkley say ""San Antonio"" during the NBA Tip-Off broadcast on October 29th?",Rozier,other,0.105,13.6,0
"Will Charles Barkley say ""San Antonio"" during the NBA Tip-Off broadcast on October 29th?",San Antonio,other,0.175,13.6,0
"Will Charles Barkley say ""San Antonio"" during the NBA Tip-Off broadcast on October 29th?",Steph,other,0.1,13.6,0
"Will Charles Barkley say ""San Antonio"" during the NBA Tip-Off broadcast on October 29th?",Tatum,other,0.995,13.6,1
"Will Charles Barkley say ""San Antonio"" during the NBA Tip-Off broadcast on October 29th?",Trade,other,0.58,13.6,1
"Which professional basketball team, Milwaukee or Washington, will win the game scheduled for Oct 22, 2025?",Milwaukee,sports,0.795,21.92,1
"Which professional basketball team, Milwaukee or Washington, will win the game scheduled for Oct 22, 2025?",Washington,sports,0.21,21.92,0
"Which professional baseball team, Toronto or Seattle, will win Game 3 of the Toronto vs Seattle game scheduled for Oct 15, 2025?",Seattle,sports,0.555,26.51,0
"Which professional baseball team, Toronto or Seattle, will win Game 3 of the Toronto vs Seattle game scheduled for Oct 15, 2025?",Toronto,sports,0.445,26.51,1
"Which team, Indiana or Las Vegas, will win the Indiana vs Las Vegas series in the 2025 women's professional basketball playoffs?",Indiana,sports,0.24,16.38,0
"Which team, Indiana or Las Vegas, will win the Indiana vs Las Vegas series in the 2025 women's professional basketball playoffs?",Las Vegas,sports,0.785,16.38,1
"Which participant(s) — Andy Richter, Dylan Efron, Robert Irwin, Danielle Fishel, Elaine Hendrix, Jordan Chiles, Whitney Leavitt, or Alix Earle — will be officially eliminated from Dancing with the Stars Season 34 Episode 8?",Alix Earle,sports,0.445,50.87,0
"Which participant(s) — Andy Richter, Dylan Efron, Robert Irwin, Danielle Fishel, Elaine Hendrix, Jordan Chiles, Whitney Leavitt, or Alix Earle — will be officially eliminated from Dancing with the Stars Season 34 Episode 8?",Andy Richter,sports,0.37,50.87,0
"Which participant(s) — Andy Richter, Dylan Efron, Robert Irwin, Danielle Fishel, Elaine Hendrix, Jordan Chiles, Whitney Leavitt, or Alix Earle — will be officially eliminated from Dancing with the Stars Season 34 Episode 8?",Danielle Fishel,sports,0.545,50.87,1
"Which participant(s) — Andy Richter, Dylan Efron, Robert Irwin, Danielle Fishel, Elaine Hendrix, Jordan Chiles, Whitney Leavitt, or Alix Earle — will be officially eliminated from Dancing with the Stars Season 34 Episode 8?",Dylan Efron,sports,0.445,50.87,0
"Which participant(s) — Andy Richter, Dylan Efron, Robert Irwin, Danielle Fishel, Elaine Hendrix, Jordan Chiles, Whitney Leavitt, or Alix Earle — will be officially eliminated from Dancing with the Stars Season 34 Episode 8?",Elaine Hendrix,sports,0.605,50.87,0
"Which participant(s) — Andy Richter, Dylan Efron, Robert Irwin, Danielle Fishel, Elaine Hendrix, Jordan Chiles, Whitney Leavitt, or Alix Earle — will be officially eliminated from Dancing with the Stars Season 34 Episode 8?",Jordan Chiles,sports,0.445,50.87,0
"Which participant(s) — Andy Richter, Dylan Efron, Robert Irwin, Danielle Fishel, Elaine Hendrix, Jordan Chiles, Whitney Leavitt, or Alix Earle — will be officially eliminated from Dancing with the Stars Season 34 Episode 8?",Robert Irwin,sports,0.035,50.87,0
"Which participant(s) — Andy Richter, Dylan Efron, Robert Irwin, Danielle Fishel, Elaine Hendrix, Jordan Chiles, Whitney Leavitt, or Alix Earle — will be officially eliminated from Dancing with the Stars Season 34 Episode 8?",Whitney Leavitt,sports,0.445,50.87,0
"Which college football team, Auburn or South Alabama, will win the game scheduled for Sep 13, 2025, at Auburn?",Auburn,sports,0.945,115.47,1
"Which college football team, Auburn or South Alabama, will win the game scheduled for Sep 13, 2025, at Auburn?",South Alabama,sports,0.06,115.47,0
"What will Borderlands 4's Metascore on Metacritic be seven days after the game's release, measured at 10:00 AM ET?",70 or greater,culture,0.965,198.81,1
"What will Borderlands 4's Metascore on Metacritic be seven days after the game's release, measured at 10:00 AM ET?",75 or greater,culture,0.895,198.81,1
"What will Borderlands 4's Metascore on Metacritic be seven days after the game's release, measured at 10:00 AM ET?",80 or greater,culture,0.67,198.81,1
"What will Borderlands 4's Metascore on Metacritic be seven days after the game's release, measured at 10:00 AM ET?",85 or greater,culture,0.425,198.81,0
"What will Borderlands 4's Metascore on Metacritic be seven days after the game's release, measured at 10:00 AM ET?",90 or greater,culture,0.155,198.81,0
"Which professional baseball team, Chicago WS or St. Louis, will win the game scheduled for Jun 18, 2025?",Chicago WS,sports,0.39,12.75,0
"Which professional baseball team, Chicago WS or St. Louis, will win the game scheduled for Jun 18, 2025?",St. Louis,sports,0.6,12.75,1
"Which professional baseball team, Detroit or Pittsburgh, will win the game scheduled for Jun 17, 2025?",Detroit,sports,0.64,13.12,1
"Which professional baseball team, Detroit or Pittsburgh, will win the game scheduled for Jun 17, 2025?",Pittsburgh,sports,0.355,13.12,0
"Which college football team, Arkansas St. or Southern Miss, will win the game scheduled for Nov 8, 2025?",Arkansas St.,sports,0.325,140.17,0
"Which college football team, Arkansas St. or Southern Miss, will win the game scheduled for Nov 8, 2025?",Southern Miss,sports,0.675,140.17,1
"Which professional MMA fighter, Magomed Ankalaev or Alex Pereira, will win the Ankalaev vs Pereira fight scheduled for Oct 4, 2025 (UFC 320)?",Alex Pereira,sports,0.305,26.88,1
"Which professional MMA fighter, Magomed Ankalaev or Alex Pereira, will win the Ankalaev vs Pereira fight scheduled for Oct 4, 2025 (UFC 320)?",Magomed Ankalaev,sports,0.695,26.88,0
"Which professional football team, Dallas or Washington, will win the Washington at Dallas game scheduled for Oct 19, 2025?",Dallas,sports,0.435,261.34,1
"Which professional football team, Dallas or Washington, will win the Washington at Dallas game scheduled for Oct 19, 2025?",Washington,sports,0.565,261.34,0
"Which professional EPL soccer team, Leeds United or Tottenham, will win the game scheduled for Oct 4, 2025 after 90 minutes plus stoppage time (does not include extra time or penalties)?",Leeds United,sports,0.34,302.15,0
"Which professional EPL soccer team, Leeds United or Tottenham, will win the game scheduled for Oct 4, 2025 after 90 minutes plus stoppage time (does not include extra time or penalties)?",Tie,sports,0.28,302.15,0
"Which professional EPL soccer team, Leeds United or Tottenham, will win the game scheduled for Oct 4, 2025 after 90 minutes plus stoppage time (does not include extra time or penalties)?",Tottenham,sports,0.375,302.15,1
"Will U.S. President Donald Trump sign at least one executive order between Oct 12, 2025 and Oct 19, 2025?",Above 0,politics,0.435,110.46,1
"Which professional tennis player, Karolina Muchova or Naomi Osaka, will win the 2025 US Open Women's Singles quarterfinal match (market resolves only if the match has started — after a ball has been played)?",Karolina Muchova,sports,0.295,25.34,0
"Which professional tennis player, Karolina Muchova or Naomi Osaka, will win the 2025 US Open Women's Singles quarterfinal match (market resolves only if the match has started — after a ball has been played)?",Naomi Osaka,sports,0.7,25.34,1
"Which professional English Premier League team, Everton or Fulham, will win the match scheduled for Nov 8, 2025 (result after 90 minutes plus stoppage time; excludes extra time and penalties)?",Everton,sports,0.45,280.8,1
"Which professional English Premier League team, Everton or Fulham, will win the match scheduled for Nov 8, 2025 (result after 90 minutes plus stoppage time; excludes extra time and penalties)?",Fulham,sports,0.28,280.8,0
"Which professional English Premier League team, Everton or Fulham, will win the match scheduled for Nov 8, 2025 (result after 90 minutes plus stoppage time; excludes extra time and penalties)?",Tie,sports,0.27,280.8,0
"Which college football team, Washington or Rutgers, will win the Rutgers at Washington game scheduled for Oct 10, 2025?",Rutgers,sports,0.22,30.89,0
"Which college football team, Washington or Rutgers, will win the Rutgers at Washington game scheduled for Oct 10, 2025?",Washington,sports,0.78,30.89,1
Hurricane Jerry category?,Category 1 or above,science_tech,0.895,259.81,0
Hurricane Jerry category?,Category 2 or above,science_tech,0.75,259.81,0
Hurricane Jerry category?,Category 3 or above,science_tech,0.715,259.81,0
"Which of the following people — Ursula von der Leyen, Benjamin Netanyahu, Volodymyr Zelenskyy, Vladimir Putin, Narendra Modi, or Xi Jinping — will President Donald Trump meet with between June 1, 2025 and July 1, 2025?",Benjamin Netanyahu,politics,0.33,347.33,0
"Which of the following people — Ursula von der Leyen, Benjamin Netanyahu, Volodymyr Zelenskyy, Vladimir Putin, Narendra Modi, or Xi Jinping — will President Donald Trump meet with between June 1, 2025 and July 1, 2025?",Narendra Modi,politics,0.26,347.33,0
"Which of the following people — Ursula von der Leyen, Benjamin Netanyahu, Volodymyr Zelenskyy, Vladimir Putin, Narendra Modi, or Xi Jinping — will President Donald Trump meet with between June 1, 2025 and July 1, 2025?",Ursula von der Leyen,politics,0.985,347.33,1
"Which of the following people — Ursula von der Leyen, Benjamin Netanyahu, Volodymyr Zelenskyy, Vladimir Putin, Narendra Modi, or Xi Jinping — will President Donald Trump meet with between June 1, 2025 and July 1, 2025?",Vladimir Putin,politics,0.04,347.33,0
"Which of the following people — Ursula von der Leyen, Benjamin Netanyahu, Volodymyr Zelenskyy, Vladimir Putin, Narendra Modi, or Xi Jinping — will President Donald Trump meet with between June 1, 2025 and July 1, 2025?",Volodymyr Zelenskyy,politics,0.345,347.33,1
"Which of the following people — Ursula von der Leyen, Benjamin Netanyahu, Volodymyr Zelenskyy, Vladimir Putin, Narendra Modi, or Xi Jinping — will President Donald Trump meet with between June 1, 2025 and July 1, 2025?",Xi Jinping,politics,0.045,347.33,0
"Which college football team, Auburn or Kentucky, will win the game scheduled for Nov 1, 2025, at Auburn?",Auburn,sports,0.78,120.08,0
"Which college football team, Auburn or Kentucky, will win the game scheduled for Nov 1, 2025, at Auburn?",Kentucky,sports,0.225,120.08,1
"Will Jeff Probst say the word ""Puzzle"" during Survivor Season 49 Episode 3?",Alliance,politics,0.005,7.57,0
"Will Jeff Probst say the word ""Puzzle"" during Survivor Season 49 Episode 3?",Blindside / Blind Side,politics,0.005,7.57,0
"Will Jeff Probst say the word ""Puzzle"" during Survivor Season 49 Episode 3?",Bromance,politics,0.005,7.57,0
"Will Jeff Probst say the word ""Puzzle"" during Survivor Season 49 Episode 3?",Fake,politics,0.005,7.57,0
"Will Jeff Probst say the word ""Puzzle"" during Survivor Season 49 Episode 3?",Fire,politics,0.995,7.57,1
"Will Jeff Probst say the word ""Puzzle"" during Survivor Season 49 Episode 3?",Flint,politics,0.995,7.57,1
"Will Jeff Probst say the word ""Puzzle"" during Survivor Season 49 Episode 3?",Hungry / Hunger,politics,0.005,7.57,0
"Will Jeff Probst say the word ""Puzzle"" during Survivor Season 49 Episode 3?",Immunity Idol,politics,0.995,7.57,1
"Will Jeff Probst say the word ""Puzzle"" during Survivor Season 49 Episode 3?",Puzzle,politics,0.995,7.57,1
"Will Jeff Probst say the word ""Puzzle"" during Survivor Season 49 Episode 3?",Quit,politics,0.005,7.57,0
"Will Jeff Probst say the word ""Puzzle"" during Survivor Season 49 Episode 3?",Reward,politics,0.995,7.57,1
"Will Jeff Probst say the word ""Puzzle"" during Survivor Season 49 Episode 3?",Risk,politics,0.995,7.57,1
"Will Jeff Probst say the word ""Puzzle"" during Survivor Season 49 Episode 3?",Storm,politics,0.005,7.57,0
"Will Jeff Probst say the word ""Puzzle"" during Survivor Season 49 Episode 3?",Target,politics,0.005,7.57,0
"Will Jeff Probst say the word ""Puzzle"" during Survivor Season 49 Episode 3?",Trust,politics,0.005,7.57,0
"Will Jeff Probst say the word ""Puzzle"" during Survivor Season 49 Episode 3?",Unfair,politics,0.005,7.57,0
"Will Jeff Probst say the word ""Puzzle"" during Survivor Season 49 Episode 3?",Weak,politics,0.005,7.57,0
"Which of the listed celebrities (Drake, Nicki Minaj, 21 Savage, Post Malone, LeBron James, Timothée Chalamet, Odell Beckham Jr., MrBeast, Michael B. Jordan, Zendaya) will attend Kai Cenat’s ‘Mafiathon 3’ stream?",21 Savage,culture,0.14,613.87,0
"Which of the listed celebrities (Drake, Nicki Minaj, 21 Savage, Post Malone, LeBron James, Timothée Chalamet, Odell Beckham Jr., MrBeast, Michael B. Jordan, Zendaya) will attend Kai Cenat’s ‘Mafiathon 3’ stream?",Drake,culture,0.355,613.87,0
"Which of the listed celebrities (Drake, Nicki Minaj, 21 Savage, Post Malone, LeBron James, Timothée Chalamet, Odell Beckham Jr., MrBeast, Michael B. Jordan, Zendaya) will attend Kai Cenat’s ‘Mafiathon 3’ stream?",Michael B. Jordan,culture,0.495,613.87,0
"Which of the listed celebrities (Drake, Nicki Minaj, 21 Savage, Post Malone, LeBron James, Timothée Chalamet, Odell Beckham Jr., MrBeast, Michael B. Jordan, Zendaya) will attend Kai Cenat’s ‘Mafiathon 3’ stream?",MrBeast,culture,0.205,613.87,0
"Which of the listed celebrities (Drake, Nicki Minaj, 21 Savage, Post Malone, LeBron James, Timothée Chalamet, Odell Beckham Jr., MrBeast, Michael B. Jordan, Zendaya) will attend Kai Cenat’s ‘Mafiathon 3’ stream?",Nicki Minaj,culture,0.495,613.87,0
"Which of the listed celebrities (Drake, Nicki Minaj, 21 Savage, Post Malone, LeBron James, Timothée Chalamet, Odell Beckham Jr., MrBeast, Michael B. Jordan, Zendaya) will attend Kai Cenat’s ‘Mafiathon 3’ stream?",Odell Beckham Jr.,culture,0.185,613.87,0
"Which of the listed celebrities (Drake, Nicki Minaj, 21 Savage, Post Malone, LeBron James, Timothée Chalamet, Odell Beckham Jr., MrBeast, Michael B. Jordan, Zendaya) will attend Kai Cenat’s ‘Mafiathon 3’ stream?",Post Malone,culture,0.08,613.87,0
"Which of the listed celebrities (Drake, Nicki Minaj, 21 Savage, Post Malone, LeBron James, Timothée Chalamet, Odell Beckham Jr., MrBeast, Michael B. Jordan, Zendaya) will attend Kai Cenat’s ‘Mafiathon 3’ stream?",Timothée Chalamet,culture,0.24,613.87,0
"Which of the listed celebrities (Drake, Nicki Minaj, 21 Savage, Post Malone, LeBron James, Timothée Chalamet, Odell Beckham Jr., MrBeast, Michael B. Jordan, Zendaya) will attend Kai Cenat’s ‘Mafiathon 3’ stream?",Zendaya,culture,0.085,613.87,0
What will Trump say during the America Business Forum?,250,other,0.365,115.86,1
What will Trump say during the America Business Forum?,America First,other,0.34,115.86,1
What will Trump say during the America Business Forum?,Ballroom,other,0.5,115.86,0
What will Trump say during the America Business Forum?,Biden,other,0.81,115.86,1
What will Trump say during the America Business Forum?,Border,other,0.665,115.86,1
What will Trump say during the America Business Forum?,China,other,0.805,115.86,1
What will Trump say during the America Business Forum?,Chip / Semiconductor,other,0.65,115.86,0
What will Trump say during the America Business Forum?,Communist / Communism,other,0.375,115.86,1
What will Trump say during the America Business Forum?,Crypto / Bitcoin,other,0.26,115.86,1
What will Trump say during the America Business Forum?,Democrat,other,0.75,115.86,1
What will Trump say during the America Business Forum?,Election,other,0.66,115.86,1
What will Trump say during the America Business Forum?,Hottest,other,0.815,115.86,1
What will Trump say during the America Business Forum?,Investment,other,0.815,115.86,1
What will Trump say during the America Business Forum?,Manufacturing,other,0.67,115.86,0
What will Trump say during the America Business Forum?,Middle East,other,0.565,115.86,1
What will Trump say during the America Business Forum?,National Guard,other,0.345,115.86,0
What will Trump say during the America Business Forum?,Nobel,other,0.25,115.86,0
What will Trump say during the America Business Forum?,Nuclear,other,0.52,115.86,1
What will Trump say during the America Business Forum?,Oil / Gas,other,0.61,115.86,1
What will Trump say during the America Business Forum?,Peace,other,0.7,115.86,1
What will Trump say during the America Business Forum?,Rare Earth / Mineral,other,0.535,115.86,0
What will Trump say during the America Business Forum?,Russia,other,0.315,115.86,1
What will Trump say during the America Business Forum?,Shutdown / Shut Down,other,0.43,115.86,1
What will Trump say during the America Business Forum?,Stock Market,other,0.68,115.86,1
What will Trump say during the America Business Forum?,Tariff (3+ times),other,0.795,115.86,1
What will Trump say during the America Business Forum?,Trillion,other,0.78,115.86,1
What will Trump say during the America Business Forum?,Trump,other,0.405,115.86,1
What will Trump say during the America Business Forum?,Washington / White House,other,0.6,115.86,1
What will Trump say during the America Business Forum?,Woke,other,0.265,115.86,0
Will Oscar Piastri finish in the top three (podium) at the Azerbaijan Grand Prix 2025?,Alexander Albon,sports,0.025,37.67,0
Will Oscar Piastri finish in the top three (podium) at the Azerbaijan Grand Prix 2025?,Andrea Kimi Antonelli,sports,0.04,37.67,0
Will Oscar Piastri finish in the top three (podium) at the Azerbaijan Grand Prix 2025?,Carlos Sainz Jr.,sports,0.02,37.67,1
Will Oscar Piastri finish in the top three (podium) at the Azerbaijan Grand Prix 2025?,Charles Leclerc,sports,0.6,37.67,0
Will Oscar Piastri finish in the top three (podium) at the Azerbaijan Grand Prix 2025?,Esteban Ocon,sports,0.005,37.67,0
Will Oscar Piastri finish in the top three (podium) at the Azerbaijan Grand Prix 2025?,Fernando Alonso,sports,0.015,37.67,0
Will Oscar Piastri finish in the top three (podium) at the Azerbaijan Grand Prix 2025?,Franco Colapinto,sports,0.005,37.67,0
Will Oscar Piastri finish in the top three (podium) at the Azerbaijan Grand Prix 2025?,Gabriel Bortoleto,sports,0.01,37.67,0
Will Oscar Piastri finish in the top three (podium) at the Azerbaijan Grand Prix 2025?,George Russell,sports,0.185,37.67,1
Will Oscar Piastri finish in the top three (podium) at the Azerbaijan Grand Prix 2025?,Isack Hadjar,sports,0.025,37.67,0
Will Oscar Piastri finish in the top three (podium) at the Azerbaijan Grand Prix 2025?,Lance Stroll,sports,0.005,37.67,0
Will Oscar Piastri finish in the top three (podium) at the Azerbaijan Grand Prix 2025?,Lando Norris,sports,0.73,37.67,0
Will Oscar Piastri finish in the top three (podium) at the Azerbaijan Grand Prix 2025?,Lewis Hamilton,sports,0.27,37.67,0
Will Oscar Piastri finish in the top three (podium) at the Azerbaijan Grand Prix 2025?,Liam Lawson,sports,0.005,37.67,0
Will Oscar Piastri finish in the top three (podium) at the Azerbaijan Grand Prix 2025?,Max Verstappen,sports,0.625,37.67,1
Will Oscar Piastri finish in the top three (podium) at the Azerbaijan Grand Prix 2025?,Nico Hulkenberg,sports,0.005,37.67,0
Will Oscar Piastri finish in the top three (podium) at the Azerbaijan Grand Prix 2025?,Oliver Bearman,sports,0.005,37.67,0
Will Oscar Piastri finish in the top three (podium) at the Azerbaijan Grand Prix 2025?,Oscar Piastri,sports,0.725,37.67,0
Will Oscar Piastri finish in the top three (podium) at the Azerbaijan Grand Prix 2025?,Pierre Gasly,sports,0.005,37.67,0
Will Oscar Piastri finish in the top three (podium) at the Azerbaijan Grand Prix 2025?,Yuki Tsunoda,sports,0.005,37.67,0
"Which college football team, Missouri or UMass, will win the game scheduled for Sep 27, 2025?",Missouri,sports,0.995,41.64,1
"Which college football team, Missouri or UMass, will win the game scheduled for Sep 27, 2025?",UMass,sports,0.005,41.64,0
"Which professional Serie A soccer team, Juventus or Inter, will win the match scheduled for Sep 13, 2025 after 90 minutes plus stoppage time (excluding extra time and penalties)?",Inter,sports,0.32,137.88,0
"Which professional Serie A soccer team, Juventus or Inter, will win the match scheduled for Sep 13, 2025 after 90 minutes plus stoppage time (excluding extra time and penalties)?",Juventus,sports,0.36,137.88,1
"Which professional Serie A soccer team, Juventus or Inter, will win the match scheduled for Sep 13, 2025 after 90 minutes plus stoppage time (excluding extra time and penalties)?",Tie,sports,0.31,137.88,0
"Which professional EPL soccer team, Chelsea or Wolverhampton, will win the game scheduled for Nov 8, 2025 after 90 minutes plus stoppage time (excluding extra time and penalties)?",Chelsea,sports,0.71,285.73,1
"Which professional EPL soccer team, Chelsea or Wolverhampton, will win the game scheduled for Nov 8, 2025 after 90 minutes plus stoppage time (excluding extra time and penalties)?",Tie,sports,0.18,285.73,0
"Which professional EPL soccer team, Chelsea or Wolverhampton, will win the game scheduled for Nov 8, 2025 after 90 minutes plus stoppage time (excluding extra time and penalties)?",Wolverhampton,sports,0.11,285.73,0
"Which professional football team, Atlanta or Miami, will win the Miami at Atlanta game scheduled for Oct 26, 2025?",Atlanta,sports,0.705,283.71,0
"Which professional football team, Atlanta or Miami, will win the Miami at Atlanta game scheduled for Oct 26, 2025?",Miami,sports,0.295,283.71,1
"Which professional tennis player, Elena Rybakina or Marketa Vondrousova, will win the match scheduled for Aug 31, 2025?",Elena Rybakina,sports,0.675,27.42,0
"Which professional tennis player, Elena Rybakina or Marketa Vondrousova, will win the match scheduled for Aug 31, 2025?",Marketa Vondrousova,sports,0.32,27.42,1
"Which album will be #1 on the Billboard 200 chart dated September 20, 2025?",HIT ME HARD AND SOFT,culture,0.005,6.71,0
"Which album will be #1 on the Billboard 200 chart dated September 20, 2025?",I'm The Problem,culture,0.025,6.71,0
"Which album will be #1 on the Billboard 200 chart dated September 20, 2025?",KARMA,culture,0.005,6.71,0
"Which album will be #1 on the Billboard 200 chart dated September 20, 2025?",KPop Demon Hunters,culture,0.985,6.71,1
"Which album will be #1 on the Billboard 200 chart dated September 20, 2025?",Man's Best Friend,culture,0.025,6.71,0
"Which album will be #1 on the Billboard 200 chart dated September 20, 2025?",One Thing At A Time,culture,0.005,6.71,0
"Which album will be #1 on the Billboard 200 chart dated September 20, 2025?",SOS,culture,0.005,6.71,0
"Which album will be #1 on the Billboard 200 chart dated September 20, 2025?",SWAG,culture,0.005,6.71,0
"Which album will be #1 on the Billboard 200 chart dated September 20, 2025?",Swag II,culture,0.025,6.71,0
"Which album will be #1 on the Billboard 200 chart dated September 20, 2025?",THE TORTURED POETS DEPARTMENT,culture,0.005,6.71,0
"Which album will be #1 on the Billboard 200 chart dated September 20, 2025?",The Last Wun,culture,0.005,6.71,0
"Which album will be #1 on the Billboard 200 chart dated September 20, 2025?",Wishbone,culture,0.005,6.71,0
"Which album will be #1 on the Billboard 200 chart dated September 20, 2025?","You'll Be Alright, Kid",culture,0.005,6.71,0
Will the Colorado professional baseball team win more than 30 games in the 2025 regular season?,More than 30 wins,sports,0.995,1598.7,1
Will the Colorado professional baseball team win more than 30 games in the 2025 regular season?,More than 40 wins,sports,0.975,1598.7,1
Will the Colorado professional baseball team win more than 30 games in the 2025 regular season?,More than 50 wins,sports,0.24,1598.7,0
Will the Colorado professional baseball team win more than 30 games in the 2025 regular season?,More than 60 wins,sports,0.01,1598.7,0
Will the Colorado professional baseball team win more than 30 games in the 2025 regular season?,More than 70 wins,sports,0.005,1598.7,0
"Which professional MLS soccer team, Philadelphia or New England, will win the game scheduled for Sep 20, 2025 after 90 minutes plus stoppage time (excluding extra time and penalties)?",New England,sports,0.16,22.44,0
"Which professional MLS soccer team, Philadelphia or New England, will win the game scheduled for Sep 20, 2025 after 90 minutes plus stoppage time (excluding extra time and penalties)?",Philadelphia,sports,0.645,22.44,1
"Which professional MLS soccer team, Philadelphia or New England, will win the game scheduled for Sep 20, 2025 after 90 minutes plus stoppage time (excluding extra time and penalties)?",Tie,sports,0.2,22.44,0
What will the announcers say during the Baltimore at Miami pro football game?,Concussion Protocol,other,0.165,37.7,0
What will the announcers say during the Baltimore at Miami pro football game?,Facemask / Face Mask,other,0.62,37.7,1
What will the announcers say during the Baltimore at Miami pro football game?,Fumble / Fumbles / Fumbled,other,0.915,37.7,1
What will the announcers say during the Baltimore at Miami pro football game?,Hail Mary,other,0.19,37.7,1
What will the announcers say during the Baltimore at Miami pro football game?,Inch / Inches,other,0.695,37.7,0
What will the announcers say during the Baltimore at Miami pro football game?,Intentional Grounding,other,0.265,37.7,0
What will the announcers say during the Baltimore at Miami pro football game?,Late Hit,other,0.305,37.7,0
What will the announcers say during the Baltimore at Miami pro football game?,Marino,other,0.265,37.7,1
What will the announcers say during the Baltimore at Miami pro football game?,One Handed,other,0.295,37.7,0
What will the announcers say during the Baltimore at Miami pro football game?,Overtime,other,0.32,37.7,0
What will the announcers say during the Baltimore at Miami pro football game?,Picked,other,0.84,37.7,1
What will the announcers say during the Baltimore at Miami pro football game?,Pylon,other,0.32,37.7,0
What will the announcers say during the Baltimore at Miami pro football game?,Ray Lewis,other,0.29,37.7,0
What will the announcers say during the Baltimore at Miami pro football game?,Roughing the Passer,other,0.31,37.7,0
What will the announcers say during the Baltimore at Miami pro football game?,Safety,other,0.955,37.7,1
What will the announcers say during the Baltimore at Miami pro football game?,South Beach,other,0.25,37.7,0
What will the announcers say during the Baltimore at Miami pro football game?,Speed,other,0.935,37.7,1
What will the announcers say during the Baltimore at Miami pro football game?,Stuffed,other,0.665,37.7,1
What will the announcers say during the Baltimore at Miami pro football game?,Tie / Ties / Tied,other,0.8,37.7,1
What will the announcers say during the Baltimore at Miami pro football game?,Turf,other,0.465,37.7,0
What will the announcers say during the Baltimore at Miami pro football game?,Veteran,other,0.87,37.7,1
What will the announcers say during the Baltimore at Miami pro football game?,What a Catch,other,0.225,37.7,0
What will the announcers say during the Baltimore at Miami pro football game?,Wild,other,0.565,37.7,1
"Which professional football team, New York G or Philadelphia, will win the game scheduled for Oct 9, 2025?",New York G,sports,0.225,36.67,1
"Which professional football team, New York G or Philadelphia, will win the game scheduled for Oct 9, 2025?",Philadelphia,sports,0.775,36.67,0
"Which professional baseball team, Pittsburgh or New York M, will win the game scheduled for Jun 29, 2025?",New York M,sports,0.585,8.28,0
"Which professional baseball team, Pittsburgh or New York M, will win the game scheduled for Jun 29, 2025?",Pittsburgh,sports,0.42,8.28,1
"Which professional football team, Tampa Bay or Philadelphia, will win the Philadelphia at Tampa Bay game scheduled for Sep 28, 2025?",Philadelphia,sports,0.64,65.22,1
"Which professional football team, Tampa Bay or Philadelphia, will win the Philadelphia at Tampa Bay game scheduled for Sep 28, 2025?",Tampa Bay,sports,0.36,65.22,0
"Which college basketball team, Dayton or Canisius, will win the Canisius at Dayton game scheduled for Nov 3, 2025?",Canisius,sports,0.065,73.51,0
"Which college basketball team, Dayton or Canisius, will win the Canisius at Dayton game scheduled for Nov 3, 2025?",Dayton,sports,0.945,73.51,1
"How many total Spotify streams will Maroon 5's song ""All Night"" have by Jul 4, 2025 at 10:00 AM ET?",More than 10 million,culture,0.075,164.98,0
"How many total Spotify streams will Maroon 5's song ""All Night"" have by Jul 4, 2025 at 10:00 AM ET?",More than 11 million,culture,0.165,164.98,0
"How many total Spotify streams will Maroon 5's song ""All Night"" have by Jul 4, 2025 at 10:00 AM ET?",More than 12 million,culture,0.16,164.98,0
"How many total Spotify streams will Maroon 5's song ""All Night"" have by Jul 4, 2025 at 10:00 AM ET?",More than 13 million,culture,0.16,164.98,0
"How many total Spotify streams will Maroon 5's song ""All Night"" have by Jul 4, 2025 at 10:00 AM ET?",More than 14 million,culture,0.155,164.98,0
"How many total Spotify streams will Maroon 5's song ""All Night"" have by Jul 4, 2025 at 10:00 AM ET?",More than 15 million,culture,0.155,164.98,0
"How many total Spotify streams will Maroon 5's song ""All Night"" have by Jul 4, 2025 at 10:00 AM ET?",More than 16 million,culture,0.155,164.98,0
"How many total Spotify streams will Maroon 5's song ""All Night"" have by Jul 4, 2025 at 10:00 AM ET?",More than 17 million,culture,0.15,164.98,0
"How many total Spotify streams will Maroon 5's song ""All Night"" have by Jul 4, 2025 at 10:00 AM ET?",More than 18 million,culture,0.15,164.98,0
"How many total Spotify streams will Maroon 5's song ""All Night"" have by Jul 4, 2025 at 10:00 AM ET?",More than 19 million,culture,0.095,164.98,0
"How many total Spotify streams will Maroon 5's song ""All Night"" have by Jul 4, 2025 at 10:00 AM ET?",More than 2 million,culture,0.3,164.98,1
"How many total Spotify streams will Maroon 5's song ""All Night"" have by Jul 4, 2025 at 10:00 AM ET?",More than 20 million,culture,0.05,164.98,0
"How many total Spotify streams will Maroon 5's song ""All Night"" have by Jul 4, 2025 at 10:00 AM ET?",More than 4 million,culture,0.25,164.98,0
"How many total Spotify streams will Maroon 5's song ""All Night"" have by Jul 4, 2025 at 10:00 AM ET?",More than 6 million,culture,0.22,164.98,0
"How many total Spotify streams will Maroon 5's song ""All Night"" have by Jul 4, 2025 at 10:00 AM ET?",More than 8 million,culture,0.2,164.98,0
"Which of the listed celebrities (Drake, Nicki Minaj, 21 Savage, Post Malone, LeBron James, Timothée Chalamet, Odell Beckham Jr., MrBeast, Michael B. Jordan, Zendaya) will attend Kai Cenat’s ‘Mafiathon 3’ stream?",21 Savage,culture,0.175,153.4,0
"Which of the listed celebrities (Drake, Nicki Minaj, 21 Savage, Post Malone, LeBron James, Timothée Chalamet, Odell Beckham Jr., MrBeast, Michael B. Jordan, Zendaya) will attend Kai Cenat’s ‘Mafiathon 3’ stream?",Drake,culture,0.19,153.4,0
"Which of the listed celebrities (Drake, Nicki Minaj, 21 Savage, Post Malone, LeBron James, Timothée Chalamet, Odell Beckham Jr., MrBeast, Michael B. Jordan, Zendaya) will attend Kai Cenat’s ‘Mafiathon 3’ stream?",Michael B. Jordan,culture,0.205,153.4,0
"Which of the listed celebrities (Drake, Nicki Minaj, 21 Savage, Post Malone, LeBron James, Timothée Chalamet, Odell Beckham Jr., MrBeast, Michael B. Jordan, Zendaya) will attend Kai Cenat’s ‘Mafiathon 3’ stream?",MrBeast,culture,0.18,153.4,0
"Which of the listed celebrities (Drake, Nicki Minaj, 21 Savage, Post Malone, LeBron James, Timothée Chalamet, Odell Beckham Jr., MrBeast, Michael B. Jordan, Zendaya) will attend Kai Cenat’s ‘Mafiathon 3’ stream?",Nicki Minaj,culture,0.27,153.4,0
"Which of the listed celebrities (Drake, Nicki Minaj, 21 Savage, Post Malone, LeBron James, Timothée Chalamet, Odell Beckham Jr., MrBeast, Michael B. Jordan, Zendaya) will attend Kai Cenat’s ‘Mafiathon 3’ stream?",Odell Beckham Jr.,culture,0.12,153.4,0
"Which of the listed celebrities (Drake, Nicki Minaj, 21 Savage, Post Malone, LeBron James, Timothée Chalamet, Odell Beckham Jr., MrBeast, Michael B. Jordan, Zendaya) will attend Kai Cenat’s ‘Mafiathon 3’ stream?",Post Malone,culture,0.06,153.4,0
"Which of the listed celebrities (Drake, Nicki Minaj, 21 Savage, Post Malone, LeBron James, Timothée Chalamet, Odell Beckham Jr., MrBeast, Michael B. Jordan, Zendaya) will attend Kai Cenat’s ‘Mafiathon 3’ stream?",Timothée Chalamet,culture,0.075,153.4,0
"Which of the listed celebrities (Drake, Nicki Minaj, 21 Savage, Post Malone, LeBron James, Timothée Chalamet, Odell Beckham Jr., MrBeast, Michael B. Jordan, Zendaya) will attend Kai Cenat’s ‘Mafiathon 3’ stream?",Zendaya,culture,0.085,153.4,0
"Which professional English Premier League (EPL) soccer team, West Ham or Burnley, will win the match scheduled for Nov 8, 2025 after 90 minutes plus stoppage time (excluding extra time and penalties)?",Burnley,sports,0.26,278.67,0
"Which professional English Premier League (EPL) soccer team, West Ham or Burnley, will win the match scheduled for Nov 8, 2025 after 90 minutes plus stoppage time (excluding extra time and penalties)?",Tie,sports,0.27,278.67,0
"Which professional English Premier League (EPL) soccer team, West Ham or Burnley, will win the match scheduled for Nov 8, 2025 after 90 minutes plus stoppage time (excluding extra time and penalties)?",West Ham,sports,0.48,278.67,1
"Will Miles Teller say the phrase ""Zohran / Mamdani"" as part of Saturday Night Live beginning on November 1st?",ChatGPT,other,0.1,109.06,0
"Will Miles Teller say the phrase ""Zohran / Mamdani"" as part of Saturday Night Live beginning on November 1st?",Eternity,other,0.56,109.06,0
"Will Miles Teller say the phrase ""Zohran / Mamdani"" as part of Saturday Night Live beginning on November 1st?",Hollywood,other,0.3,109.06,0
"Will Miles Teller say the phrase ""Zohran / Mamdani"" as part of Saturday Night Live beginning on November 1st?",Nervous,other,0.28,109.06,0
"Will Miles Teller say the phrase ""Zohran / Mamdani"" as part of Saturday Night Live beginning on November 1st?",New York City,other,0.2,109.06,0
"Will Miles Teller say the phrase ""Zohran / Mamdani"" as part of Saturday Night Live beginning on November 1st?",Philadelphia / Philly,other,0.545,109.06,0
"Will Miles Teller say the phrase ""Zohran / Mamdani"" as part of Saturday Night Live beginning on November 1st?",Shutdown / Shut Down,other,0.14,109.06,1
"Will Miles Teller say the phrase ""Zohran / Mamdani"" as part of Saturday Night Live beginning on November 1st?",Taylor / Swift,other,0.25,109.06,0
"Will Miles Teller say the phrase ""Zohran / Mamdani"" as part of Saturday Night Live beginning on November 1st?",Tom Cruise,other,0.23,109.06,0
"Will Miles Teller say the phrase ""Zohran / Mamdani"" as part of Saturday Night Live beginning on November 1st?",Top Gun,other,0.4,109.06,1
"Will Miles Teller say the phrase ""Zohran / Mamdani"" as part of Saturday Night Live beginning on November 1st?",Trump,other,0.38,109.06,1
"Will Miles Teller say the phrase ""Zohran / Mamdani"" as part of Saturday Night Live beginning on November 1st?",Whiplash,other,0.145,109.06,0
"Will Miles Teller say the phrase ""Zohran / Mamdani"" as part of Saturday Night Live beginning on November 1st?",Zohran / Mamdani,other,0.28,109.06,0
"Which professional baseball team, Boston or Cincinnati, will win the game scheduled for Jul 2, 2025?",Boston,sports,0.54,14.89,0
"Which professional baseball team, Boston or Cincinnati, will win the game scheduled for Jul 2, 2025?",Cincinnati,sports,0.46,14.89,1
"Which college football team, Tulane or East Carolina, will win the game scheduled for Oct 9, 2025?",East Carolina,sports,0.32,12.65,0
"Which college football team, Tulane or East Carolina, will win the game scheduled for Oct 9, 2025?",Tulane,sports,0.68,12.65,1
"Which college football team, Colorado or Arizona, will win the Arizona at Colorado game scheduled for Nov 1, 2025?",Arizona,sports,0.545,170.39,1
"Which college football team, Colorado or Arizona, will win the Arizona at Colorado game scheduled for Nov 1, 2025?",Colorado,sports,0.47,170.39,0
"Will Coinbase announce an acquisition of any company after issuance and before Jan 1, 2026?",any company,other,0.7,420.73,1
"Will Jeff Probst say the word ""Strength"" or ""Strong"" during Survivor Season 49 Episode 8?",Alliance,other,0.38,110.89,0
"Will Jeff Probst say the word ""Strength"" or ""Strong"" during Survivor Season 49 Episode 8?",Blindside / Blind Side,other,0.335,110.89,0
"Will Jeff Probst say the word ""Strength"" or ""Strong"" during Survivor Season 49 Episode 8?",Comeback / Come Back,other,0.255,110.89,0
"Will Jeff Probst say the word ""Strength"" or ""Strong"" during Survivor Season 49 Episode 8?",Fire,other,0.515,110.89,1
"Will Jeff Probst say the word ""Strength"" or ""Strong"" during Survivor Season 49 Episode 8?",Flint,other,0.125,110.89,0
"Will Jeff Probst say the word ""Strength"" or ""Strong"" during Survivor Season 49 Episode 8?",Hungry / Hunger,other,0.34,110.89,0
"Will Jeff Probst say the word ""Strength"" or ""Strong"" during Survivor Season 49 Episode 8?",Immunity Idol,other,0.605,110.89,0
"Will Jeff Probst say the word ""Strength"" or ""Strong"" during Survivor Season 49 Episode 8?",Key,other,0.485,110.89,0
"Will Jeff Probst say the word ""Strength"" or ""Strong"" during Survivor Season 49 Episode 8?",Pressure,other,0.195,110.89,0
"Will Jeff Probst say the word ""Strength"" or ""Strong"" during Survivor Season 49 Episode 8?",Puzzle,other,0.46,110.89,0
"Will Jeff Probst say the word ""Strength"" or ""Strong"" during Survivor Season 49 Episode 8?",Reward,other,0.79,110.89,1
"Will Jeff Probst say the word ""Strength"" or ""Strong"" during Survivor Season 49 Episode 8?",Risk,other,0.27,110.89,0
"Will Jeff Probst say the word ""Strength"" or ""Strong"" during Survivor Season 49 Episode 8?",Strength / Strong,other,0.33,110.89,0
"Will Jeff Probst say the word ""Strength"" or ""Strong"" during Survivor Season 49 Episode 8?",Target,other,0.24,110.89,0
"Will Jeff Probst say the word ""Strength"" or ""Strong"" during Survivor Season 49 Episode 8?",Trust,other,0.39,110.89,0
"Which professional MMA fighter, Magomed Ankalaev or Alex Pereira, will win the Ankalaev vs Pereira fight scheduled for Oct 4, 2025 (UFC 320)?",Alex Pereira,sports,0.305,12.59,1
"Which professional MMA fighter, Magomed Ankalaev or Alex Pereira, will win the Ankalaev vs Pereira fight scheduled for Oct 4, 2025 (UFC 320)?",Magomed Ankalaev,sports,0.685,12.59,0
"Which college football team, Florida or Texas, will win the game scheduled for Oct 4, 2025?",Florida,sports,0.305,59.82,1
"Which college football team, Florida or Texas, will win the game scheduled for Oct 4, 2025?",Texas,sports,0.705,59.82,0
"Which college football team, Kent St. or Bowling Green, will win the Bowling Green at Kent St. college football game scheduled for Oct 25, 2025?",Bowling Green,sports,0.735,134.44,0
"Which college football team, Kent St. or Bowling Green, will win the Bowling Green at Kent St. college football game scheduled for Oct 25, 2025?",Kent St.,sports,0.27,134.44,1
"Which professional football team, Las Vegas or Chicago, will win the game scheduled for Sep 28, 2025?",Chicago,sports,0.51,263.27,1
"Which professional football team, Las Vegas or Chicago, will win the game scheduled for Sep 28, 2025?",Las Vegas,sports,0.495,263.27,0
"Which professional hockey team, Toronto or Detroit, will win the game scheduled for Oct 2, 2025?",Detroit,sports,0.385,6.65,1
"Which professional hockey team, Toronto or Detroit, will win the game scheduled for Oct 2, 2025?",Toronto,sports,0.62,6.65,0
"Which professional baseball team, Los Angeles A or Seattle, will win the game scheduled for Jul 24, 2025?",Los Angeles A,sports,0.545,16.64,0
"Which professional baseball team, Los Angeles A or Seattle, will win the game scheduled for Jul 24, 2025?",Seattle,sports,0.455,16.64,1
What will the Land Ocean-Temperature Index (LOTI) value be for August 2025?,1.02999 or below,science_tech,0.005,45.39,0
What will the Land Ocean-Temperature Index (LOTI) value be for August 2025?,1.03 to 1.09,science_tech,0.995,45.39,1
What will the Land Ocean-Temperature Index (LOTI) value be for August 2025?,1.10 to 1.16,science_tech,0.005,45.39,0
What will the Land Ocean-Temperature Index (LOTI) value be for August 2025?,1.17 to 1.23,science_tech,0.005,45.39,0
What will the Land Ocean-Temperature Index (LOTI) value be for August 2025?,1.24 to 1.30,science_tech,0.01,45.39,0
What will the Land Ocean-Temperature Index (LOTI) value be for August 2025?,1.30001 or above,science_tech,0.01,45.39,0
"Will any participating candidate in the New York City mayoral debate on October 16 say the word ""Kalshi""?",Ackman,politics,0.995,12.72,1
"Will any participating candidate in the New York City mayoral debate on October 16 say the word ""Kalshi""?",Beret,politics,0.995,12.72,1
"Will any participating candidate in the New York City mayoral debate on October 16 say the word ""Kalshi""?",Billionaire,politics,0.995,12.72,1
"Will any participating candidate in the New York City mayoral debate on October 16 say the word ""Kalshi""?",Capitalism,politics,0.005,12.72,0
"Will any participating candidate in the New York City mayoral debate on October 16 say the word ""Kalshi""?",Corrupt / Corruption,politics,0.995,12.72,1
"Will any participating candidate in the New York City mayoral debate on October 16 say the word ""Kalshi""?",Crime,politics,0.995,12.72,1
"Will any participating candidate in the New York City mayoral debate on October 16 say the word ""Kalshi""?",Czar,politics,0.005,12.72,0
"Will any participating candidate in the New York City mayoral debate on October 16 say the word ""Kalshi""?",Data,politics,0.995,12.72,1
"Will any participating candidate in the New York City mayoral debate on October 16 say the word ""Kalshi""?",Donation,politics,0.005,12.72,0
"Will any participating candidate in the New York City mayoral debate on October 16 say the word ""Kalshi""?",Economy,politics,0.995,12.72,1
"Will any participating candidate in the New York City mayoral debate on October 16 say the word ""Kalshi""?",Eric / Adams,politics,0.995,12.72,1
"Will any participating candidate in the New York City mayoral debate on October 16 say the word ""Kalshi""?",Fentanyl,politics,0.005,12.72,0
"Will any participating candidate in the New York City mayoral debate on October 16 say the word ""Kalshi""?",Funding,politics,0.995,12.72,1
"Will any participating candidate in the New York City mayoral debate on October 16 say the word ""Kalshi""?",Gaza,politics,0.995,12.72,1
"Will any participating candidate in the New York City mayoral debate on October 16 say the word ""Kalshi""?",Gristedes,politics,0.005,12.72,0
"Will any participating candidate in the New York City mayoral debate on October 16 say the word ""Kalshi""?",Grocery,politics,0.995,12.72,1
"Will any participating candidate in the New York City mayoral debate on October 16 say the word ""Kalshi""?",Homeless,politics,0.995,12.72,1
"Will any participating candidate in the New York City mayoral debate on October 16 say the word ""Kalshi""?",Horse,politics,0.005,12.72,0
"Will any participating candidate in the New York City mayoral debate on October 16 say the word ""Kalshi""?",Inflation,politics,0.005,12.72,0
"Will any participating candidate in the New York City mayoral debate on October 16 say the word ""Kalshi""?",Ironic,politics,0.995,12.72,1
"Will any participating candidate in the New York City mayoral debate on October 16 say the word ""Kalshi""?",Israel,politics,0.995,12.72,1
"Will any participating candidate in the New York City mayoral debate on October 16 say the word ""Kalshi""?",Italian,politics,0.005,12.72,0
"Will any participating candidate in the New York City mayoral debate on October 16 say the word ""Kalshi""?",Job,politics,0.995,12.72,1
"Will any participating candidate in the New York City mayoral debate on October 16 say the word ""Kalshi""?",Kathy / Hochul,politics,0.995,12.72,1
"Will any participating candidate in the New York City mayoral debate on October 16 say the word ""Kalshi""?",Lie,politics,0.995,12.72,1
"Will any participating candidate in the New York City mayoral debate on October 16 say the word ""Kalshi""?",Luigi / Mangione,politics,0.005,12.72,0
"Will any participating candidate in the New York City mayoral debate on October 16 say the word ""Kalshi""?",Puppet,politics,0.995,12.72,1
"Will any participating candidate in the New York City mayoral debate on October 16 say the word ""Kalshi""?",Rent,politics,0.995,12.72,1
"Will any participating candidate in the New York City mayoral debate on October 16 say the word ""Kalshi""?",Rikers,politics,0.995,12.72,1
"Will any participating candidate in the New York City mayoral debate on October 16 say the word ""Kalshi""?",Socialist / Socialism,politics,0.995,12.72,1
"Will any participating candidate in the New York City mayoral debate on October 16 say the word ""Kalshi""?",Subway,politics,0.995,12.72,1
"Will any participating candidate in the New York City mayoral debate on October 16 say the word ""Kalshi""?",Trump,politics,0.995,12.72,1
"Will any participating candidate in the New York City mayoral debate on October 16 say the word ""Kalshi""?",Woke,politics,0.005,12.72,0
"Which professional baseball team, Cleveland or Toronto, will win the game scheduled for Jun 24, 2025?",Cleveland,sports,0.48,13.85,0
"Which professional baseball team, Cleveland or Toronto, will win the game scheduled for Jun 24, 2025?",Toronto,sports,0.525,13.85,1
"Will Joe Biden be seen in public after September 6, 2025 and before October 1, 2025?",Before Oct 2025,culture,0.235,121.68,1
"Which professional football team, San Francisco or Los Angeles R, will win the game scheduled for Nov 9, 2025?",Los Angeles R,sports,0.595,214.97,1
"Which professional football team, San Francisco or Los Angeles R, will win the game scheduled for Nov 9, 2025?",San Francisco,sports,0.405,214.97,0
How many regular-season wins will the Detroit professional baseball team record in the 2025 regular season?,More than 100 wins,sports,0.265,2534.36,0
How many regular-season wins will the Detroit professional baseball team record in the 2025 regular season?,More than 110 wins,sports,0.095,2534.36,0
How many regular-season wins will the Detroit professional baseball team record in the 2025 regular season?,More than 70 wins,sports,0.83,2534.36,1
How many regular-season wins will the Detroit professional baseball team record in the 2025 regular season?,More than 80 wins,sports,0.83,2534.36,1
How many regular-season wins will the Detroit professional baseball team record in the 2025 regular season?,More than 90 wins,sports,0.755,2534.36,0
"Will Kai Cenat's peak number of active paid Twitch subscribers reach at least 1,000,000 at any time before Oct 1, 2025 (including during Mafiathon 3)?","1,000,000 or more",other,0.965,24.22,1
"Which college football team, UMass or Western Michigan, will win the game scheduled for Oct 4, 2025, at UMass?",UMass,sports,0.195,8.91,0
"Which college football team, UMass or Western Michigan, will win the game scheduled for Oct 4, 2025, at UMass?",Western Michigan,sports,0.805,8.91,1
"Which boxer, Canelo Alvarez or Terence Crawford, will win the boxing match scheduled for Sep 13, 2025?",Canelo Alvarez,sports,0.64,102.09,0
"Which boxer, Canelo Alvarez or Terence Crawford, will win the boxing match scheduled for Sep 13, 2025?",Terence Crawford,sports,0.36,102.09,1
"Which professional baseball team, Cincinnati or Tampa Bay, will win the game scheduled for Jul 26, 2025?",Cincinnati,sports,0.53,13.49,1
"Which professional baseball team, Cincinnati or Tampa Bay, will win the game scheduled for Jul 26, 2025?",Tampa Bay,sports,0.47,13.49,0
"Will the film 'One Battle After Another' have a Rotten Tomatoes Tomatometer score above 45 on Sep 29, 2025 at 10:00 AM ET?",Above 45,culture,0.995,277.85,1
"Will the film 'One Battle After Another' have a Rotten Tomatoes Tomatometer score above 45 on Sep 29, 2025 at 10:00 AM ET?",Above 60,culture,0.995,277.85,1
"Will the film 'One Battle After Another' have a Rotten Tomatoes Tomatometer score above 45 on Sep 29, 2025 at 10:00 AM ET?",Above 75,culture,0.995,277.85,1
"Will the film 'One Battle After Another' have a Rotten Tomatoes Tomatometer score above 45 on Sep 29, 2025 at 10:00 AM ET?",Above 80,culture,0.995,277.85,1
"Will the film 'One Battle After Another' have a Rotten Tomatoes Tomatometer score above 45 on Sep 29, 2025 at 10:00 AM ET?",Above 85,culture,0.995,277.85,1
"Will the film 'One Battle After Another' have a Rotten Tomatoes Tomatometer score above 45 on Sep 29, 2025 at 10:00 AM ET?",Above 87,culture,0.995,277.85,1
"Will the film 'One Battle After Another' have a Rotten Tomatoes Tomatometer score above 45 on Sep 29, 2025 at 10:00 AM ET?",Above 90,culture,0.965,277.85,1
"Will the film 'One Battle After Another' have a Rotten Tomatoes Tomatometer score above 45 on Sep 29, 2025 at 10:00 AM ET?",Above 92,culture,0.91,277.85,1
"Will the film 'One Battle After Another' have a Rotten Tomatoes Tomatometer score above 45 on Sep 29, 2025 at 10:00 AM ET?",Above 95,culture,0.45,277.85,1
"Will the film 'One Battle After Another' have a Rotten Tomatoes Tomatometer score above 45 on Sep 29, 2025 at 10:00 AM ET?",Above 97,culture,0.085,277.85,0
Will Oscar Piastri finish on the podium (top three) at the Italian Grand Prix 2025?,Alexander Albon,sports,0.035,40.51,0
Will Oscar Piastri finish on the podium (top three) at the Italian Grand Prix 2025?,Andrea Kimi Antonelli,sports,0.03,40.51,0
Will Oscar Piastri finish on the podium (top three) at the Italian Grand Prix 2025?,Carlos Sainz Jr.,sports,0.045,40.51,0
Will Oscar Piastri finish on the podium (top three) at the Italian Grand Prix 2025?,Charles Leclerc,sports,0.545,40.51,0
Will Oscar Piastri finish on the podium (top three) at the Italian Grand Prix 2025?,Esteban Ocon,sports,0.005,40.51,0
Will Oscar Piastri finish on the podium (top three) at the Italian Grand Prix 2025?,Fernando Alonso,sports,0.01,40.51,0
Will Oscar Piastri finish on the podium (top three) at the Italian Grand Prix 2025?,Franco Colapinto,sports,0.005,40.51,0
Will Oscar Piastri finish on the podium (top three) at the Italian Grand Prix 2025?,Gabriel Bortoleto,sports,0.005,40.51,0
Will Oscar Piastri finish on the podium (top three) at the Italian Grand Prix 2025?,George Russell,sports,0.235,40.51,0
Will Oscar Piastri finish on the podium (top three) at the Italian Grand Prix 2025?,Isack Hadjar,sports,0.04,40.51,0
Will Oscar Piastri finish on the podium (top three) at the Italian Grand Prix 2025?,Lance Stroll,sports,0.01,40.51,0
Will Oscar Piastri finish on the podium (top three) at the Italian Grand Prix 2025?,Lando Norris,sports,0.755,40.51,1
Will Oscar Piastri finish on the podium (top three) at the Italian Grand Prix 2025?,Lewis Hamilton,sports,0.185,40.51,0
Will Oscar Piastri finish on the podium (top three) at the Italian Grand Prix 2025?,Liam Lawson,sports,0.015,40.51,0
Will Oscar Piastri finish on the podium (top three) at the Italian Grand Prix 2025?,Max Verstappen,sports,0.42,40.51,1
Will Oscar Piastri finish on the podium (top three) at the Italian Grand Prix 2025?,Nico Hulkenberg,sports,0.005,40.51,0
Will Oscar Piastri finish on the podium (top three) at the Italian Grand Prix 2025?,Oliver Bearman,sports,0.005,40.51,0
Will Oscar Piastri finish on the podium (top three) at the Italian Grand Prix 2025?,Oscar Piastri,sports,0.835,40.51,1
Will Oscar Piastri finish on the podium (top three) at the Italian Grand Prix 2025?,Pierre Gasly,sports,0.005,40.51,0
Will Oscar Piastri finish on the podium (top three) at the Italian Grand Prix 2025?,Yuki Tsunoda,sports,0.005,40.51,0
"Which professional baseball team, Seattle or Toronto, will win Game 6 of the Seattle vs Toronto matchup scheduled for Oct 19, 2025?",Seattle,sports,0.49,50.73,0
"Which professional baseball team, Seattle or Toronto, will win Game 6 of the Seattle vs Toronto matchup scheduled for Oct 19, 2025?",Toronto,sports,0.505,50.73,1
"Will a new episode of 'Jimmy Kimmel Live!' be publicly released in the United States through official channels before Oct 1, 2025?","Before Dec 1, 2025",culture,0.43,133.26,1
"Will a new episode of 'Jimmy Kimmel Live!' be publicly released in the United States through official channels before Oct 1, 2025?","Before Jan 1, 2026",culture,0.505,133.26,1
"Will a new episode of 'Jimmy Kimmel Live!' be publicly released in the United States through official channels before Oct 1, 2025?","Before Nov 1, 2025",culture,0.385,133.26,1
"Will a new episode of 'Jimmy Kimmel Live!' be publicly released in the United States through official channels before Oct 1, 2025?","Before Oct 1, 2025",culture,0.165,133.26,1
"Which professional football team, Denver or Tennessee, will win the game scheduled for Sep 7, 2025?",Denver,sports,0.79,47.55,1
"Which professional football team, Denver or Tennessee, will win the game scheduled for Sep 7, 2025?",Tennessee,sports,0.21,47.55,0
"Which professional football team, Pittsburgh or Cincinnati, will win the Cincinnati at Pittsburgh game scheduled for Nov 16, 2025?",Cincinnati,sports,0.295,213.05,0
"Which professional football team, Pittsburgh or Cincinnati, will win the Cincinnati at Pittsburgh game scheduled for Nov 16, 2025?",Pittsburgh,sports,0.705,213.05,1
Sanderson Farms Championship Winner?,Danny Walker,sports,0.005,81.82,0
Sanderson Farms Championship Winner?,David Skinns,sports,0.005,81.82,0
Sanderson Farms Championship Winner?,Davis Riley,sports,0.005,81.82,0
Sanderson Farms Championship Winner?,Davis Thompson,sports,0.045,81.82,0
Sanderson Farms Championship Winner?,Emiliano Grillo,sports,0.025,81.82,0
Sanderson Farms Championship Winner?,Eric Cole,sports,0.005,81.82,0
Sanderson Farms Championship Winner?,Erik Van Rooyen,sports,0.01,81.82,0
Sanderson Farms Championship Winner?,Francesco Molinari,sports,0.005,81.82,0
Sanderson Farms Championship Winner?,Frankie Capan,sports,0.005,81.82,0
Sanderson Farms Championship Winner?,Garrick Higgo,sports,0.015,81.82,0
Sanderson Farms Championship Winner?,Gordon Sargent,sports,0.005,81.82,0
Sanderson Farms Championship Winner?,Grant Landry,sports,0.005,81.82,0
Sanderson Farms Championship Winner?,Greyson Sigg,sports,0.005,81.82,0
Sanderson Farms Championship Winner?,Harrison Endycott,sports,0.005,81.82,0
Sanderson Farms Championship Winner?,Harry Higgs,sports,0.005,81.82,0
Sanderson Farms Championship Winner?,Hayden Buckley,sports,0.005,81.82,0
Sanderson Farms Championship Winner?,Hayden Springer,sports,0.005,81.82,0
Sanderson Farms Championship Winner?,Henrik Norlander,sports,0.005,81.82,0
Sanderson Farms Championship Winner?,Isaiah Salinda,sports,0.005,81.82,0
Sanderson Farms Championship Winner?,J.T. Poston,sports,0.025,81.82,0
Sanderson Farms Championship Winner?,Jackson Suber,sports,0.005,81.82,0
Sanderson Farms Championship Winner?,Jacob Bridgeman,sports,0.015,81.82,0
Sanderson Farms Championship Winner?,Jeremy Paul,sports,0.005,81.82,0
Sanderson Farms Championship Winner?,Jesper Svensson,sports,0.005,81.82,0
Sanderson Farms Championship Winner?,Joel Dahmen,sports,0.005,81.82,0
Sanderson Farms Championship Winner?,John Pak,sports,0.005,81.82,0
Sanderson Farms Championship Winner?,Justin Lower,sports,0.005,81.82,0
Sanderson Farms Championship Winner?,Kaito Onishi,sports,0.005,81.82,0
Sanderson Farms Championship Winner?,Keith Mitchell,sports,0.015,81.82,0
Sanderson Farms Championship Winner?,Kevin Roy,sports,0.005,81.82,0
Sanderson Farms Championship Winner?,Kevin Streelman,sports,0.005,81.82,0
Sanderson Farms Championship Winner?,Kevin Velo,sports,0.005,81.82,0
Sanderson Farms Championship Winner?,Kevin Yu,sports,0.035,81.82,0
Sanderson Farms Championship Winner?,Kris Ventura,sports,0.005,81.82,0
Sanderson Farms Championship Winner?,Kye Meeks,sports,0.005,81.82,0
Sanderson Farms Championship Winner?,Lanto Griffin,sports,0.005,81.82,0
Sanderson Farms Championship Winner?,Lee Hodges,sports,0.005,81.82,0
Sanderson Farms Championship Winner?,Luke Clanton,sports,0.015,81.82,0
Sanderson Farms Championship Winner?,Luke List,sports,0.005,81.82,0
Sanderson Farms Championship Winner?,Mac Meissner,sports,0.015,81.82,0
Sanderson Farms Championship Winner?,Mackenzie Hughes,sports,0.015,81.82,0
Sanderson Farms Championship Winner?,Mark Hubbard,sports,0.015,81.82,0
Sanderson Farms Championship Winner?,Mason Andersen,sports,0.005,81.82,0
Sanderson Farms Championship Winner?,Matt Kuchar,sports,0.005,81.82,0
Sanderson Farms Championship Winner?,Matt Wallace,sports,0.015,81.82,0
Sanderson Farms Championship Winner?,Matteo Manassero,sports,0.005,81.82,0
Sanderson Farms Championship Winner?,Matthew NeSmith,sports,0.005,81.82,0
Sanderson Farms Championship Winner?,Matthew Riedel,sports,0.005,81.82,0
Sanderson Farms Championship Winner?,Matthieu Pavon,sports,0.005,81.82,0
Sanderson Farms Championship Winner?,Matti Schmid,sports,0.015,81.82,0
Sanderson Farms Championship Winner?,Max Homa,sports,0.025,81.82,0
Sanderson Farms Championship Winner?,Max McGreevy,sports,0.005,81.82,0
Sanderson Farms Championship Winner?,Michael La Sasso,sports,0.005,81.82,0
Sanderson Farms Championship Winner?,Michael Thorbjornsen,sports,0.035,81.82,0
Sanderson Farms Championship Winner?,Min Woo Lee,sports,0.035,81.82,0
Sanderson Farms Championship Winner?,Nick Dunlap,sports,0.005,81.82,0
Sanderson Farms Championship Winner?,Nicolai Hojgaard,sports,0.025,81.82,0
Sanderson Farms Championship Winner?,Niklas Norgaard Moller,sports,0.015,81.82,0
Sanderson Farms Championship Winner?,Noah Goodwin,sports,0.005,81.82,0
Sanderson Farms Championship Winner?,Norman Xiong,sports,0.005,81.82,0
Sanderson Farms Championship Winner?,Patrick Fishburn,sports,0.015,81.82,0
Sanderson Farms Championship Winner?,Patrick Rodgers,sports,0.01,81.82,0
Sanderson Farms Championship Winner?,Patton Kizzire,sports,0.005,81.82,0
Sanderson Farms Championship Winner?,Paul Peterson,sports,0.005,81.82,0
Sanderson Farms Championship Winner?,Peter Malnati,sports,0.005,81.82,0
Sanderson Farms Championship Winner?,Pierceson Coody,sports,0.01,81.82,0
Sanderson Farms Championship Winner?,Quade Cummins,sports,0.005,81.82,0
Sanderson Farms Championship Winner?,Rafael Campos,sports,0.005,81.82,0
Sanderson Farms Championship Winner?,Rasmus Hojgaard,sports,0.035,81.82,0
Sanderson Farms Championship Winner?,Ricky Castillo,sports,0.015,81.82,0
Sanderson Farms Championship Winner?,Rico Hoey,sports,0.025,81.82,0
Sanderson Farms Championship Winner?,Ryan Armour,sports,0.005,81.82,0
Sanderson Farms Championship Winner?,Ryan Palmer,sports,0.005,81.82,0
Sanderson Farms Championship Winner?,Ryo Hisatsune,sports,0.005,81.82,0
Sanderson Farms Championship Winner?,Sam Ryder,sports,0.005,81.82,0
Sanderson Farms Championship Winner?,Sam Stevens,sports,0.015,81.82,0
Sanderson Farms Championship Winner?,Sami Valimaki,sports,0.015,81.82,0
Sanderson Farms Championship Winner?,Seamus Power,sports,0.005,81.82,0
Sanderson Farms Championship Winner?,Stephan Jaeger,sports,0.01,81.82,0
Sanderson Farms Championship Winner?,Steven Fisk,sports,0.005,81.82,1
Sanderson Farms Championship Winner?,Takumi Kanaya,sports,0.005,81.82,0
Sanderson Farms Championship Winner?,Taylor Dickson,sports,0.005,81.82,0
Sanderson Farms Championship Winner?,Taylor Montgomery,sports,0.005,81.82,0
Sanderson Farms Championship Winner?,Taylor Moore,sports,0.015,81.82,0
Sanderson Farms Championship Winner?,Thomas Rosenmueller,sports,0.005,81.82,0
Sanderson Farms Championship Winner?,Thorbjorn Olesen,sports,0.015,81.82,0
Sanderson Farms Championship Winner?,Thriston Lawrence,sports,0.005,81.82,0
Sanderson Farms Championship Winner?,Tim Widing,sports,0.005,81.82,0
Sanderson Farms Championship Winner?,Tom Hoge,sports,0.005,81.82,0
Sanderson Farms Championship Winner?,Tom Kim,sports,0.005,81.82,0
Sanderson Farms Championship Winner?,Trevor Cone,sports,0.005,81.82,0
Sanderson Farms Championship Winner?,Trey Mullinax,sports,0.005,81.82,0
Sanderson Farms Championship Winner?,Victor Perez,sports,0.005,81.82,0
Sanderson Farms Championship Winner?,Vince Covello,sports,0.005,81.82,0
Sanderson Farms Championship Winner?,Vince Whaley,sports,0.015,81.82,0
Sanderson Farms Championship Winner?,Will Chandler,sports,0.005,81.82,0
Sanderson Farms Championship Winner?,Will Gordon,sports,0.005,81.82,0
Sanderson Farms Championship Winner?,William Mouw,sports,0.005,81.82,0
Sanderson Farms Championship Winner?,Zac Blair,sports,0.005,81.82,0
Sanderson Farms Championship Winner?,Zach Johnson,sports,0.005,81.82,0
Which program will win the Outstanding Comedy Series award at the 77th Emmy Awards?,Abbott Elementary,culture,0.01,1430.89,0
Which program will win the Outstanding Comedy Series award at the 77th Emmy Awards?,Hacks,culture,0.235,1430.89,0
Which program will win the Outstanding Comedy Series award at the 77th Emmy Awards?,Nobody Wants This,culture,0.005,1430.89,0
Which program will win the Outstanding Comedy Series award at the 77th Emmy Awards?,Only Murders in the Building,culture,0.015,1430.89,0
Which program will win the Outstanding Comedy Series award at the 77th Emmy Awards?,Shrinking,culture,0.005,1430.89,0
Which program will win the Outstanding Comedy Series award at the 77th Emmy Awards?,Somebody Somewhere,culture,0.5,1430.89,0
Which program will win the Outstanding Comedy Series award at the 77th Emmy Awards?,The Bear,culture,0.01,1430.89,0
Which program will win the Outstanding Comedy Series award at the 77th Emmy Awards?,The Studio,culture,0.695,1430.89,1
Which program will win the Outstanding Comedy Series award at the 77th Emmy Awards?,Tie,culture,0.005,1430.89,0
Which program will win the Outstanding Comedy Series award at the 77th Emmy Awards?,What We Do in the Shadows,culture,0.005,1430.89,0
"Which college football team, Hawai'i or Fresno St., will win the game scheduled for Sep 21, 2025?",Fresno St.,sports,0.57,7.26,1
"Which college football team, Hawai'i or Fresno St., will win the game scheduled for Sep 21, 2025?",Hawai'i,sports,0.43,7.26,0
T20 Asia Cup Winner?,Afghanistan,sports,0.005,61.2,0
T20 Asia Cup Winner?,Bangladesh,sports,0.005,61.2,0
T20 Asia Cup Winner?,Hong Kong,sports,0.005,61.2,0
T20 Asia Cup Winner?,India,sports,0.785,61.2,1
T20 Asia Cup Winner?,Oman,sports,0.005,61.2,0
T20 Asia Cup Winner?,Pakistan,sports,0.225,61.2,0
T20 Asia Cup Winner?,Sri Lanka,sports,0.005,61.2,0
T20 Asia Cup Winner?,United Arab Emirates,sports,0.005,61.2,0
"Which professional Club World Cup soccer team, Esperance Tunis or Los Angeles, will win the match scheduled for Jun 20, 2025 after 90 minutes plus stoppage time (excluding extra time and penalties)?",Esperance Tunis,sports,0.255,12.09,1
"Which professional Club World Cup soccer team, Esperance Tunis or Los Angeles, will win the match scheduled for Jun 20, 2025 after 90 minutes plus stoppage time (excluding extra time and penalties)?",Los Angeles,sports,0.465,12.09,0
"Which professional Club World Cup soccer team, Esperance Tunis or Los Angeles, will win the match scheduled for Jun 20, 2025 after 90 minutes plus stoppage time (excluding extra time and penalties)?",Tie,sports,0.27,12.09,0
"Which professional football team, Minnesota or Baltimore, will win the Baltimore at Minnesota game scheduled for Nov 9, 2025?",Baltimore,sports,0.675,211.29,1
"Which professional football team, Minnesota or Baltimore, will win the Baltimore at Minnesota game scheduled for Nov 9, 2025?",Minnesota,sports,0.325,211.29,0
"Which college football team, Kennesaw St. or Louisiana Tech, will win the game scheduled for Oct 9, 2025, at Kennesaw St.?",Kennesaw St.,sports,0.34,12.51,1
"Which college football team, Kennesaw St. or Louisiana Tech, will win the game scheduled for Oct 9, 2025, at Kennesaw St.?",Louisiana Tech,sports,0.665,12.51,0
"Which college football team, Florida International or Kennesaw St., will win the game scheduled for Oct 21, 2025?",Florida International,sports,0.455,45.94,0
"Which college football team, Florida International or Kennesaw St., will win the game scheduled for Oct 21, 2025?",Kennesaw St.,sports,0.54,45.94,1
"Which professional football team, New England or Cleveland, will win the Cleveland at New England game scheduled for Oct 26, 2025?",Cleveland,sports,0.26,283.89,0
"Which professional football team, New England or Cleveland, will win the Cleveland at New England game scheduled for Oct 26, 2025?",New England,sports,0.75,283.89,1
"Which college football team, Ohio or Bowling Green, will win the game at Ohio scheduled for Sep 27, 2025?",Bowling Green,sports,0.275,11.07,0
"Which college football team, Ohio or Bowling Green, will win the game at Ohio scheduled for Sep 27, 2025?",Ohio,sports,0.735,11.07,1
"Which professional UCL soccer team, Bodoe/Glimt or Tottenham, will win the game scheduled for Sep 30, 2025 after 90 minutes plus stoppage time (excluding extra time and penalties)?",Bodoe/Glimt,sports,0.295,260.98,0
"Which professional UCL soccer team, Bodoe/Glimt or Tottenham, will win the game scheduled for Sep 30, 2025 after 90 minutes plus stoppage time (excluding extra time and penalties)?",Tie,sports,0.245,260.98,1
"Which professional UCL soccer team, Bodoe/Glimt or Tottenham, will win the game scheduled for Sep 30, 2025 after 90 minutes plus stoppage time (excluding extra time and penalties)?",Tottenham,sports,0.455,260.98,0
"Which professional MLS soccer team, San Diego FC or Nashville, will win the game scheduled for Jul 25, 2025 after 90 minutes plus stoppage time (does not include extra time or penalties)?",Nashville,sports,0.34,88.79,0
"Which professional MLS soccer team, San Diego FC or Nashville, will win the game scheduled for Jul 25, 2025 after 90 minutes plus stoppage time (does not include extra time or penalties)?",San Diego FC,sports,0.41,88.79,1
"Which professional MLS soccer team, San Diego FC or Nashville, will win the game scheduled for Jul 25, 2025 after 90 minutes plus stoppage time (does not include extra time or penalties)?",Tie,sports,0.25,88.79,0
Sanderson Farms Championship Winner?,Danny Walker,sports,0.005,141.9,0
Sanderson Farms Championship Winner?,David Skinns,sports,0.005,141.9,0
Sanderson Farms Championship Winner?,Davis Riley,sports,0.005,141.9,0
Sanderson Farms Championship Winner?,Davis Thompson,sports,0.035,141.9,0
Sanderson Farms Championship Winner?,Emiliano Grillo,sports,0.025,141.9,0
Sanderson Farms Championship Winner?,Eric Cole,sports,0.005,141.9,0
Sanderson Farms Championship Winner?,Erik Van Rooyen,sports,0.01,141.9,0
Sanderson Farms Championship Winner?,Francesco Molinari,sports,0.005,141.9,0
Sanderson Farms Championship Winner?,Frankie Capan,sports,0.005,141.9,0
Sanderson Farms Championship Winner?,Garrick Higgo,sports,0.015,141.9,0
Sanderson Farms Championship Winner?,Gordon Sargent,sports,0.005,141.9,0
Sanderson Farms Championship Winner?,Grant Landry,sports,0.005,141.9,0
Sanderson Farms Championship Winner?,Greyson Sigg,sports,0.005,141.9,0
Sanderson Farms Championship Winner?,Harrison Endycott,sports,0.005,141.9,0
Sanderson Farms Championship Winner?,Harry Higgs,sports,0.005,141.9,0
Sanderson Farms Championship Winner?,Hayden Buckley,sports,0.005,141.9,0
Sanderson Farms Championship Winner?,Hayden Springer,sports,0.005,141.9,0
Sanderson Farms Championship Winner?,Henrik Norlander,sports,0.005,141.9,0
Sanderson Farms Championship Winner?,Isaiah Salinda,sports,0.005,141.9,0
Sanderson Farms Championship Winner?,J.T. Poston,sports,0.025,141.9,0
Sanderson Farms Championship Winner?,Jackson Suber,sports,0.005,141.9,0
Sanderson Farms Championship Winner?,Jacob Bridgeman,sports,0.015,141.9,0
Sanderson Farms Championship Winner?,Jeremy Paul,sports,0.005,141.9,0
Sanderson Farms Championship Winner?,Jesper Svensson,sports,0.005,141.9,0
Sanderson Farms Championship Winner?,Joel Dahmen,sports,0.005,141.9,0
Sanderson Farms Championship Winner?,John Pak,sports,0.005,141.9,0
Sanderson Farms Championship Winner?,Justin Lower,sports,0.005,141.9,0
Sanderson Farms Championship Winner?,Kaito Onishi,sports,0.005,141.9,0
Sanderson Farms Championship Winner?,Keith Mitchell,sports,0.015,141.9,0
Sanderson Farms Championship Winner?,Kevin Roy,sports,0.005,141.9,0
Sanderson Farms Championship Winner?,Kevin Streelman,sports,0.005,141.9,0
Sanderson Farms Championship Winner?,Kevin Velo,sports,0.005,141.9,0
Sanderson Farms Championship Winner?,Kevin Yu,sports,0.035,141.9,0
Sanderson Farms Championship Winner?,Kris Ventura,sports,0.005,141.9,0
Sanderson Farms Championship Winner?,Kye Meeks,sports,0.005,141.9,0
Sanderson Farms Championship Winner?,Lanto Griffin,sports,0.005,141.9,0
Sanderson Farms Championship Winner?,Lee Hodges,sports,0.005,141.9,0
Sanderson Farms Championship Winner?,Luke Clanton,sports,0.01,141.9,0
Sanderson Farms Championship Winner?,Luke List,sports,0.005,141.9,0
Sanderson Farms Championship Winner?,Mac Meissner,sports,0.01,141.9,0
Sanderson Farms Championship Winner?,Mackenzie Hughes,sports,0.015,141.9,0
Sanderson Farms Championship Winner?,Mark Hubbard,sports,0.015,141.9,0
Sanderson Farms Championship Winner?,Mason Andersen,sports,0.005,141.9,0
Sanderson Farms Championship Winner?,Matt Kuchar,sports,0.005,141.9,0
Sanderson Farms Championship Winner?,Matt Wallace,sports,0.015,141.9,0
Sanderson Farms Championship Winner?,Matteo Manassero,sports,0.005,141.9,0
Sanderson Farms Championship Winner?,Matthew NeSmith,sports,0.005,141.9,0
Sanderson Farms Championship Winner?,Matthew Riedel,sports,0.005,141.9,0
Sanderson Farms Championship Winner?,Matthieu Pavon,sports,0.005,141.9,0
Sanderson Farms Championship Winner?,Matti Schmid,sports,0.005,141.9,0
Sanderson Farms Championship Winner?,Max Homa,sports,0.02,141.9,0
Sanderson Farms Championship Winner?,Max McGreevy,sports,0.005,141.9,0
Sanderson Farms Championship Winner?,Michael La Sasso,sports,0.005,141.9,0
Sanderson Farms Championship Winner?,Michael Thorbjornsen,sports,0.035,141.9,0
Sanderson Farms Championship Winner?,Min Woo Lee,sports,0.035,141.9,0
Sanderson Farms Championship Winner?,Nick Dunlap,sports,0.005,141.9,0
Sanderson Farms Championship Winner?,Nicolai Hojgaard,sports,0.025,141.9,0
Sanderson Farms Championship Winner?,Niklas Norgaard Moller,sports,0.015,141.9,0
Sanderson Farms Championship Winner?,Noah Goodwin,sports,0.005,141.9,0
Sanderson Farms Championship Winner?,Norman Xiong,sports,0.005,141.9,0
Sanderson Farms Championship Winner?,Patrick Fishburn,sports,0.015,141.9,0
Sanderson Farms Championship Winner?,Patrick Rodgers,sports,0.005,141.9,0
Sanderson Farms Championship Winner?,Patton Kizzire,sports,0.005,141.9,0
Sanderson Farms Championship Winner?,Paul Peterson,sports,0.005,141.9,0
Sanderson Farms Championship Winner?,Peter Malnati,sports,0.005,141.9,0
Sanderson Farms Championship Winner?,Pierceson Coody,sports,0.005,141.9,0
Sanderson Farms Championship Winner?,Quade Cummins,sports,0.005,141.9,0
Sanderson Farms Championship Winner?,Rafael Campos,sports,0.005,141.9,0
Sanderson Farms Championship Winner?,Rasmus Hojgaard,sports,0.035,141.9,0
Sanderson Farms Championship Winner?,Ricky Castillo,sports,0.015,141.9,0
Sanderson Farms Championship Winner?,Rico Hoey,sports,0.025,141.9,0
Sanderson Farms Championship Winner?,Ryan Armour,sports,0.005,141.9,0
Sanderson Farms Championship Winner?,Ryan Palmer,sports,0.005,141.9,0
Sanderson Farms Championship Winner?,Ryo Hisatsune,sports,0.005,141.9,0
Sanderson Farms Championship Winner?,Sam Ryder,sports,0.005,141.9,0
Sanderson Farms Championship Winner?,Sam Stevens,sports,0.015,141.9,0
Sanderson Farms Championship Winner?,Sami Valimaki,sports,0.015,141.9,0
Sanderson Farms Championship Winner?,Seamus Power,sports,0.005,141.9,0
Sanderson Farms Championship Winner?,Stephan Jaeger,sports,0.01,141.9,0
Sanderson Farms Championship Winner?,Steven Fisk,sports,0.005,141.9,1
Sanderson Farms Championship Winner?,Takumi Kanaya,sports,0.005,141.9,0
Sanderson Farms Championship Winner?,Taylor Dickson,sports,0.005,141.9,0
Sanderson Farms Championship Winner?,Taylor Montgomery,sports,0.005,141.9,0
Sanderson Farms Championship Winner?,Taylor Moore,sports,0.015,141.9,0
Sanderson Farms Championship Winner?,Thomas Rosenmueller,sports,0.005,141.9,0
Sanderson Farms Championship Winner?,Thorbjorn Olesen,sports,0.015,141.9,0
Sanderson Farms Championship Winner?,Thriston Lawrence,sports,0.005,141.9,0
Sanderson Farms Championship Winner?,Tim Widing,sports,0.005,141.9,0
Sanderson Farms Championship Winner?,Tom Hoge,sports,0.005,141.9,0
Sanderson Farms Championship Winner?,Tom Kim,sports,0.005,141.9,0
Sanderson Farms Championship Winner?,Trevor Cone,sports,0.005,141.9,0
Sanderson Farms Championship Winner?,Trey Mullinax,sports,0.005,141.9,0
Sanderson Farms Championship Winner?,Victor Perez,sports,0.005,141.9,0
Sanderson Farms Championship Winner?,Vince Covello,sports,0.005,141.9,0
Sanderson Farms Championship Winner?,Vince Whaley,sports,0.015,141.9,0
Sanderson Farms Championship Winner?,Will Chandler,sports,0.005,141.9,0
Sanderson Farms Championship Winner?,Will Gordon,sports,0.005,141.9,0
Sanderson Farms Championship Winner?,William Mouw,sports,0.01,141.9,0
Sanderson Farms Championship Winner?,Zac Blair,sports,0.005,141.9,0
Sanderson Farms Championship Winner?,Zach Johnson,sports,0.005,141.9,0
"Will Kai Cenat have their hair physically cut or removed from their head during a live stream at any time after issuance and before Oct 1, 2025?",Yes,culture,0.545,310.71,1
"Which professional baseball team, Los Angeles D or Minnesota, will win the game scheduled for Jul 22, 2025?",Los Angeles D,sports,0.665,17.52,0
"Which professional baseball team, Los Angeles D or Minnesota, will win the game scheduled for Jul 22, 2025?",Minnesota,sports,0.335,17.52,1
"Which college football team, Missouri St. or Tennessee-Martin, will win the Tennessee-Martin at Missouri St. game scheduled for Sep 20, 2025?",Missouri St.,sports,0.835,25.57,1
"Which college football team, Missouri St. or Tennessee-Martin, will win the Tennessee-Martin at Missouri St. game scheduled for Sep 20, 2025?",Tennessee-Martin,sports,0.175,25.57,0
"Will any McDonald's Corporation representative (including the operator) say the word ""Dividend"" during McDonald’s Corporation's next earnings call (including the Q+A)?",Buffalo,finance,0.455,135.18,0
"Will any McDonald's Corporation representative (including the operator) say the word ""Dividend"" during McDonald’s Corporation's next earnings call (including the Q+A)?",Competition,finance,0.61,135.18,0
"Will any McDonald's Corporation representative (including the operator) say the word ""Dividend"" during McDonald’s Corporation's next earnings call (including the Q+A)?",Delivery,finance,0.36,135.18,1
"Will any McDonald's Corporation representative (including the operator) say the word ""Dividend"" during McDonald’s Corporation's next earnings call (including the Q+A)?",Dividend,finance,0.77,135.18,1
"Will any McDonald's Corporation representative (including the operator) say the word ""Dividend"" during McDonald’s Corporation's next earnings call (including the Q+A)?",Happy Meal,finance,0.655,135.18,1
"Will any McDonald's Corporation representative (including the operator) say the word ""Dividend"" during McDonald’s Corporation's next earnings call (including the Q+A)?",Loyalty,finance,0.78,135.18,1
"Will any McDonald's Corporation representative (including the operator) say the word ""Dividend"" during McDonald’s Corporation's next earnings call (including the Q+A)?",McCrispy Chicken,finance,0.335,135.18,0
"Will any McDonald's Corporation representative (including the operator) say the word ""Dividend"" during McDonald’s Corporation's next earnings call (including the Q+A)?",Monopoly,finance,0.855,135.18,1
"Will any McDonald's Corporation representative (including the operator) say the word ""Dividend"" during McDonald’s Corporation's next earnings call (including the Q+A)?",Revenue,finance,0.275,135.18,0
"Will any McDonald's Corporation representative (including the operator) say the word ""Dividend"" during McDonald’s Corporation's next earnings call (including the Q+A)?",Speedee Lab,finance,0.245,135.18,0
"Will any McDonald's Corporation representative (including the operator) say the word ""Dividend"" during McDonald’s Corporation's next earnings call (including the Q+A)?",Supply Chain,finance,0.425,135.18,1
"Will any McDonald's Corporation representative (including the operator) say the word ""Dividend"" during McDonald’s Corporation's next earnings call (including the Q+A)?",Tariff,finance,0.685,135.18,1
"Which individual will be announced as the first new non-interim chair (party leader) of the Kuomintang (KMT) before Nov 1, 2025?",Chang Ya-chung,politics,0.145,290.56,0
"Which individual will be announced as the first new non-interim chair (party leader) of the Kuomintang (KMT) before Nov 1, 2025?",Cheng Li-wun,politics,0.2,290.56,1
"Which individual will be announced as the first new non-interim chair (party leader) of the Kuomintang (KMT) before Nov 1, 2025?",Cho Po-yuan,politics,0.075,290.56,0
"Which individual will be announced as the first new non-interim chair (party leader) of the Kuomintang (KMT) before Nov 1, 2025?",Lo Chih-chiang,politics,0.305,290.56,0
"Which individual will be announced as the first new non-interim chair (party leader) of the Kuomintang (KMT) before Nov 1, 2025?",Tsai Chih-hung,politics,0.045,290.56,0
"Which professional football team, Tennessee or Houston, will win the game scheduled for Sep 28, 2025?",Houston,sports,0.775,7.81,1
"Which professional football team, Tennessee or Houston, will win the game scheduled for Sep 28, 2025?",Tennessee,sports,0.225,7.81,0
"Which professional MLS soccer team, Chicago Fire or Charlotte, will win the game scheduled for Jun 28, 2025 after 90 minutes plus stoppage time (excluding extra time and penalties)?",Charlotte,sports,0.3,33.62,0
"Which professional MLS soccer team, Chicago Fire or Charlotte, will win the game scheduled for Jun 28, 2025 after 90 minutes plus stoppage time (excluding extra time and penalties)?",Chicago Fire,sports,0.47,33.62,1
"Which professional MLS soccer team, Chicago Fire or Charlotte, will win the game scheduled for Jun 28, 2025 after 90 minutes plus stoppage time (excluding extra time and penalties)?",Tie,sports,0.24,33.62,0
"Which professional football team, Baltimore or Houston, will win the game scheduled for Oct 5, 2025?",Baltimore,sports,0.415,163.79,0
"Which professional football team, Baltimore or Houston, will win the game scheduled for Oct 5, 2025?",Houston,sports,0.485,163.79,1
"Which professional football team, Los Angeles R or San Francisco, will win the game scheduled for Oct 2, 2025?",Los Angeles R,sports,0.725,49.89,0
"Which professional football team, Los Angeles R or San Francisco, will win the game scheduled for Oct 2, 2025?",San Francisco,sports,0.275,49.89,1
"Which college football team, Appalachian St. or Oregon St., will win the game scheduled for Oct 4, 2025?",Appalachian St.,sports,0.525,9.16,1
"Which college football team, Appalachian St. or Oregon St., will win the game scheduled for Oct 4, 2025?",Oregon St.,sports,0.475,9.16,0
"Which college football team, Oregon St. or Houston, will win the Houston at Oregon St. game scheduled for Sep 26, 2025?",Houston,sports,0.835,75.58,1
"Which college football team, Oregon St. or Houston, will win the Houston at Oregon St. game scheduled for Sep 26, 2025?",Oregon St.,sports,0.165,75.58,0
AL Central Division Winner?,Chicago WS,sports,0.005,15.01,0
AL Central Division Winner?,Cleveland,sports,0.78,15.01,1
AL Central Division Winner?,Detroit,sports,0.215,15.01,0
AL Central Division Winner?,Kansas City,sports,0.005,15.01,0
AL Central Division Winner?,Minnesota,sports,0.005,15.01,0
Which participants will be officially eliminated from Survivor Season 49 Episode 4?,Alex Moore,sports,0.03,64.52,0
Which participants will be officially eliminated from Survivor Season 49 Episode 4?,Jason Treul,sports,0.255,64.52,0
Which participants will be officially eliminated from Survivor Season 49 Episode 4?,Jawan Pitts,sports,0.03,64.52,0
Which participants will be officially eliminated from Survivor Season 49 Episode 4?,Kristina Mills,sports,0.03,64.52,0
Which participants will be officially eliminated from Survivor Season 49 Episode 4?,Matt Williams,sports,0.66,64.52,1
Which participants will be officially eliminated from Survivor Season 49 Episode 4?,Michelle “MC” Chukwujekwu,sports,0.03,64.52,0
Which participants will be officially eliminated from Survivor Season 49 Episode 4?,Nate Moore,sports,0.03,64.52,0
Which participants will be officially eliminated from Survivor Season 49 Episode 4?,Rizo Velovic,sports,0.015,64.52,0
Which participants will be officially eliminated from Survivor Season 49 Episode 4?,Sage Ahrens-Nichols,sports,0.03,64.52,0
Which participants will be officially eliminated from Survivor Season 49 Episode 4?,Savannah Louie,sports,0.015,64.52,0
Which participants will be officially eliminated from Survivor Season 49 Episode 4?,Shannon Fairweather,sports,0.205,64.52,0
Which participants will be officially eliminated from Survivor Season 49 Episode 4?,Sophi Balerdi,sports,0.04,64.52,0
Which participants will be officially eliminated from Survivor Season 49 Episode 4?,Sophie Segreti,sports,0.03,64.52,0
Which participants will be officially eliminated from Survivor Season 49 Episode 4?,Steven Ramm,sports,0.03,64.52,0
"Which professional English Premier League (EPL) soccer team, West Ham or Burnley, will win the match scheduled for Nov 8, 2025 after 90 minutes plus stoppage time (excluding extra time and penalties)?",Burnley,sports,0.26,279.73,0
"Which professional English Premier League (EPL) soccer team, West Ham or Burnley, will win the match scheduled for Nov 8, 2025 after 90 minutes plus stoppage time (excluding extra time and penalties)?",Tie,sports,0.27,279.73,0
"Which professional English Premier League (EPL) soccer team, West Ham or Burnley, will win the match scheduled for Nov 8, 2025 after 90 minutes plus stoppage time (excluding extra time and penalties)?",West Ham,sports,0.48,279.73,1
What will the announcers say during the Kansas City at Jacksonville Pro football game?,Concussion Protocol,politics,0.2,13.45,0
What will the announcers say during the Kansas City at Jacksonville Pro football game?,Face Mask / Facemask,politics,0.705,13.45,0
What will the announcers say during the Kansas City at Jacksonville Pro football game?,Fumble,politics,0.87,13.45,1
What will the announcers say during the Kansas City at Jacksonville Pro football game?,Hail Mary,politics,0.275,13.45,0
What will the announcers say during the Kansas City at Jacksonville Pro football game?,Inch / Inches,politics,0.845,13.45,0
What will the announcers say during the Kansas City at Jacksonville Pro football game?,Intentional Grounding,politics,0.34,13.45,0
What will the announcers say during the Kansas City at Jacksonville Pro football game?,Late Hit,politics,0.41,13.45,0
What will the announcers say during the Kansas City at Jacksonville Pro football game?,Miracle,politics,0.22,13.45,0
What will the announcers say during the Kansas City at Jacksonville Pro football game?,One Handed,politics,0.595,13.45,0
What will the announcers say during the Kansas City at Jacksonville Pro football game?,Onside Kick,politics,0.255,13.45,0
What will the announcers say during the Kansas City at Jacksonville Pro football game?,Overtime,politics,0.36,13.45,0
What will the announcers say during the Kansas City at Jacksonville Pro football game?,Pick Six,politics,0.19,13.45,1
What will the announcers say during the Kansas City at Jacksonville Pro football game?,Pylon,politics,0.595,13.45,0
What will the announcers say during the Kansas City at Jacksonville Pro football game?,Rashee Rice,politics,0.885,13.45,0
What will the announcers say during the Kansas City at Jacksonville Pro football game?,Roughing the Passer,politics,0.42,13.45,0
What will the announcers say during the Kansas City at Jacksonville Pro football game?,Safety,politics,0.95,13.45,1
What will the announcers say during the Kansas City at Jacksonville Pro football game?,Taunting,politics,0.22,13.45,0
What will the announcers say during the Kansas City at Jacksonville Pro football game?,Taylor Swift,politics,0.515,13.45,0
What will the announcers say during the Kansas City at Jacksonville Pro football game?,Turf,politics,0.465,13.45,0
What will the announcers say during the Kansas City at Jacksonville Pro football game?,Wild,politics,0.635,13.45,0
"Which professional UCL soccer team, Marseille or Ajax, will win the game scheduled for Sep 30, 2025 after 90 minutes plus stoppage time (does not include extra time or penalties)?",Ajax,sports,0.14,7.02,0
"Which professional UCL soccer team, Marseille or Ajax, will win the game scheduled for Sep 30, 2025 after 90 minutes plus stoppage time (does not include extra time or penalties)?",Marseille,sports,0.675,7.02,1
"Which professional UCL soccer team, Marseille or Ajax, will win the game scheduled for Sep 30, 2025 after 90 minutes plus stoppage time (does not include extra time or penalties)?",Tie,sports,0.195,7.02,0
"What will be the total number of Spotify streams for Taylor Swift's song 'The Fate of Ophelia' on Spotify by 10:00 AM ET on October 31, 2025?",More than 290 million,culture,0.995,35.19,1
"What will be the total number of Spotify streams for Taylor Swift's song 'The Fate of Ophelia' on Spotify by 10:00 AM ET on October 31, 2025?",More than 295 million,culture,0.995,35.19,1
"What will be the total number of Spotify streams for Taylor Swift's song 'The Fate of Ophelia' on Spotify by 10:00 AM ET on October 31, 2025?",More than 300 million,culture,0.995,35.19,1
"What will be the total number of Spotify streams for Taylor Swift's song 'The Fate of Ophelia' on Spotify by 10:00 AM ET on October 31, 2025?",More than 305 million,culture,0.995,35.19,1
"What will be the total number of Spotify streams for Taylor Swift's song 'The Fate of Ophelia' on Spotify by 10:00 AM ET on October 31, 2025?",More than 310 million,culture,0.995,35.19,1
"What will be the total number of Spotify streams for Taylor Swift's song 'The Fate of Ophelia' on Spotify by 10:00 AM ET on October 31, 2025?",More than 315 million,culture,0.995,35.19,1
"What will be the total number of Spotify streams for Taylor Swift's song 'The Fate of Ophelia' on Spotify by 10:00 AM ET on October 31, 2025?",More than 320 million,culture,0.995,35.19,1
"What will be the total number of Spotify streams for Taylor Swift's song 'The Fate of Ophelia' on Spotify by 10:00 AM ET on October 31, 2025?",More than 325 million,culture,0.995,35.19,1
"What will be the total number of Spotify streams for Taylor Swift's song 'The Fate of Ophelia' on Spotify by 10:00 AM ET on October 31, 2025?",More than 330 million,culture,0.99,35.19,1
"What will be the total number of Spotify streams for Taylor Swift's song 'The Fate of Ophelia' on Spotify by 10:00 AM ET on October 31, 2025?",More than 335 million,culture,0.99,35.19,1
"What will be the total number of Spotify streams for Taylor Swift's song 'The Fate of Ophelia' on Spotify by 10:00 AM ET on October 31, 2025?",More than 340 million,culture,0.485,35.19,1
"What will be the total number of Spotify streams for Taylor Swift's song 'The Fate of Ophelia' on Spotify by 10:00 AM ET on October 31, 2025?",More than 345 million,culture,0.035,35.19,0
"What will be the total number of Spotify streams for Taylor Swift's song 'The Fate of Ophelia' on Spotify by 10:00 AM ET on October 31, 2025?",More than 350 million,culture,0.005,35.19,0
"Which professional baseball team, Milwaukee or Washington, will win the game scheduled for Jul 11, 2025?",Milwaukee,sports,0.635,14.53,1
"Which professional baseball team, Milwaukee or Washington, will win the game scheduled for Jul 11, 2025?",Washington,sports,0.365,14.53,0
"Which professional basketball team, Cleveland or Milwaukee, will win the game scheduled for Oct 26, 2025?",Cleveland,sports,0.54,48.4,1
"Which professional basketball team, Cleveland or Milwaukee, will win the game scheduled for Oct 26, 2025?",Milwaukee,sports,0.54,48.4,0
"Which college football team, South Carolina or Kentucky, will win the game scheduled for Sep 27, 2025 at South Carolina?",Kentucky,sports,0.345,24.48,0
"Which college football team, South Carolina or Kentucky, will win the game scheduled for Sep 27, 2025 at South Carolina?",South Carolina,sports,0.655,24.48,1
"Which professional UEFA Champions League (UCL) team, Bayern Munich or Club Brugge, will win the match scheduled for Oct 22, 2025 after 90 minutes plus stoppage time (excluding extra time and penalties)?",Bayern Munich,sports,0.845,20.64,1
"Which professional UEFA Champions League (UCL) team, Bayern Munich or Club Brugge, will win the match scheduled for Oct 22, 2025 after 90 minutes plus stoppage time (excluding extra time and penalties)?",Club Brugge,sports,0.045,20.64,0
"Which professional UEFA Champions League (UCL) team, Bayern Munich or Club Brugge, will win the match scheduled for Oct 22, 2025 after 90 minutes plus stoppage time (excluding extra time and penalties)?",Tie,sports,0.1,20.64,0
What will the Land Ocean-Temperature Index (LOTI) value be for August 2025?,1.02999 or below,science_tech,0.05,363.77,0
What will the Land Ocean-Temperature Index (LOTI) value be for August 2025?,1.03 to 1.09,science_tech,0.795,363.77,1
What will the Land Ocean-Temperature Index (LOTI) value be for August 2025?,1.10 to 1.16,science_tech,0.28,363.77,0
What will the Land Ocean-Temperature Index (LOTI) value be for August 2025?,1.17 to 1.23,science_tech,0.02,363.77,0
What will the Land Ocean-Temperature Index (LOTI) value be for August 2025?,1.24 to 1.30,science_tech,0.015,363.77,0
What will the Land Ocean-Temperature Index (LOTI) value be for August 2025?,1.30001 or above,science_tech,0.01,363.77,0
"Which college football team, Rice or Memphis, will win the game scheduled for Oct 31, 2025?",Memphis,sports,0.495,217.92,1
"Which college football team, Rice or Memphis, will win the game scheduled for Oct 31, 2025?",Rice,sports,0.3,217.92,0
"Which professional football team, Dallas or Green Bay, will win the Green Bay at Dallas game scheduled for Sep 28, 2025?",Dallas,sports,0.255,122.14,0
"Which professional football team, Dallas or Green Bay, will win the Green Bay at Dallas game scheduled for Sep 28, 2025?",Green Bay,sports,0.745,122.14,0
"Which professional basketball team, Los Angeles L or Minnesota, will win the game scheduled for Oct 29, 2025?",Los Angeles L,sports,0.295,26.45,1
"Which professional basketball team, Los Angeles L or Minnesota, will win the game scheduled for Oct 29, 2025?",Minnesota,sports,0.7,26.45,0
"Which professional La Liga soccer team, Mallorca or Alaves, will win the game scheduled for Sep 27, 2025 after 90 minutes plus stoppage time (does not include extra time or penalties)?",Alaves,sports,0.27,114.47,0
"Which professional La Liga soccer team, Mallorca or Alaves, will win the game scheduled for Sep 27, 2025 after 90 minutes plus stoppage time (does not include extra time or penalties)?",Mallorca,sports,0.42,114.47,1
"Which professional La Liga soccer team, Mallorca or Alaves, will win the game scheduled for Sep 27, 2025 after 90 minutes plus stoppage time (does not include extra time or penalties)?",Tie,sports,0.31,114.47,0
Which of the listed words will MrBeast say in his next YouTube video?,Amazon,politics,0.12,60.31,0
Which of the listed words will MrBeast say in his next YouTube video?,Beast,politics,0.375,60.31,0
Which of the listed words will MrBeast say in his next YouTube video?,Camera,politics,0.54,60.31,0
Which of the listed words will MrBeast say in his next YouTube video?,Challenge,politics,0.605,60.31,1
Which of the listed words will MrBeast say in his next YouTube video?,Chocolate,politics,0.595,60.31,0
Which of the listed words will MrBeast say in his next YouTube video?,Contestant,politics,0.36,60.31,0
Which of the listed words will MrBeast say in his next YouTube video?,Elimination,politics,0.19,60.31,0
Which of the listed words will MrBeast say in his next YouTube video?,Feastable,politics,0.785,60.31,1
Which of the listed words will MrBeast say in his next YouTube video?,Insane,politics,0.64,60.31,1
Which of the listed words will MrBeast say in his next YouTube video?,Island,politics,0.5,60.31,1
Which of the listed words will MrBeast say in his next YouTube video?,Million,politics,0.74,60.31,1
Which of the listed words will MrBeast say in his next YouTube video?,Money,politics,0.705,60.31,1
Which of the listed words will MrBeast say in his next YouTube video?,Prize,politics,0.395,60.31,0
Which of the listed words will MrBeast say in his next YouTube video?,SeatGeek,politics,0.145,60.31,0
Which of the listed words will MrBeast say in his next YouTube video?,Squid Game,politics,0.09,60.31,0
Which of the listed words will MrBeast say in his next YouTube video?,Subscribe,politics,0.505,60.31,1
Which of the listed words will MrBeast say in his next YouTube video?,Survive,politics,0.525,60.31,1
Which of the listed words will MrBeast say in his next YouTube video?,Tesla,politics,0.125,60.31,0
Which of the listed words will MrBeast say in his next YouTube video?,Time,politics,0.915,60.31,1
Which of the listed words will MrBeast say in his next YouTube video?,Water,politics,0.805,60.31,1
"Which college football team, Missouri St. or Tennessee-Martin, will win the Tennessee-Martin at Missouri St. game scheduled for Sep 20, 2025?",Missouri St.,sports,0.845,6.82,1
"Which college football team, Missouri St. or Tennessee-Martin, will win the Tennessee-Martin at Missouri St. game scheduled for Sep 20, 2025?",Tennessee-Martin,sports,0.165,6.82,0
"Which professional football team, Los Angeles R or Houston, will win the game scheduled for Sep 7, 2025?",Houston,sports,0.425,143.33,0
"Which professional football team, Los Angeles R or Houston, will win the game scheduled for Sep 7, 2025?",Los Angeles R,sports,0.58,143.33,1
What will Catherine Connolly's margin of victory (in percentage points) be in the final round of the 2025 Irish presidential election in Ireland?,At least 30%,other,0.995,45.17,1
What will Catherine Connolly's margin of victory (in percentage points) be in the final round of the 2025 Irish presidential election in Ireland?,Between 0% and 4.99%,other,0.005,45.17,0
What will Catherine Connolly's margin of victory (in percentage points) be in the final round of the 2025 Irish presidential election in Ireland?,Between 10% and 14.99%,other,0.005,45.17,0
What will Catherine Connolly's margin of victory (in percentage points) be in the final round of the 2025 Irish presidential election in Ireland?,Between 15% and 19.99%,other,0.005,45.17,0
What will Catherine Connolly's margin of victory (in percentage points) be in the final round of the 2025 Irish presidential election in Ireland?,Between 20% and 24.99%,other,0.005,45.17,0
What will Catherine Connolly's margin of victory (in percentage points) be in the final round of the 2025 Irish presidential election in Ireland?,Between 25% and 29.99%,other,0.005,45.17,0
What will Catherine Connolly's margin of victory (in percentage points) be in the final round of the 2025 Irish presidential election in Ireland?,Between 5% and 9.99%,other,0.005,45.17,0
What will Catherine Connolly's margin of victory (in percentage points) be in the final round of the 2025 Irish presidential election in Ireland?,Less than 0%,other,0.005,45.17,0
"Which men's college basketball team, Utah or Sam Houston, will win the game scheduled for Nov 15, 2025?",Sam Houston,sports,0.155,28.32,0
"Which men's college basketball team, Utah or Sam Houston, will win the game scheduled for Nov 15, 2025?",Utah,sports,0.87,28.32,1
"Which college football team, Central Michigan or Eastern Michigan, will win the Eastern Michigan at Central Michigan game scheduled for Sep 27, 2025?",Central Michigan,sports,0.6,10.32,1
"Which college football team, Central Michigan or Eastern Michigan, will win the Eastern Michigan at Central Michigan game scheduled for Sep 27, 2025?",Eastern Michigan,sports,0.4,10.32,0
"Which college football team, Coastal Carolina or Marshall, will win the game scheduled for Oct 30, 2025?",Coastal Carolina,sports,0.385,96.91,1
"Which college football team, Coastal Carolina or Marshall, will win the game scheduled for Oct 30, 2025?",Marshall,sports,0.615,96.91,0
Grant Park 165 winner?,AJ Allmendinger,sports,0.035,105.35,0
Grant Park 165 winner?,Alex Bowman,sports,0.025,105.35,0
Grant Park 165 winner?,Austin Cindric,sports,0.015,105.35,0
Grant Park 165 winner?,Austin Dillon,sports,0.005,105.35,0
Grant Park 165 winner?,Austin Hill,sports,0.005,105.35,0
Grant Park 165 winner?,Brad Keselowski,sports,0.005,105.35,0
Grant Park 165 winner?,Bubba Wallace,sports,0.005,105.35,0
Grant Park 165 winner?,Carson Hocevar,sports,0.015,105.35,0
Grant Park 165 winner?,Chase Briscoe,sports,0.015,105.35,0
Grant Park 165 winner?,Chase Elliott,sports,0.045,105.35,0
Grant Park 165 winner?,Chris Buescher,sports,0.02,105.35,0
Grant Park 165 winner?,Christopher Bell,sports,0.1,105.35,0
Grant Park 165 winner?,Cody Ware,sports,0.005,105.35,0
Grant Park 165 winner?,Cole Custer,sports,0.005,105.35,0
Grant Park 165 winner?,Corey Heim,sports,0.005,105.35,0
Grant Park 165 winner?,Daniel Suarez,sports,0.015,105.35,0
Grant Park 165 winner?,Denny Hamlin,sports,0.01,105.35,0
Grant Park 165 winner?,Erik Jones,sports,0.005,105.35,0
Grant Park 165 winner?,Joey Logano,sports,0.01,105.35,0
Grant Park 165 winner?,John H. Nemechek,sports,0.005,105.35,0
Grant Park 165 winner?,Josh Berry,sports,0.005,105.35,0
Grant Park 165 winner?,Josh Bilicki,sports,0.005,105.35,0
Grant Park 165 winner?,Justin Haley,sports,0.005,105.35,0
Grant Park 165 winner?,Katherine Legge,sports,0.005,105.35,0
Grant Park 165 winner?,Kyle Busch,sports,0.015,105.35,0
Grant Park 165 winner?,Kyle Larson,sports,0.08,105.35,0
Grant Park 165 winner?,Michael McDowell,sports,0.02,105.35,0
Grant Park 165 winner?,Noah Gragson,sports,0.005,105.35,0
Grant Park 165 winner?,Ricky Stenhouse Jr.,sports,0.005,105.35,0
Grant Park 165 winner?,Riley Herbst,sports,0.005,105.35,0
Grant Park 165 winner?,Ross Chastain,sports,0.015,105.35,0
Grant Park 165 winner?,Ryan Blaney,sports,0.015,105.35,0
Grant Park 165 winner?,Ryan Preece,sports,0.005,105.35,0
Grant Park 165 winner?,Shane Van Gisbergen,sports,0.315,105.35,1
Grant Park 165 winner?,Todd Gilliland,sports,0.005,105.35,0
Grant Park 165 winner?,Ty Dillon,sports,0.005,105.35,0
Grant Park 165 winner?,Ty Gibbs,sports,0.07,105.35,0
Grant Park 165 winner?,Tyler Reddick,sports,0.055,105.35,0
Grant Park 165 winner?,Will Brown,sports,0.025,105.35,0
Grant Park 165 winner?,William Byron,sports,0.035,105.35,0
Grant Park 165 winner?,Zane Smith,sports,0.005,105.35,0
"Will The Conjuring: Last Rites have a Rotten Tomatoes Tomatometer score above 45 on Sep 8, 2025 at 10:00 AM ET?",Above 45,culture,0.985,66.81,1
"Will The Conjuring: Last Rites have a Rotten Tomatoes Tomatometer score above 45 on Sep 8, 2025 at 10:00 AM ET?",Above 50,culture,0.84,66.81,1
"Will The Conjuring: Last Rites have a Rotten Tomatoes Tomatometer score above 45 on Sep 8, 2025 at 10:00 AM ET?",Above 55,culture,0.07,66.81,1
"Will The Conjuring: Last Rites have a Rotten Tomatoes Tomatometer score above 45 on Sep 8, 2025 at 10:00 AM ET?",Above 60,culture,0.02,66.81,0
"Will The Conjuring: Last Rites have a Rotten Tomatoes Tomatometer score above 45 on Sep 8, 2025 at 10:00 AM ET?",Above 65,culture,0.005,66.81,0
"Will The Conjuring: Last Rites have a Rotten Tomatoes Tomatometer score above 45 on Sep 8, 2025 at 10:00 AM ET?",Above 70,culture,0.005,66.81,0
"Will The Conjuring: Last Rites have a Rotten Tomatoes Tomatometer score above 45 on Sep 8, 2025 at 10:00 AM ET?",Above 75,culture,0.005,66.81,0
"Will The Conjuring: Last Rites have a Rotten Tomatoes Tomatometer score above 45 on Sep 8, 2025 at 10:00 AM ET?",Above 90,culture,0.005,66.81,0
"Which team, Indiana or Las Vegas, will win the Indiana vs Las Vegas series in the 2025 women's professional basketball playoffs?",Indiana,sports,0.29,45.54,0
"Which team, Indiana or Las Vegas, will win the Indiana vs Las Vegas series in the 2025 women's professional basketball playoffs?",Las Vegas,sports,0.71,45.54,1
"Which college football team, Ole Miss or LSU, will win the game scheduled for Sep 27, 2025 at Ole Miss?",LSU,sports,0.455,7.73,0
"Which college football team, Ole Miss or LSU, will win the game scheduled for Sep 27, 2025 at Ole Miss?",Ole Miss,sports,0.545,7.73,1
"Will the President sign any Executive Orders between Sep 8, 2025 and Sep 15, 2025?",Above 0,politics,0.42,99.89,0
"Which college football team, UCLA or Maryland, will win the Maryland at UCLA game scheduled for Oct 18, 2025?",Maryland,sports,0.445,147.03,0
"Which college football team, UCLA or Maryland, will win the Maryland at UCLA game scheduled for Oct 18, 2025?",UCLA,sports,0.56,147.03,1
"Which professional UCL soccer team, Arsenal or Olympiacos, will win the match scheduled for Oct 1, 2025 after 90 minutes plus stoppage time (excluding extra time and penalties)?",Arsenal,sports,0.855,21.05,1
"Which professional UCL soccer team, Arsenal or Olympiacos, will win the match scheduled for Oct 1, 2025 after 90 minutes plus stoppage time (excluding extra time and penalties)?",Olympiacos,sports,0.045,21.05,0
"Which professional UCL soccer team, Arsenal or Olympiacos, will win the match scheduled for Oct 1, 2025 after 90 minutes plus stoppage time (excluding extra time and penalties)?",Tie,sports,0.105,21.05,0
"Which college football team, SMU or Syracuse, will win the Syracuse at SMU game scheduled for Oct 4, 2025?",SMU,sports,0.865,71.66,1
"Which college football team, SMU or Syracuse, will win the Syracuse at SMU game scheduled for Oct 4, 2025?",Syracuse,sports,0.135,71.66,0
"Which college football team, SMU or Syracuse, will win the Syracuse at SMU game scheduled for Oct 4, 2025?",SMU,sports,0.865,18.16,1
"Which college football team, SMU or Syracuse, will win the Syracuse at SMU game scheduled for Oct 4, 2025?",Syracuse,sports,0.125,18.16,0
"Which college football team, Central Michigan or Eastern Michigan, will win the Eastern Michigan at Central Michigan game scheduled for Sep 27, 2025?",Central Michigan,sports,0.645,164.01,1
"Which college football team, Central Michigan or Eastern Michigan, will win the Eastern Michigan at Central Michigan game scheduled for Sep 27, 2025?",Eastern Michigan,sports,0.36,164.01,0
"Which men's singles player, Jannik Sinner or Grigor Dimitrov, will advance past the round of 16 in the 2025 Wimbledon men's singles tournament?",Grigor Dimitrov,sports,0.05,8.24,0
"Which men's singles player, Jannik Sinner or Grigor Dimitrov, will advance past the round of 16 in the 2025 Wimbledon men's singles tournament?",Jannik Sinner,sports,0.95,8.24,1
"Which professional UCL soccer team, Bodoe/Glimt or Tottenham, will win the game scheduled for Sep 30, 2025 after 90 minutes plus stoppage time (excluding extra time and penalties)?",Bodoe/Glimt,sports,0.275,15.36,0
"Which professional UCL soccer team, Bodoe/Glimt or Tottenham, will win the game scheduled for Sep 30, 2025 after 90 minutes plus stoppage time (excluding extra time and penalties)?",Tie,sports,0.255,15.36,1
"Which professional UCL soccer team, Bodoe/Glimt or Tottenham, will win the game scheduled for Sep 30, 2025 after 90 minutes plus stoppage time (excluding extra time and penalties)?",Tottenham,sports,0.475,15.36,0
"Which college football team, Boise St. or Appalachian St., will win the game scheduled for Sep 27, 2025?",Appalachian St.,sports,0.125,11.4,0
"Which college football team, Boise St. or Appalachian St., will win the game scheduled for Sep 27, 2025?",Boise St.,sports,0.875,11.4,1
"Which college football team, Middle Tennessee or Missouri St., will win the game scheduled for Oct 8, 2025?",Middle Tennessee,sports,0.45,19.47,0
"Which college football team, Middle Tennessee or Missouri St., will win the game scheduled for Oct 8, 2025?",Missouri St.,sports,0.55,19.47,1
"Which college football team, Florida St. or Kent St., will win the game at Florida St. scheduled for Sep 20, 2025?",Florida St.,sports,0.985,12.31,1
"Which college football team, Florida St. or Kent St., will win the game at Florida St. scheduled for Sep 20, 2025?",Kent St.,sports,0.015,12.31,0
"Which college football team, Kansas St. or UCF, will win the game scheduled for Sep 27, 2025?",Kansas St.,sports,0.645,6.65,1
"Which college football team, Kansas St. or UCF, will win the game scheduled for Sep 27, 2025?",UCF,sports,0.355,6.65,0
What will Joe Rogan say during UFC 320?,Concussion,politics,0.325,37.92,0
What will Joe Rogan say during UFC 320?,Crypto,politics,0.115,37.92,0
What will Joe Rogan say during UFC 320?,Dana,politics,0.725,37.92,0
What will Joe Rogan say during UFC 320?,Dig Deep,politics,0.64,37.92,0
What will Joe Rogan say during UFC 320?,Explosive,politics,0.805,37.92,0
What will Joe Rogan say during UFC 320?,Jake Paul,politics,0.145,37.92,0
What will Joe Rogan say during UFC 320?,Killer,politics,0.785,37.92,1
What will Joe Rogan say during UFC 320?,Knee Cap / Kneecap,politics,0.3,37.92,0
What will Joe Rogan say during UFC 320?,Lights Out,politics,0.53,37.92,0
What will Joe Rogan say during UFC 320?,Rear Naked Choke,politics,0.735,37.92,0
What will Joe Rogan say during UFC 320?,Responsibly,politics,0.365,37.92,0
What will Joe Rogan say during UFC 320?,Safety,politics,0.23,37.92,0
What will Joe Rogan say during UFC 320?,Sleep,politics,0.725,37.92,0
What will Joe Rogan say during UFC 320?,Smashing,politics,0.69,37.92,0
What will Joe Rogan say during UFC 320?,Trump,politics,0.3,37.92,0
"Which professional baseball team, New York M or Pittsburgh, will win the game scheduled for Jun 27, 2025?",New York M,sports,0.575,8.88,0
"Which professional baseball team, New York M or Pittsburgh, will win the game scheduled for Jun 27, 2025?",Pittsburgh,sports,0.435,8.88,1
"Which college football team, Boston College or SMU, will win the game scheduled for Nov 8, 2025?",Boston College,sports,0.19,139.87,0
"Which college football team, Boston College or SMU, will win the game scheduled for Nov 8, 2025?",SMU,sports,0.84,139.87,1
"Will The Conjuring: Last Rites have a Rotten Tomatoes Tomatometer score above 45 on Sep 8, 2025 at 10:00 AM ET?",Above 45,culture,0.995,16.57,1
"Will The Conjuring: Last Rites have a Rotten Tomatoes Tomatometer score above 45 on Sep 8, 2025 at 10:00 AM ET?",Above 50,culture,0.995,16.57,1
"Will The Conjuring: Last Rites have a Rotten Tomatoes Tomatometer score above 45 on Sep 8, 2025 at 10:00 AM ET?",Above 55,culture,0.51,16.57,1
"Will The Conjuring: Last Rites have a Rotten Tomatoes Tomatometer score above 45 on Sep 8, 2025 at 10:00 AM ET?",Above 60,culture,0.005,16.57,0
"Will The Conjuring: Last Rites have a Rotten Tomatoes Tomatometer score above 45 on Sep 8, 2025 at 10:00 AM ET?",Above 65,culture,0.005,16.57,0
"Will The Conjuring: Last Rites have a Rotten Tomatoes Tomatometer score above 45 on Sep 8, 2025 at 10:00 AM ET?",Above 70,culture,0.005,16.57,0
"Will The Conjuring: Last Rites have a Rotten Tomatoes Tomatometer score above 45 on Sep 8, 2025 at 10:00 AM ET?",Above 75,culture,0.005,16.57,0
"Will The Conjuring: Last Rites have a Rotten Tomatoes Tomatometer score above 45 on Sep 8, 2025 at 10:00 AM ET?",Above 90,culture,0.005,16.57,0
"Will the first federal budget reconciliation bill that becomes law before Jan 1, 2027 cut at least $400 billion from Medicaid?",At least $400 billion,politics,0.845,244.66,1
"Will the first federal budget reconciliation bill that becomes law before Jan 1, 2027 cut at least $400 billion from Medicaid?",At least $500 billion,politics,0.85,244.66,1
"Will the first federal budget reconciliation bill that becomes law before Jan 1, 2027 cut at least $400 billion from Medicaid?",At least $600 billion,politics,0.765,244.66,1
"Will the first federal budget reconciliation bill that becomes law before Jan 1, 2027 cut at least $400 billion from Medicaid?",At least $700 billion,politics,0.325,244.66,1
"Will the first federal budget reconciliation bill that becomes law before Jan 1, 2027 cut at least $400 billion from Medicaid?",At least $800 billion,politics,0.205,244.66,1
"Which professional baseball team, Boston or New York Y, will win the game scheduled for Oct 1, 2025?",Boston,sports,0.37,25.03,0
"Which professional baseball team, Boston or New York Y, will win the game scheduled for Oct 1, 2025?",New York Y,sports,0.62,25.03,1
"Which college football team, Kennesaw St. or UTEP, will win the game scheduled for Oct 28, 2025, at Kennesaw St.?",Kennesaw St.,sports,0.775,73.29,1
"Which college football team, Kennesaw St. or UTEP, will win the game scheduled for Oct 28, 2025, at Kennesaw St.?",UTEP,sports,0.23,73.29,0
"Will the first federal budget reconciliation bill that becomes law before Jan 1, 2027 cut at least $400 billion from Medicaid?",At least $400 billion,politics,0.845,244.71,1
"Will the first federal budget reconciliation bill that becomes law before Jan 1, 2027 cut at least $400 billion from Medicaid?",At least $500 billion,politics,0.85,244.71,1
"Will the first federal budget reconciliation bill that becomes law before Jan 1, 2027 cut at least $400 billion from Medicaid?",At least $600 billion,politics,0.765,244.71,1
"Will the first federal budget reconciliation bill that becomes law before Jan 1, 2027 cut at least $400 billion from Medicaid?",At least $700 billion,politics,0.325,244.71,1
"Will the first federal budget reconciliation bill that becomes law before Jan 1, 2027 cut at least $400 billion from Medicaid?",At least $800 billion,politics,0.205,244.71,1
"Which professional hockey team, St. Louis or Dallas, will win the game scheduled for Oct 18, 2025?",Dallas,sports,0.57,25.3,0
"Which professional hockey team, St. Louis or Dallas, will win the game scheduled for Oct 18, 2025?",St. Louis,sports,0.43,25.3,1
"Which professional football team, Atlanta or Washington, will win the Washington at Atlanta game scheduled for Sep 28, 2025?",Atlanta,sports,0.435,129.81,1
"Which professional football team, Atlanta or Washington, will win the Washington at Atlanta game scheduled for Sep 28, 2025?",Washington,sports,0.565,129.81,0
How many wins will the Tampa Bay professional baseball team have in the 2025 regular season?,More than 50 wins,sports,0.995,626.27,1
How many wins will the Tampa Bay professional baseball team have in the 2025 regular season?,More than 60 wins,sports,0.995,626.27,1
How many wins will the Tampa Bay professional baseball team have in the 2025 regular season?,More than 70 wins,sports,0.965,626.27,1
How many wins will the Tampa Bay professional baseball team have in the 2025 regular season?,More than 80 wins,sports,0.415,626.27,0
How many wins will the Tampa Bay professional baseball team have in the 2025 regular season?,More than 90 wins,sports,0.015,626.27,0
"Which college football team, Wisconsin or Ohio St., will win the Ohio St. at Wisconsin game scheduled for Oct 18, 2025?",Ohio St.,sports,0.955,118.67,1
"Which college football team, Wisconsin or Ohio St., will win the Ohio St. at Wisconsin game scheduled for Oct 18, 2025?",Wisconsin,sports,0.045,118.67,0
"Which college football team, Michigan or Wisconsin, will win the Wisconsin at Michigan college football game scheduled for Oct 4, 2025?",Michigan,sports,0.885,10.41,1
"Which college football team, Michigan or Wisconsin, will win the Wisconsin at Michigan college football game scheduled for Oct 4, 2025?",Wisconsin,sports,0.12,10.41,0
"Which professional baseball team, Arizona or San Francisco, will win the game scheduled for Jul 1, 2025?",Arizona,sports,0.55,16.1,1
"Which professional baseball team, Arizona or San Francisco, will win the game scheduled for Jul 1, 2025?",San Francisco,sports,0.445,16.1,0
"Which professional football team, Cincinnati or New York J, will win the game scheduled for Oct 26, 2025, in Cincinnati?",Cincinnati,sports,0.57,281.96,0
"Which professional football team, Cincinnati or New York J, will win the game scheduled for Oct 26, 2025, in Cincinnati?",New York J,sports,0.43,281.96,1
"Which professional MMA fighter, Jim Crute or Ivan Erslan, will win the fight scheduled for Sep 27, 2025?",Ivan Erslan,sports,0.34,51.93,0
"Which professional MMA fighter, Jim Crute or Ivan Erslan, will win the fight scheduled for Sep 27, 2025?",Jim Crute,sports,0.66,51.93,1
"Which college football team, Northwestern or UCLA, will win the game scheduled for Sep 27, 2025?",Northwestern,sports,0.675,84.65,1
"Which college football team, Northwestern or UCLA, will win the game scheduled for Sep 27, 2025?",UCLA,sports,0.325,84.65,0
"Which professional hockey team, Vancouver or Washington, will win the game scheduled for Oct 19, 2025?",Vancouver,sports,0.415,16.75,1
"Which professional hockey team, Vancouver or Washington, will win the game scheduled for Oct 19, 2025?",Washington,sports,0.585,16.75,0
"Will Donald Trump say the word ""President"" while speaking at the Charlie Kirk Memorial at State Farm Stadium on September 21?",Antifa,politics,0.545,37.88,1
"Will Donald Trump say the word ""President"" while speaking at the Charlie Kirk Memorial at State Farm Stadium on September 21?",Assassinated,politics,0.63,37.88,1
"Will Donald Trump say the word ""President"" while speaking at the Charlie Kirk Memorial at State Farm Stadium on September 21?",College / Campus,politics,0.815,37.88,1
"Will Donald Trump say the word ""President"" while speaking at the Charlie Kirk Memorial at State Farm Stadium on September 21?",Constitution,politics,0.355,37.88,0
"Will Donald Trump say the word ""President"" while speaking at the Charlie Kirk Memorial at State Farm Stadium on September 21?",Debate,politics,0.695,37.88,1
"Will Donald Trump say the word ""President"" while speaking at the Charlie Kirk Memorial at State Farm Stadium on September 21?",Democrat,politics,0.59,37.88,0
"Will Donald Trump say the word ""President"" while speaking at the Charlie Kirk Memorial at State Farm Stadium on September 21?",Election,politics,0.63,37.88,1
"Will Donald Trump say the word ""President"" while speaking at the Charlie Kirk Memorial at State Farm Stadium on September 21?",FBI,politics,0.535,37.88,0
"Will Donald Trump say the word ""President"" while speaking at the Charlie Kirk Memorial at State Farm Stadium on September 21?",Faith,politics,0.82,37.88,1
"Will Donald Trump say the word ""President"" while speaking at the Charlie Kirk Memorial at State Farm Stadium on September 21?",Fake News,politics,0.455,37.88,1
"Will Donald Trump say the word ""President"" while speaking at the Charlie Kirk Memorial at State Farm Stadium on September 21?",Free Speech,politics,0.71,37.88,1
"Will Donald Trump say the word ""President"" while speaking at the Charlie Kirk Memorial at State Farm Stadium on September 21?",God,politics,0.945,37.88,1
"Will Donald Trump say the word ""President"" while speaking at the Charlie Kirk Memorial at State Farm Stadium on September 21?",Heaven,politics,0.66,37.88,1
"Will Donald Trump say the word ""President"" while speaking at the Charlie Kirk Memorial at State Farm Stadium on September 21?",Horrific,politics,0.615,37.88,1
"Will Donald Trump say the word ""President"" while speaking at the Charlie Kirk Memorial at State Farm Stadium on September 21?",Political Violence,politics,0.61,37.88,1
"Will Donald Trump say the word ""President"" while speaking at the Charlie Kirk Memorial at State Farm Stadium on September 21?",President,politics,0.73,37.88,1
"Will Donald Trump say the word ""President"" while speaking at the Charlie Kirk Memorial at State Farm Stadium on September 21?",Radical Left,politics,0.74,37.88,1
"Will Donald Trump say the word ""President"" while speaking at the Charlie Kirk Memorial at State Farm Stadium on September 21?",Republican,politics,0.73,37.88,1
"Will Donald Trump say the word ""President"" while speaking at the Charlie Kirk Memorial at State Farm Stadium on September 21?",Roof,politics,0.275,37.88,0
"Will Donald Trump say the word ""President"" while speaking at the Charlie Kirk Memorial at State Farm Stadium on September 21?",Student,politics,0.59,37.88,1
"Will Donald Trump say the word ""President"" while speaking at the Charlie Kirk Memorial at State Farm Stadium on September 21?",Terrorist / Terrorism,politics,0.665,37.88,1
"Will Donald Trump say the word ""President"" while speaking at the Charlie Kirk Memorial at State Farm Stadium on September 21?",TikTok,politics,0.35,37.88,0
"Will Donald Trump say the word ""President"" while speaking at the Charlie Kirk Memorial at State Farm Stadium on September 21?",Transgender,politics,0.35,37.88,0
"Will Donald Trump say the word ""President"" while speaking at the Charlie Kirk Memorial at State Farm Stadium on September 21?",Turning Point,politics,0.86,37.88,1
"Will Donald Trump say the word ""President"" while speaking at the Charlie Kirk Memorial at State Farm Stadium on September 21?",Unite,politics,0.335,37.88,1
"Will Donald Trump say the word ""President"" while speaking at the Charlie Kirk Memorial at State Farm Stadium on September 21?",Youth,politics,0.885,37.88,1
"What will be the total number of Spotify streams for Sabrina Carpenter's song ""Tears"" on Spotify by Sep 5, 2025 at 10:00 AM ET?",More than 10 million,culture,0.975,66.9,1
"What will be the total number of Spotify streams for Sabrina Carpenter's song ""Tears"" on Spotify by Sep 5, 2025 at 10:00 AM ET?",More than 15 million,culture,0.975,66.9,1
"What will be the total number of Spotify streams for Sabrina Carpenter's song ""Tears"" on Spotify by Sep 5, 2025 at 10:00 AM ET?",More than 20 million,culture,0.975,66.9,1
"What will be the total number of Spotify streams for Sabrina Carpenter's song ""Tears"" on Spotify by Sep 5, 2025 at 10:00 AM ET?",More than 25 million,culture,0.97,66.9,1
"What will be the total number of Spotify streams for Sabrina Carpenter's song ""Tears"" on Spotify by Sep 5, 2025 at 10:00 AM ET?",More than 30 million,culture,0.98,66.9,1
"What will be the total number of Spotify streams for Sabrina Carpenter's song ""Tears"" on Spotify by Sep 5, 2025 at 10:00 AM ET?",More than 35 million,culture,0.93,66.9,1
"What will be the total number of Spotify streams for Sabrina Carpenter's song ""Tears"" on Spotify by Sep 5, 2025 at 10:00 AM ET?",More than 40 million,culture,0.055,66.9,0
"What will be the total number of Spotify streams for Sabrina Carpenter's song ""Tears"" on Spotify by Sep 5, 2025 at 10:00 AM ET?",More than 45 million,culture,0.03,66.9,0
"What will be the total number of Spotify streams for Sabrina Carpenter's song ""Tears"" on Spotify by Sep 5, 2025 at 10:00 AM ET?",More than 5 million,culture,0.975,66.9,1
"What will be the total number of Spotify streams for Sabrina Carpenter's song ""Tears"" on Spotify by Sep 5, 2025 at 10:00 AM ET?",More than 50 million,culture,0.03,66.9,0
"Which college football team, UTSA or Incarnate Word, will win the game scheduled for Sep 13, 2025?",Incarnate Word,sports,0.125,71.07,0
"Which college football team, UTSA or Incarnate Word, will win the game scheduled for Sep 13, 2025?",UTSA,sports,0.855,71.07,1
Will the Cincinnati professional baseball team win more than 60 games in the 2025 regular season?,More than 100 wins,sports,0.005,151.46,0
Will the Cincinnati professional baseball team win more than 60 games in the 2025 regular season?,More than 60 wins,sports,0.995,151.46,1
Will the Cincinnati professional baseball team win more than 60 games in the 2025 regular season?,More than 70 wins,sports,0.995,151.46,1
Will the Cincinnati professional baseball team win more than 60 games in the 2025 regular season?,More than 80 wins,sports,0.675,151.46,1
Will the Cincinnati professional baseball team win more than 60 games in the 2025 regular season?,More than 90 wins,sports,0.005,151.46,0
"Which professional baseball team, Chicago C or Cleveland, will win the game scheduled for Jul 2, 2025?",Chicago C,sports,0.6,15.78,1
"Which professional baseball team, Chicago C or Cleveland, will win the game scheduled for Jul 2, 2025?",Cleveland,sports,0.405,15.78,0
Laver Cup,Team Europe,sports,0.005,10.74,0
Laver Cup,Team World,sports,0.99,10.74,1
Procore Championship Winner?,Adam Hadwin,sports,0.005,172.14,0
Procore Championship Winner?,Adam Schenk,sports,0.005,172.14,0
Procore Championship Winner?,Adam Svensson,sports,0.005,172.14,0
Procore Championship Winner?,Alex Smalley,sports,0.005,172.14,0
Procore Championship Winner?,Andrew Putnam,sports,0.005,172.14,0
Procore Championship Winner?,Beau Hossler,sports,0.005,172.14,0
Procore Championship Winner?,Ben Kohles,sports,0.005,172.14,0
Procore Championship Winner?,Ben Martin,sports,0.005,172.14,0
Procore Championship Winner?,Ben Silverman,sports,0.005,172.14,0
Procore Championship Winner?,Braden Thornberry,sports,0.005,172.14,0
Procore Championship Winner?,Brandt Snedeker,sports,0.005,172.14,0
Procore Championship Winner?,Cameron Young,sports,0.02,172.14,0
Procore Championship Winner?,Camilo Villegas,sports,0.005,172.14,0
Procore Championship Winner?,Carson Young,sports,0.005,172.14,0
Procore Championship Winner?,Chad Ramey,sports,0.005,172.14,0
Procore Championship Winner?,Chan Kim,sports,0.005,172.14,0
Procore Championship Winner?,Chandler Phillips,sports,0.005,172.14,0
Procore Championship Winner?,Chesson Hadley,sports,0.005,172.14,0
Procore Championship Winner?,Collin Morikawa,sports,0.04,172.14,0
Procore Championship Winner?,Danny Walker,sports,0.005,172.14,0
Procore Championship Winner?,David Lipsky,sports,0.005,172.14,0
Procore Championship Winner?,David Skinns,sports,0.005,172.14,0
Procore Championship Winner?,Davis Riley,sports,0.005,172.14,0
Procore Championship Winner?,Davis Thompson,sports,0.01,172.14,0
Procore Championship Winner?,Emiliano Grillo,sports,0.005,172.14,0
Procore Championship Winner?,Garrick Higgo,sports,0.005,172.14,0
Procore Championship Winner?,Gary Woodland,sports,0.005,172.14,0
Procore Championship Winner?,Gordon Sargent,sports,0.005,172.14,0
Procore Championship Winner?,Greyson Sigg,sports,0.005,172.14,0
Procore Championship Winner?,Gunner Wiebe,sports,0.005,172.14,0
Procore Championship Winner?,Harry Higgs,sports,0.005,172.14,0
Procore Championship Winner?,Hayden Springer,sports,0.005,172.14,0
Procore Championship Winner?,Henrik Norlander,sports,0.005,172.14,0
Procore Championship Winner?,Isaiah Salinda,sports,0.005,172.14,0
Procore Championship Winner?,J.J. Spaun,sports,0.03,172.14,0
Procore Championship Winner?,Jackson Koivun,sports,0.005,172.14,0
Procore Championship Winner?,Jackson Suber,sports,0.005,172.14,0
Procore Championship Winner?,James Hahn,sports,0.005,172.14,0
Procore Championship Winner?,Jeremy Paul,sports,0.005,172.14,0
Procore Championship Winner?,Jesper Svensson,sports,0.005,172.14,0
Procore Championship Winner?,Joe Highsmith,sports,0.005,172.14,0
Procore Championship Winner?,John Pak,sports,0.005,172.14,0
Procore Championship Winner?,Justin Hastings,sports,0.005,172.14,0
Procore Championship Winner?,Justin Lower,sports,0.005,172.14,0
Procore Championship Winner?,Justin Thomas,sports,0.04,172.14,0
Procore Championship Winner?,Kaito Onishi,sports,0.005,172.14,0
Procore Championship Winner?,Karl Vilips,sports,0.005,172.14,0
Procore Championship Winner?,Keith Mitchell,sports,0.005,172.14,0
Procore Championship Winner?,Kevin Roy,sports,0.005,172.14,0
Procore Championship Winner?,Kevin Streelman,sports,0.005,172.14,0
Procore Championship Winner?,Kevin Velo,sports,0.005,172.14,0
Procore Championship Winner?,Kevin Yu,sports,0.005,172.14,0
Procore Championship Winner?,Kris Ventura,sports,0.005,172.14,0
Procore Championship Winner?,Lanto Griffin,sports,0.005,172.14,0
Procore Championship Winner?,Luke List,sports,0.005,172.14,0
Procore Championship Winner?,Mac Meissner,sports,0.005,172.14,0
Procore Championship Winner?,Mackenzie Hughes,sports,0.005,172.14,0
Procore Championship Winner?,Mark Hubbard,sports,0.005,172.14,0
Procore Championship Winner?,Martin Laird,sports,0.005,172.14,0
Procore Championship Winner?,Matt Kuchar,sports,0.005,172.14,0
Procore Championship Winner?,Matthew McCarty,sports,0.005,172.14,0
Procore Championship Winner?,Matthew NeSmith,sports,0.005,172.14,0
Procore Championship Winner?,Matthew Riedel,sports,0.005,172.14,0
Procore Championship Winner?,Maverick McNealy,sports,0.02,172.14,0
Procore Championship Winner?,Max Homa,sports,0.005,172.14,0
Procore Championship Winner?,Max McGreevy,sports,0.005,172.14,0
Procore Championship Winner?,Michael Thorbjornsen,sports,0.005,172.14,0
Procore Championship Winner?,Nick Hardy,sports,0.005,172.14,0
Procore Championship Winner?,Nick Watney,sports,0.005,172.14,0
Procore Championship Winner?,Norman Xiong,sports,0.005,172.14,0
Procore Championship Winner?,Patton Kizzire,sports,0.005,172.14,0
Procore Championship Winner?,Paul Peterson,sports,0.005,172.14,0
Procore Championship Winner?,Peter Malnati,sports,0.005,172.14,0
Procore Championship Winner?,Philip Knowles,sports,0.005,172.14,0
Procore Championship Winner?,Rico Hoey,sports,0.005,172.14,0
Procore Championship Winner?,Russell Henley,sports,0.05,172.14,0
Procore Championship Winner?,Ryan Palmer,sports,0.005,172.14,0
Procore Championship Winner?,Ryo Hisatsune,sports,0.005,172.14,0
Procore Championship Winner?,Sahith Theegala,sports,0.005,172.14,0
Procore Championship Winner?,Sam Ryder,sports,0.005,172.14,0
Procore Championship Winner?,Sami Valimaki,sports,0.005,172.14,0
Procore Championship Winner?,Scott Piercy,sports,0.005,172.14,0
Procore Championship Winner?,Scottie Scheffler,sports,0.32,172.14,1
Procore Championship Winner?,Seamus Power,sports,0.005,172.14,0
Procore Championship Winner?,Takumi Kanaya,sports,0.005,172.14,0
Procore Championship Winner?,Taylor Montgomery,sports,0.005,172.14,0
Procore Championship Winner?,Taylor Moore,sports,0.005,172.14,0
Procore Championship Winner?,Thomas Rosenmueller,sports,0.005,172.14,0
Procore Championship Winner?,Thorbjorn Olesen,sports,0.005,172.14,0
Procore Championship Winner?,Tim Widing,sports,0.005,172.14,0
Procore Championship Winner?,Tom Hoge,sports,0.005,172.14,0
Procore Championship Winner?,Tom Johnson,sports,0.005,172.14,0
Procore Championship Winner?,Tom Kim,sports,0.005,172.14,0
Procore Championship Winner?,Trey Mullinax,sports,0.005,172.14,0
Procore Championship Winner?,Tyler Watts,sports,0.005,172.14,0
Procore Championship Winner?,Victor Perez,sports,0.005,172.14,0
Procore Championship Winner?,Vince Whaley,sports,0.005,172.14,0
Procore Championship Winner?,Webb Simpson,sports,0.005,172.14,0
Procore Championship Winner?,Will Gordon,sports,0.005,172.14,0
Procore Championship Winner?,William Mouw,sports,0.005,172.14,0
"Which college football team, North Texas or South Florida, will win the South Florida at North Texas game scheduled for Oct 10, 2025?",North Texas,sports,0.495,61.31,0
"Which college football team, North Texas or South Florida, will win the South Florida at North Texas game scheduled for Oct 10, 2025?",South Florida,sports,0.51,61.31,1
"Which professional basketball team, Philadelphia or Charlotte, will win the game scheduled for Oct 25, 2025?",Charlotte,sports,0.335,24.22,0
"Which professional basketball team, Philadelphia or Charlotte, will win the game scheduled for Oct 25, 2025?",Philadelphia,sports,0.665,24.22,1
"Which college football team, Arkansas State or Georgia Southern, will win the game scheduled for Oct 25, 2025?",Arkansas St.,sports,0.515,49.25,1
"Which college football team, Arkansas State or Georgia Southern, will win the game scheduled for Oct 25, 2025?",Georgia Southern,sports,0.48,49.25,0
"Which professional La Liga soccer team, Atlético or Real Madrid, will win the match scheduled for Sep 27, 2025 after 90 minutes plus stoppage time (excluding extra time and penalties)?",Atletico,sports,0.31,16.15,1
"Which professional La Liga soccer team, Atlético or Real Madrid, will win the match scheduled for Sep 27, 2025 after 90 minutes plus stoppage time (excluding extra time and penalties)?",Real Madrid,sports,0.435,16.15,0
"Which professional La Liga soccer team, Atlético or Real Madrid, will win the match scheduled for Sep 27, 2025 after 90 minutes plus stoppage time (excluding extra time and penalties)?",Tie,sports,0.26,16.15,0
"Which college football team, Iowa St. or BYU, will win the BYU at Iowa St. college football game scheduled for Oct 25, 2025?",BYU,sports,0.44,43.07,1
"Which college football team, Iowa St. or BYU, will win the BYU at Iowa St. college football game scheduled for Oct 25, 2025?",Iowa St.,sports,0.555,43.07,0
"Which college football team, Oregon St. or California, will win the game scheduled for Aug 30, 2025?",California,sports,0.485,6.13,1
"Which college football team, Oregon St. or California, will win the game scheduled for Aug 30, 2025?",Oregon St.,sports,0.51,6.13,0
"Which college football team, Memphis or South Florida, will win the game scheduled for Oct 25, 2025?",Memphis,sports,0.385,134.84,1
"Which college football team, Memphis or South Florida, will win the game scheduled for Oct 25, 2025?",South Florida,sports,0.61,134.84,0
"Which professional football team, New Orleans or Tampa Bay, will win the game scheduled for Oct 26, 2025?",New Orleans,sports,0.325,284.16,0
"Which professional football team, New Orleans or Tampa Bay, will win the game scheduled for Oct 26, 2025?",Tampa Bay,sports,0.68,284.16,1
"Will any Celsius Holdings, Inc. representative (including the operator) say the word ""Alcohol"" during Celsius Holdings, Inc.'s next earnings call (including the Q&A)?",Alcohol,finance,0.08,641.56,0
"Will any Celsius Holdings, Inc. representative (including the operator) say the word ""Alcohol"" during Celsius Holdings, Inc.'s next earnings call (including the Q&A)?",Amazon,finance,0.88,641.56,0
"Will any Celsius Holdings, Inc. representative (including the operator) say the word ""Alcohol"" during Celsius Holdings, Inc.'s next earnings call (including the Q&A)?",Competition,finance,0.685,641.56,0
"Will any Celsius Holdings, Inc. representative (including the operator) say the word ""Alcohol"" during Celsius Holdings, Inc.'s next earnings call (including the Q&A)?",Essential,finance,0.64,641.56,1
"Will any Celsius Holdings, Inc. representative (including the operator) say the word ""Alcohol"" during Celsius Holdings, Inc.'s next earnings call (including the Q&A)?",High Noon,finance,0.085,641.56,0
"Will any Celsius Holdings, Inc. representative (including the operator) say the word ""Alcohol"" during Celsius Holdings, Inc.'s next earnings call (including the Q&A)?",Influencer,finance,0.59,641.56,0
"Will any Celsius Holdings, Inc. representative (including the operator) say the word ""Alcohol"" during Celsius Holdings, Inc.'s next earnings call (including the Q&A)?",Input Cost,finance,0.425,641.56,0
"Will any Celsius Holdings, Inc. representative (including the operator) say the word ""Alcohol"" during Celsius Holdings, Inc.'s next earnings call (including the Q&A)?",NFL,finance,0.555,641.56,0
"Will any Celsius Holdings, Inc. representative (including the operator) say the word ""Alcohol"" during Celsius Holdings, Inc.'s next earnings call (including the Q&A)?",PepsiCo,finance,0.725,641.56,1
"Will any Celsius Holdings, Inc. representative (including the operator) say the word ""Alcohol"" during Celsius Holdings, Inc.'s next earnings call (including the Q&A)?",Recall,finance,0.25,641.56,1
"Will any Celsius Holdings, Inc. representative (including the operator) say the word ""Alcohol"" during Celsius Holdings, Inc.'s next earnings call (including the Q&A)?",Tariff,finance,0.72,641.56,1
"Will any Celsius Holdings, Inc. representative (including the operator) say the word ""Alcohol"" during Celsius Holdings, Inc.'s next earnings call (including the Q&A)?",Vibe,finance,0.62,641.56,1
"Which professional football team, Buffalo or New England, will win the game scheduled for Oct 5, 2025?",Buffalo,sports,0.795,42.93,0
"Which professional football team, Buffalo or New England, will win the game scheduled for Oct 5, 2025?",New England,sports,0.205,42.93,1
"Which professional MMA fighter, Adam Fugitt or Islam Dulatov, will win the Fugitt vs Dulatov fight at UFC 318 scheduled for Jul 19, 2025?",Adam Fugitt,sports,0.175,83.82,0
"Which professional MMA fighter, Adam Fugitt or Islam Dulatov, will win the Fugitt vs Dulatov fight at UFC 318 scheduled for Jul 19, 2025?",Islam Dulatov,sports,0.83,83.82,1
Will Oscar Piastri finish on the podium (top three) at the Singapore Grand Prix 2025?,Alexander Albon,sports,0.015,15.7,0
Will Oscar Piastri finish on the podium (top three) at the Singapore Grand Prix 2025?,Andrea Kimi Antonelli,sports,0.185,15.7,0
Will Oscar Piastri finish on the podium (top three) at the Singapore Grand Prix 2025?,Carlos Sainz Jr.,sports,0.015,15.7,0
Will Oscar Piastri finish on the podium (top three) at the Singapore Grand Prix 2025?,Charles Leclerc,sports,0.045,15.7,0
Will Oscar Piastri finish on the podium (top three) at the Singapore Grand Prix 2025?,Esteban Ocon,sports,0.015,15.7,0
Will Oscar Piastri finish on the podium (top three) at the Singapore Grand Prix 2025?,Fernando Alonso,sports,0.025,15.7,0
Will Oscar Piastri finish on the podium (top three) at the Singapore Grand Prix 2025?,Franco Colapinto,sports,0.01,15.7,0
Will Oscar Piastri finish on the podium (top three) at the Singapore Grand Prix 2025?,Gabriel Bortoleto,sports,0.015,15.7,0
Will Oscar Piastri finish on the podium (top three) at the Singapore Grand Prix 2025?,George Russell,sports,0.765,15.7,1
Will Oscar Piastri finish on the podium (top three) at the Singapore Grand Prix 2025?,Isack Hadjar,sports,0.03,15.7,0
Will Oscar Piastri finish on the podium (top three) at the Singapore Grand Prix 2025?,Lance Stroll,sports,0.01,15.7,0
Will Oscar Piastri finish on the podium (top three) at the Singapore Grand Prix 2025?,Lando Norris,sports,0.425,15.7,1
Will Oscar Piastri finish on the podium (top three) at the Singapore Grand Prix 2025?,Lewis Hamilton,sports,0.045,15.7,0
Will Oscar Piastri finish on the podium (top three) at the Singapore Grand Prix 2025?,Liam Lawson,sports,0.015,15.7,0
Will Oscar Piastri finish on the podium (top three) at the Singapore Grand Prix 2025?,Max Verstappen,sports,0.845,15.7,1
Will Oscar Piastri finish on the podium (top three) at the Singapore Grand Prix 2025?,Nico Hulkenberg,sports,0.015,15.7,0
Will Oscar Piastri finish on the podium (top three) at the Singapore Grand Prix 2025?,Oliver Bearman,sports,0.015,15.7,0
Will Oscar Piastri finish on the podium (top three) at the Singapore Grand Prix 2025?,Oscar Piastri,sports,0.68,15.7,0
Will Oscar Piastri finish on the podium (top three) at the Singapore Grand Prix 2025?,Pierre Gasly,sports,0.01,15.7,0
Will Oscar Piastri finish on the podium (top three) at the Singapore Grand Prix 2025?,Yuki Tsunoda,sports,0.015,15.7,0
Will the President of the United States impose any new or increased tariffs on any sector of Norway during October 2025?,Yes,politics,0.135,449.6,0
"Which professional basketball team, Los Angeles C or Utah, will win the game scheduled for Oct 22, 2025?",Los Angeles C,sports,0.795,29.05,0
"Which professional basketball team, Los Angeles C or Utah, will win the game scheduled for Oct 22, 2025?",Utah,sports,0.215,29.05,1
"Which professional tennis player, Aleksandar Kovacevic or Luca Nardi, will win the Kovacevic vs Nardi match in the Round of 32 at the 2025 ATP Hangzhou tournament?",Aleksandar Kovacevic,sports,0.55,15.49,0
"Which professional tennis player, Aleksandar Kovacevic or Luca Nardi, will win the Kovacevic vs Nardi match in the Round of 32 at the 2025 ATP Hangzhou tournament?",Luca Nardi,sports,0.44,15.49,0
"What will the total number of Spotify streams for ""Manchild"" by Sabrina Carpenter be on Jul 4, 2025 at 10:00 AM ET?",More than 112 million,culture,0.995,73.97,1
"What will the total number of Spotify streams for ""Manchild"" by Sabrina Carpenter be on Jul 4, 2025 at 10:00 AM ET?",More than 113 million,culture,0.995,73.97,1
"What will the total number of Spotify streams for ""Manchild"" by Sabrina Carpenter be on Jul 4, 2025 at 10:00 AM ET?",More than 114 million,culture,0.995,73.97,1
"What will the total number of Spotify streams for ""Manchild"" by Sabrina Carpenter be on Jul 4, 2025 at 10:00 AM ET?",More than 115 million,culture,0.995,73.97,1
"What will the total number of Spotify streams for ""Manchild"" by Sabrina Carpenter be on Jul 4, 2025 at 10:00 AM ET?",More than 116 million,culture,0.995,73.97,1
"What will the total number of Spotify streams for ""Manchild"" by Sabrina Carpenter be on Jul 4, 2025 at 10:00 AM ET?",More than 117 million,culture,0.995,73.97,1
"What will the total number of Spotify streams for ""Manchild"" by Sabrina Carpenter be on Jul 4, 2025 at 10:00 AM ET?",More than 118 million,culture,0.995,73.97,1
"What will the total number of Spotify streams for ""Manchild"" by Sabrina Carpenter be on Jul 4, 2025 at 10:00 AM ET?",More than 119 million,culture,0.995,73.97,1
"What will the total number of Spotify streams for ""Manchild"" by Sabrina Carpenter be on Jul 4, 2025 at 10:00 AM ET?",More than 120 million,culture,0.995,73.97,1
"What will the total number of Spotify streams for ""Manchild"" by Sabrina Carpenter be on Jul 4, 2025 at 10:00 AM ET?",More than 121 million,culture,0.995,73.97,1
"What will the total number of Spotify streams for ""Manchild"" by Sabrina Carpenter be on Jul 4, 2025 at 10:00 AM ET?",More than 122 million,culture,0.995,73.97,1
"What will the total number of Spotify streams for ""Manchild"" by Sabrina Carpenter be on Jul 4, 2025 at 10:00 AM ET?",More than 123 million,culture,0.98,73.97,1
"What will the total number of Spotify streams for ""Manchild"" by Sabrina Carpenter be on Jul 4, 2025 at 10:00 AM ET?",More than 124 million,culture,0.98,73.97,1
"What will the total number of Spotify streams for ""Manchild"" by Sabrina Carpenter be on Jul 4, 2025 at 10:00 AM ET?",More than 125 million,culture,0.98,73.97,1
"What will the total number of Spotify streams for ""Manchild"" by Sabrina Carpenter be on Jul 4, 2025 at 10:00 AM ET?",More than 126 million,culture,0.98,73.97,1
"What will the total number of Spotify streams for ""Manchild"" by Sabrina Carpenter be on Jul 4, 2025 at 10:00 AM ET?",More than 127 million,culture,0.955,73.97,1
"What will the total number of Spotify streams for ""Manchild"" by Sabrina Carpenter be on Jul 4, 2025 at 10:00 AM ET?",More than 128 million,culture,0.98,73.97,1
"What will the total number of Spotify streams for ""Manchild"" by Sabrina Carpenter be on Jul 4, 2025 at 10:00 AM ET?",More than 129 million,culture,0.995,73.97,1
"What will the total number of Spotify streams for ""Manchild"" by Sabrina Carpenter be on Jul 4, 2025 at 10:00 AM ET?",More than 130 million,culture,0.95,73.97,1
"What will the total number of Spotify streams for ""Manchild"" by Sabrina Carpenter be on Jul 4, 2025 at 10:00 AM ET?",More than 133 million,culture,0.975,73.97,1
"What will the total number of Spotify streams for ""Manchild"" by Sabrina Carpenter be on Jul 4, 2025 at 10:00 AM ET?",More than 135 million,culture,0.915,73.97,1
"What will the total number of Spotify streams for ""Manchild"" by Sabrina Carpenter be on Jul 4, 2025 at 10:00 AM ET?",More than 137 million,culture,0.905,73.97,1
"What will the total number of Spotify streams for ""Manchild"" by Sabrina Carpenter be on Jul 4, 2025 at 10:00 AM ET?",More than 140 million,culture,0.495,73.97,0
"What will the total number of Spotify streams for ""Manchild"" by Sabrina Carpenter be on Jul 4, 2025 at 10:00 AM ET?",More than 145 million,culture,0.175,73.97,0
"Which artist will have the most monthly Spotify listeners worldwide on Spotify at 12:00 PM ET on Sep 30, 2025?",Bad Bunny,culture,0.04,663.77,0
"Which artist will have the most monthly Spotify listeners worldwide on Spotify at 12:00 PM ET on Sep 30, 2025?",Billie Eilish,culture,0.04,663.77,0
"Which artist will have the most monthly Spotify listeners worldwide on Spotify at 12:00 PM ET on Sep 30, 2025?",Bruno Mars,culture,0.285,663.77,0
"Which artist will have the most monthly Spotify listeners worldwide on Spotify at 12:00 PM ET on Sep 30, 2025?",Coldplay,culture,0.04,663.77,0
"Which artist will have the most monthly Spotify listeners worldwide on Spotify at 12:00 PM ET on Sep 30, 2025?",Drake,culture,0.04,663.77,0
"Which artist will have the most monthly Spotify listeners worldwide on Spotify at 12:00 PM ET on Sep 30, 2025?",Ed Sheeran,culture,0.04,663.77,0
"Which artist will have the most monthly Spotify listeners worldwide on Spotify at 12:00 PM ET on Sep 30, 2025?",Kendrick Lamar,culture,0.04,663.77,0
"Which artist will have the most monthly Spotify listeners worldwide on Spotify at 12:00 PM ET on Sep 30, 2025?",Lady Gaga,culture,0.04,663.77,0
"Which artist will have the most monthly Spotify listeners worldwide on Spotify at 12:00 PM ET on Sep 30, 2025?",Rihanna,culture,0.04,663.77,0
"Which artist will have the most monthly Spotify listeners worldwide on Spotify at 12:00 PM ET on Sep 30, 2025?",Taylor Swift,culture,0.04,663.77,0
"Which artist will have the most monthly Spotify listeners worldwide on Spotify at 12:00 PM ET on Sep 30, 2025?",The Weeknd,culture,0.68,663.77,1
"Will @elonmusk tag @realdonaldtrump in a post on X after Sep 3, 2025 at 10:00 AM ET and before Oct 1, 2025?",Before Oct 2025,other,0.095,72.89,0
"Will Federal Reserve Chair Jerome H. Powell say ""Good Afternoon"" during his introductory remarks and Q&A at the post‑FOMC press conference following the June 2025 FOMC meeting?",Balance Sheet,politics,0.865,11.5,1
"Will Federal Reserve Chair Jerome H. Powell say ""Good Afternoon"" during his introductory remarks and Q&A at the post‑FOMC press conference following the June 2025 FOMC meeting?",Balance of Risk,politics,0.905,11.5,1
"Will Federal Reserve Chair Jerome H. Powell say ""Good Afternoon"" during his introductory remarks and Q&A at the post‑FOMC press conference following the June 2025 FOMC meeting?",Beige Book,politics,0.265,11.5,0
"Will Federal Reserve Chair Jerome H. Powell say ""Good Afternoon"" during his introductory remarks and Q&A at the post‑FOMC press conference following the June 2025 FOMC meeting?",Bitcoin,politics,0.115,11.5,0
"Will Federal Reserve Chair Jerome H. Powell say ""Good Afternoon"" during his introductory remarks and Q&A at the post‑FOMC press conference following the June 2025 FOMC meeting?",China,politics,0.32,11.5,0
"Will Federal Reserve Chair Jerome H. Powell say ""Good Afternoon"" during his introductory remarks and Q&A at the post‑FOMC press conference following the June 2025 FOMC meeting?",Consumer Confidence,politics,0.18,11.5,0
"Will Federal Reserve Chair Jerome H. Powell say ""Good Afternoon"" during his introductory remarks and Q&A at the post‑FOMC press conference following the June 2025 FOMC meeting?",Credit,politics,0.575,11.5,0
"Will Federal Reserve Chair Jerome H. Powell say ""Good Afternoon"" during his introductory remarks and Q&A at the post‑FOMC press conference following the June 2025 FOMC meeting?",Crypto / Cryptocurrency,politics,0.15,11.5,0
"Will Federal Reserve Chair Jerome H. Powell say ""Good Afternoon"" during his introductory remarks and Q&A at the post‑FOMC press conference following the June 2025 FOMC meeting?",Default,politics,0.13,11.5,0
"Will Federal Reserve Chair Jerome H. Powell say ""Good Afternoon"" during his introductory remarks and Q&A at the post‑FOMC press conference following the June 2025 FOMC meeting?",Disinflation,politics,0.28,11.5,0
"Will Federal Reserve Chair Jerome H. Powell say ""Good Afternoon"" during his introductory remarks and Q&A at the post‑FOMC press conference following the June 2025 FOMC meeting?",Dot Plot,politics,0.18,11.5,0
"Will Federal Reserve Chair Jerome H. Powell say ""Good Afternoon"" during his introductory remarks and Q&A at the post‑FOMC press conference following the June 2025 FOMC meeting?",Egg,politics,0.025,11.5,0
"Will Federal Reserve Chair Jerome H. Powell say ""Good Afternoon"" during his introductory remarks and Q&A at the post‑FOMC press conference following the June 2025 FOMC meeting?",Energy,politics,0.95,11.5,1
"Will Federal Reserve Chair Jerome H. Powell say ""Good Afternoon"" during his introductory remarks and Q&A at the post‑FOMC press conference following the June 2025 FOMC meeting?",Fort Knox,politics,0.02,11.5,0
"Will Federal Reserve Chair Jerome H. Powell say ""Good Afternoon"" during his introductory remarks and Q&A at the post‑FOMC press conference following the June 2025 FOMC meeting?",Fuel,politics,0.165,11.5,0
"Will Federal Reserve Chair Jerome H. Powell say ""Good Afternoon"" during his introductory remarks and Q&A at the post‑FOMC press conference following the June 2025 FOMC meeting?",Gas / Gasoline / Natural Gas,politics,0.295,11.5,0
"Will Federal Reserve Chair Jerome H. Powell say ""Good Afternoon"" during his introductory remarks and Q&A at the post‑FOMC press conference following the June 2025 FOMC meeting?",Good Afternoon,politics,0.975,11.5,1
"Will Federal Reserve Chair Jerome H. Powell say ""Good Afternoon"" during his introductory remarks and Q&A at the post‑FOMC press conference following the June 2025 FOMC meeting?",Median,politics,0.945,11.5,1
"Will Federal Reserve Chair Jerome H. Powell say ""Good Afternoon"" during his introductory remarks and Q&A at the post‑FOMC press conference following the June 2025 FOMC meeting?",Overheating,politics,0.06,11.5,0
"Will Federal Reserve Chair Jerome H. Powell say ""Good Afternoon"" during his introductory remarks and Q&A at the post‑FOMC press conference following the June 2025 FOMC meeting?",Pivot,politics,0.12,11.5,0
"Will Federal Reserve Chair Jerome H. Powell say ""Good Afternoon"" during his introductory remarks and Q&A at the post‑FOMC press conference following the June 2025 FOMC meeting?",Projection,politics,0.965,11.5,1
"Will Federal Reserve Chair Jerome H. Powell say ""Good Afternoon"" during his introductory remarks and Q&A at the post‑FOMC press conference following the June 2025 FOMC meeting?",QT / Quantitative Tightening,politics,0.665,11.5,0
"Will Federal Reserve Chair Jerome H. Powell say ""Good Afternoon"" during his introductory remarks and Q&A at the post‑FOMC press conference following the June 2025 FOMC meeting?",Real Wage,politics,0.225,11.5,1
"Will Federal Reserve Chair Jerome H. Powell say ""Good Afternoon"" during his introductory remarks and Q&A at the post‑FOMC press conference following the June 2025 FOMC meeting?",Recalibration,politics,0.145,11.5,0
"Will Federal Reserve Chair Jerome H. Powell say ""Good Afternoon"" during his introductory remarks and Q&A at the post‑FOMC press conference following the June 2025 FOMC meeting?",Recession,politics,0.635,11.5,0
"Will Federal Reserve Chair Jerome H. Powell say ""Good Afternoon"" during his introductory remarks and Q&A at the post‑FOMC press conference following the June 2025 FOMC meeting?",Redemption,politics,0.105,11.5,0
"Will Federal Reserve Chair Jerome H. Powell say ""Good Afternoon"" during his introductory remarks and Q&A at the post‑FOMC press conference following the June 2025 FOMC meeting?",Restrictive,politics,0.81,11.5,1
"Will Federal Reserve Chair Jerome H. Powell say ""Good Afternoon"" during his introductory remarks and Q&A at the post‑FOMC press conference following the June 2025 FOMC meeting?",Soft Landing,politics,0.12,11.5,0
"Will Federal Reserve Chair Jerome H. Powell say ""Good Afternoon"" during his introductory remarks and Q&A at the post‑FOMC press conference following the June 2025 FOMC meeting?",Spending,politics,0.935,11.5,1
"Will Federal Reserve Chair Jerome H. Powell say ""Good Afternoon"" during his introductory remarks and Q&A at the post‑FOMC press conference following the June 2025 FOMC meeting?",Stagflation,politics,0.08,11.5,0
"Will Federal Reserve Chair Jerome H. Powell say ""Good Afternoon"" during his introductory remarks and Q&A at the post‑FOMC press conference following the June 2025 FOMC meeting?",Tariff,politics,0.97,11.5,1
"Will Federal Reserve Chair Jerome H. Powell say ""Good Afternoon"" during his introductory remarks and Q&A at the post‑FOMC press conference following the June 2025 FOMC meeting?",Trump,politics,0.05,11.5,0
"Will Federal Reserve Chair Jerome H. Powell say ""Good Afternoon"" during his introductory remarks and Q&A at the post‑FOMC press conference following the June 2025 FOMC meeting?",Yield Curve,politics,0.175,11.5,0
Which pitcher will win the National League Reliever of the Year award for the 2025 MLB season?,Camilo Doval,sports,0.02,1851.74,0
Which pitcher will win the National League Reliever of the Year award for the 2025 MLB season?,Edwin Diaz,sports,0.515,1851.74,1
Which pitcher will win the National League Reliever of the Year award for the 2025 MLB season?,Jordan Romano,sports,0.005,1851.74,0
Which pitcher will win the National League Reliever of the Year award for the 2025 MLB season?,Justin Martinez,sports,0.005,1851.74,0
Which pitcher will win the National League Reliever of the Year award for the 2025 MLB season?,Kirby Yates,sports,0.115,1851.74,0
Which pitcher will win the National League Reliever of the Year award for the 2025 MLB season?,Kyle Finnegan,sports,0.005,1851.74,0
Which pitcher will win the National League Reliever of the Year award for the 2025 MLB season?,Michael Kopech,sports,0.005,1851.74,0
Which pitcher will win the National League Reliever of the Year award for the 2025 MLB season?,Raisel Iglesias,sports,0.005,1851.74,0
Which pitcher will win the National League Reliever of the Year award for the 2025 MLB season?,Robert Suarez,sports,0.395,1851.74,0
Which pitcher will win the National League Reliever of the Year award for the 2025 MLB season?,Ryan Helsley,sports,0.19,1851.74,0
Which pitcher will win the National League Reliever of the Year award for the 2025 MLB season?,Ryan Pressly,sports,0.005,1851.74,0
Which pitcher will win the National League Reliever of the Year award for the 2025 MLB season?,Ryan Walker,sports,0.005,1851.74,0
Which pitcher will win the National League Reliever of the Year award for the 2025 MLB season?,Shelby Miller,sports,0.23,1851.74,0
Which pitcher will win the National League Reliever of the Year award for the 2025 MLB season?,Tanner Scott,sports,0.03,1851.74,0
Which pitcher will win the National League Reliever of the Year award for the 2025 MLB season?,Tie/Co-Winners,sports,0.375,1851.74,0
Which pitcher will win the National League Reliever of the Year award for the 2025 MLB season?,Trevor Megill,sports,0.09,1851.74,0
"Which player — Marcus Rashford, Nico Williams, Rafa Leoo, or Luis Diaz — will FC Barcelona acquire before Sep 2, 2025?",Luis Diaz,sports,0.415,1993.98,0
"Which player — Marcus Rashford, Nico Williams, Rafa Leoo, or Luis Diaz — will FC Barcelona acquire before Sep 2, 2025?",Marcus Rashford,sports,0.255,1993.98,1
"Which player — Marcus Rashford, Nico Williams, Rafa Leoo, or Luis Diaz — will FC Barcelona acquire before Sep 2, 2025?",Nico Williams,sports,0.645,1993.98,0
"Which player — Marcus Rashford, Nico Williams, Rafa Leoo, or Luis Diaz — will FC Barcelona acquire before Sep 2, 2025?",Rafa Leoo,sports,0.2,1993.98,0
"Which professional MMA fighter, Abusupiyan Magomedov or Joe Pyfer, will win the Magomedov vs Pyfer fight at UFC 320 scheduled for Oct 4, 2025?",Abusupiyan Magomedov,sports,0.265,50.61,0
"Which professional MMA fighter, Abusupiyan Magomedov or Joe Pyfer, will win the Magomedov vs Pyfer fight at UFC 320 scheduled for Oct 4, 2025?",Joe Pyfer,sports,0.735,50.61,1
"Which college football team, Western Kentucky or Nevada, will win the game scheduled for Sep 20, 2025, at Western Kentucky?",Nevada,sports,0.235,146.25,0
"Which college football team, Western Kentucky or Nevada, will win the game scheduled for Sep 20, 2025, at Western Kentucky?",Western Kentucky,sports,0.755,146.25,1
"Which college football team, Louisiana-Monroe or Arkansas St., will win the game scheduled for Sep 27, 2025?",Arkansas St.,sports,0.475,72.31,0
"Which college football team, Louisiana-Monroe or Arkansas St., will win the game scheduled for Sep 27, 2025?",Louisiana-Monroe,sports,0.525,72.31,1
"Which professional tennis player, Zizou Bergs or Juncheng Shang, will win the Bergs vs Shang match in the round of 32 at the 2025 ATP Chengdu tournament (assuming at least one ball is played)?",Juncheng Shang,sports,0.55,6.83,1
"Which professional tennis player, Zizou Bergs or Juncheng Shang, will win the Bergs vs Shang match in the round of 32 at the 2025 ATP Chengdu tournament (assuming at least one ball is played)?",Zizou Bergs,sports,0.455,6.83,0
"Will any American Airlines Group Inc. representative (including the operator of the call) say ""ATC"" during the next American Airlines Group Inc. earnings call (including the Q+A)?",AT&T,finance,0.305,44.15,1
"Will any American Airlines Group Inc. representative (including the operator of the call) say ""ATC"" during the next American Airlines Group Inc. earnings call (including the Q+A)?",ATC,finance,0.61,44.15,0
"Will any American Airlines Group Inc. representative (including the operator of the call) say ""ATC"" during the next American Airlines Group Inc. earnings call (including the Q+A)?",Centennial,finance,0.61,44.15,0
"Will any American Airlines Group Inc. representative (including the operator of the call) say ""ATC"" during the next American Airlines Group Inc. earnings call (including the Q+A)?",Citi,finance,0.765,44.15,1
"Will any American Airlines Group Inc. representative (including the operator of the call) say ""ATC"" during the next American Airlines Group Inc. earnings call (including the Q+A)?",Holiday,finance,0.605,44.15,1
"Will any American Airlines Group Inc. representative (including the operator of the call) say ""ATC"" during the next American Airlines Group Inc. earnings call (including the Q+A)?",Lavazza,finance,0.535,44.15,1
"Will any American Airlines Group Inc. representative (including the operator of the call) say ""ATC"" during the next American Airlines Group Inc. earnings call (including the Q+A)?",Record,finance,0.645,44.15,1
"Will any American Airlines Group Inc. representative (including the operator of the call) say ""ATC"" during the next American Airlines Group Inc. earnings call (including the Q+A)?",Shutdown / Shut Down,finance,0.635,44.15,1
"Will any American Airlines Group Inc. representative (including the operator of the call) say ""ATC"" during the next American Airlines Group Inc. earnings call (including the Q+A)?",Tariff,finance,0.505,44.15,0
"Will any American Airlines Group Inc. representative (including the operator of the call) say ""ATC"" during the next American Airlines Group Inc. earnings call (including the Q+A)?",Technology,finance,0.73,44.15,1
"Will any American Airlines Group Inc. representative (including the operator of the call) say ""ATC"" during the next American Airlines Group Inc. earnings call (including the Q+A)?",Weather,finance,0.765,44.15,0
"Will any American Airlines Group Inc. representative (including the operator of the call) say ""ATC"" during the next American Airlines Group Inc. earnings call (including the Q+A)?",World Cup,finance,0.52,44.15,0
"During the next Bank of America Corporation earnings call (including the Q&A), will any Bank of America Corporation representative say the word ""guidance""?",Buyback,finance,0.76,138.56,0
"During the next Bank of America Corporation earnings call (including the Q&A), will any Bank of America Corporation representative say the word ""guidance""?",Commercial Real Estate,finance,0.87,138.56,1
"During the next Bank of America Corporation earnings call (including the Q&A), will any Bank of America Corporation representative say the word ""guidance""?",Consecutive,finance,0.875,138.56,1
"During the next Bank of America Corporation earnings call (including the Q&A), will any Bank of America Corporation representative say the word ""guidance""?",Digital,finance,0.955,138.56,1
"During the next Bank of America Corporation earnings call (including the Q&A), will any Bank of America Corporation representative say the word ""guidance""?",Dividend,finance,0.94,138.56,1
"During the next Bank of America Corporation earnings call (including the Q&A), will any Bank of America Corporation representative say the word ""guidance""?",Efficiency,finance,0.875,138.56,1
"During the next Bank of America Corporation earnings call (including the Q&A), will any Bank of America Corporation representative say the word ""guidance""?",Guidance,finance,0.915,138.56,1
"During the next Bank of America Corporation earnings call (including the Q&A), will any Bank of America Corporation representative say the word ""guidance""?",Loan Growth,finance,0.945,138.56,1
"During the next Bank of America Corporation earnings call (including the Q&A), will any Bank of America Corporation representative say the word ""guidance""?",Margin,finance,0.665,138.56,1
"During the next Bank of America Corporation earnings call (including the Q&A), will any Bank of America Corporation representative say the word ""guidance""?",Momentum,finance,0.885,138.56,1
"During the next Bank of America Corporation earnings call (including the Q&A), will any Bank of America Corporation representative say the word ""guidance""?",Recession,finance,0.65,138.56,0
"During the next Bank of America Corporation earnings call (including the Q&A), will any Bank of America Corporation representative say the word ""guidance""?",Tariff,finance,0.745,138.56,1
"During the next Bank of America Corporation earnings call (including the Q&A), will any Bank of America Corporation representative say the word ""guidance""?",Trading,finance,0.955,138.56,1
"During the next Bank of America Corporation earnings call (including the Q&A), will any Bank of America Corporation representative say the word ""guidance""?",Wealth,finance,0.955,138.56,1
"Which world leader from the provided list will Donald Trump meet in person at any time during September 2025 (Sept 1–30, 2025)?",Benjamin Netanyahu,other,0.695,675.86,1
"Which world leader from the provided list will Donald Trump meet in person at any time during September 2025 (Sept 1–30, 2025)?",Keir Starmer,other,0.895,675.86,1
"Which world leader from the provided list will Donald Trump meet in person at any time during September 2025 (Sept 1–30, 2025)?",Kim Jong Un,other,0.085,675.86,0
"Which world leader from the provided list will Donald Trump meet in person at any time during September 2025 (Sept 1–30, 2025)?",Narendra Modi,other,0.64,675.86,1
"Which world leader from the provided list will Donald Trump meet in person at any time during September 2025 (Sept 1–30, 2025)?",Pedro Sanchez,other,0.09,675.86,0
"Which world leader from the provided list will Donald Trump meet in person at any time during September 2025 (Sept 1–30, 2025)?",Recep Tayyip Erdoğan,other,0.31,675.86,1
"Which world leader from the provided list will Donald Trump meet in person at any time during September 2025 (Sept 1–30, 2025)?",Shigeru Ishiba,other,0.26,675.86,1
"Which world leader from the provided list will Donald Trump meet in person at any time during September 2025 (Sept 1–30, 2025)?",Ursula von der Leyen,other,0.51,675.86,1
"Which world leader from the provided list will Donald Trump meet in person at any time during September 2025 (Sept 1–30, 2025)?",Vladimir Putin,other,0.24,675.86,0
"Which world leader from the provided list will Donald Trump meet in person at any time during September 2025 (Sept 1–30, 2025)?",Volodymyr Zelenskyy,other,0.63,675.86,1
"Which world leader from the provided list will Donald Trump meet in person at any time during September 2025 (Sept 1–30, 2025)?",Xi Jinping,other,0.15,675.86,1
"Which professional baseball team, Baltimore or New York Y, will win the game scheduled for Jun 21, 2025?",Baltimore,sports,0.39,8.04,0
"Which professional baseball team, Baltimore or New York Y, will win the game scheduled for Jun 21, 2025?",New York Y,sports,0.61,8.04,1
"Which professional EPL soccer team, Leeds United or Tottenham, will win the game scheduled for Oct 4, 2025 after 90 minutes plus stoppage time (does not include extra time or penalties)?",Leeds United,sports,0.34,150.91,0
"Which professional EPL soccer team, Leeds United or Tottenham, will win the game scheduled for Oct 4, 2025 after 90 minutes plus stoppage time (does not include extra time or penalties)?",Tie,sports,0.25,150.91,0
"Which professional EPL soccer team, Leeds United or Tottenham, will win the game scheduled for Oct 4, 2025 after 90 minutes plus stoppage time (does not include extra time or penalties)?",Tottenham,sports,0.405,150.91,1
"Which professional La Liga soccer team, Atlético or Real Madrid, will win the match scheduled for Sep 27, 2025 after 90 minutes plus stoppage time (excluding extra time and penalties)?",Atletico,sports,0.32,67.65,1
"Which professional La Liga soccer team, Atlético or Real Madrid, will win the match scheduled for Sep 27, 2025 after 90 minutes plus stoppage time (excluding extra time and penalties)?",Real Madrid,sports,0.42,67.65,0
"Which professional La Liga soccer team, Atlético or Real Madrid, will win the match scheduled for Sep 27, 2025 after 90 minutes plus stoppage time (excluding extra time and penalties)?",Tie,sports,0.26,67.65,0
"Which college football team, Florida St. or Miami (FL), will win the game scheduled for Oct 4, 2025?",Florida St.,sports,0.375,13.07,0
"Which college football team, Florida St. or Miami (FL), will win the game scheduled for Oct 4, 2025?",Miami (FL),sports,0.635,13.07,1
"Which professional baseball team, A's or Toronto, will win the game scheduled for Jul 13, 2025?",A's,sports,0.44,10.82,1
"Which professional baseball team, A's or Toronto, will win the game scheduled for Jul 13, 2025?",Toronto,sports,0.56,10.82,0
"Which professional football team, New England or Carolina, will win the Carolina at New England game scheduled for Sep 28, 2025?",Carolina,sports,0.315,32.32,0
"Which professional football team, New England or Carolina, will win the Carolina at New England game scheduled for Sep 28, 2025?",New England,sports,0.685,32.32,1
"Which college football team, BYU or West Virginia, will win the game scheduled for Oct 3, 2025?",BYU,sports,0.895,19.07,1
"Which college football team, BYU or West Virginia, will win the game scheduled for Oct 3, 2025?",West Virginia,sports,0.105,19.07,0
"Which college football team, Iowa or Indiana, will win the game scheduled for Sep 27, 2025?",Indiana,sports,0.745,36.98,1
"Which college football team, Iowa or Indiana, will win the game scheduled for Sep 27, 2025?",Iowa,sports,0.255,36.98,0
"Will the film ""The Naked Gun"" have a Rotten Tomatoes Tomatometer score above 45 on Aug 4, 2025 at 10:00 AM ET?",Above 45,culture,0.5,721.98,1
"Will the film ""The Naked Gun"" have a Rotten Tomatoes Tomatometer score above 45 on Aug 4, 2025 at 10:00 AM ET?",Above 60,culture,0.475,721.98,1
"Will the film ""The Naked Gun"" have a Rotten Tomatoes Tomatometer score above 45 on Aug 4, 2025 at 10:00 AM ET?",Above 75,culture,0.29,721.98,1
"Will the film ""The Naked Gun"" have a Rotten Tomatoes Tomatometer score above 45 on Aug 4, 2025 at 10:00 AM ET?",Above 90,culture,0.22,721.98,0
"Which college football team, Vanderbilt or Missouri, will win the game scheduled for Oct 25, 2025, at Vanderbilt?",Missouri,sports,0.435,44.64,0
"Which college football team, Vanderbilt or Missouri, will win the game scheduled for Oct 25, 2025, at Vanderbilt?",Vanderbilt,sports,0.57,44.64,1
"Which college football team, Northwestern or UCLA, will win the game scheduled for Sep 27, 2025?",Northwestern,sports,0.665,7.73,1
"Which college football team, Northwestern or UCLA, will win the game scheduled for Sep 27, 2025?",UCLA,sports,0.335,7.73,0
"Will MrBeast say the word ""Money"" during his next YouTube video?",Available,politics,0.555,289.39,0
"Will MrBeast say the word ""Money"" during his next YouTube video?",Beast,politics,0.455,289.39,0
"Will MrBeast say the word ""Money"" during his next YouTube video?",Camera,politics,0.465,289.39,0
"Will MrBeast say the word ""Money"" during his next YouTube video?",Challenge,politics,0.785,289.39,0
"Will MrBeast say the word ""Money"" during his next YouTube video?",Charity,politics,0.12,289.39,0
"Will MrBeast say the word ""Money"" during his next YouTube video?",Contestant,politics,0.26,289.39,0
"Will MrBeast say the word ""Money"" during his next YouTube video?",Elimination,politics,0.16,289.39,0
"Will MrBeast say the word ""Money"" during his next YouTube video?",Explore,politics,0.245,289.39,0
"Will MrBeast say the word ""Money"" during his next YouTube video?",Feastable,politics,0.775,289.39,0
"Will MrBeast say the word ""Money"" during his next YouTube video?",Game,politics,0.7,289.39,0
"Will MrBeast say the word ""Money"" during his next YouTube video?",House,politics,0.275,289.39,0
"Will MrBeast say the word ""Money"" during his next YouTube video?",Insane,politics,0.445,289.39,0
"Will MrBeast say the word ""Money"" during his next YouTube video?",Million,politics,0.7,289.39,1
"Will MrBeast say the word ""Money"" during his next YouTube video?",Money,politics,0.775,289.39,1
"Will MrBeast say the word ""Money"" during his next YouTube video?",Prize,politics,0.475,289.39,0
"Will MrBeast say the word ""Money"" during his next YouTube video?",Speed,politics,0.285,289.39,1
"Will MrBeast say the word ""Money"" during his next YouTube video?",Subscribe,politics,0.765,289.39,0
"Will MrBeast say the word ""Money"" during his next YouTube video?",Survive,politics,0.54,289.39,1
"Will MrBeast say the word ""Money"" during his next YouTube video?",Time,politics,0.92,289.39,1
"Will MrBeast say the word ""Money"" during his next YouTube video?",Water,politics,0.55,289.39,1
"Will MrBeast say the word ""Money"" during his next YouTube video?",Week,politics,0.335,289.39,1
"Will MrBeast say the word ""Money"" during his next YouTube video?",Win,politics,0.8,289.39,0
"Which professional MMA fighter, Hamdy Abdelwahab or Mohammed Usman, will win the Abdelwahab vs Usman fight scheduled for Jun 21, 2025?",Hamdy Abdelwahab,sports,0.61,77.09,0
"Which professional MMA fighter, Hamdy Abdelwahab or Mohammed Usman, will win the Abdelwahab vs Usman fight scheduled for Jun 21, 2025?",Mohammed Usman,sports,0.39,77.09,1
"Which college football team, Kentucky or Ole Miss, will win the game scheduled for Sep 6, 2025?",Kentucky,sports,0.23,143.56,0
"Which college football team, Kentucky or Ole Miss, will win the game scheduled for Sep 6, 2025?",Ole Miss,sports,0.775,143.56,1
PPA Tour Sacramento Vintage Open - Mixed Doubles Winner?,Allyce Jones/Roscoe Bellamy,sports,0.075,66.59,0
PPA Tour Sacramento Vintage Open - Mixed Doubles Winner?,Brooke Buckner/Connor Garnett,sports,0.05,66.59,0
PPA Tour Sacramento Vintage Open - Mixed Doubles Winner?,Callie Smith/Jaume Martinez-Vich,sports,0.42,66.59,0
PPA Tour Sacramento Vintage Open - Mixed Doubles Winner?,Etta Tuionatoa/Jay Devilliers,sports,0.13,66.59,0
PPA Tour Sacramento Vintage Open - Mixed Doubles Winner?,Jessie Irvine/Gabe Tardio,sports,0.14,66.59,0
PPA Tour Sacramento Vintage Open - Mixed Doubles Winner?,Jorja Johnson/JW Johnson,sports,0.515,66.59,1
PPA Tour Sacramento Vintage Open - Mixed Doubles Winner?,Kate Fahey/Dylan Frazier,sports,0.25,66.59,0
PPA Tour Sacramento Vintage Open - Mixed Doubles Winner?,Lea Jansen/Federico Staksrud,sports,0.025,66.59,0
PPA Tour Sacramento Vintage Open - Mixed Doubles Winner?,Maggie Brascia/Noe Khlif,sports,0.02,66.59,0
PPA Tour Sacramento Vintage Open - Mixed Doubles Winner?,Tina Pisnik/Andrei Daescu,sports,0.025,66.59,0
PPA Tour Sacramento Vintage Open - Mixed Doubles Winner?,Tyra Hurricane Black/Pablo Tellez,sports,0.015,66.59,0
"Will the Associated Press (AP) make its first definitive call of a winner in the 2025 New York City mayoral election before 9:05 PM ET on Nov 4, 2025?",Before 10:00 PM ET,other,0.555,148.48,1
"Will the Associated Press (AP) make its first definitive call of a winner in the 2025 New York City mayoral election before 9:05 PM ET on Nov 4, 2025?",Before 10:30 PM ET,other,0.58,148.48,1
"Will the Associated Press (AP) make its first definitive call of a winner in the 2025 New York City mayoral election before 9:05 PM ET on Nov 4, 2025?",Before 11:00 PM ET,other,0.64,148.48,1
"Will the Associated Press (AP) make its first definitive call of a winner in the 2025 New York City mayoral election before 9:05 PM ET on Nov 4, 2025?",Before 11:30 PM ET,other,0.74,148.48,1
"Will the Associated Press (AP) make its first definitive call of a winner in the 2025 New York City mayoral election before 9:05 PM ET on Nov 4, 2025?",Before 12:00 AM ET,other,0.695,148.48,1
"Will the Associated Press (AP) make its first definitive call of a winner in the 2025 New York City mayoral election before 9:05 PM ET on Nov 4, 2025?",Before 3:00 AM ET,other,0.645,148.48,1
"Will the Associated Press (AP) make its first definitive call of a winner in the 2025 New York City mayoral election before 9:05 PM ET on Nov 4, 2025?",Before 9:05 PM ET,other,0.49,148.48,0
"Will the Associated Press (AP) make its first definitive call of a winner in the 2025 New York City mayoral election before 9:05 PM ET on Nov 4, 2025?",Before 9:30 PM ET,other,0.495,148.48,0
"Which boxer, Jake Paul or Gervonta Davis, will win the boxing match scheduled for Nov 14, 2025?",Gervonta Davis,sports,0.495,263.04,0
"Which boxer, Jake Paul or Gervonta Davis, will win the boxing match scheduled for Nov 14, 2025?",Jake Paul,sports,0.425,263.04,0
"Which professional football team, Kansas City or Baltimore, will win the game scheduled for Sep 28, 2025?",Baltimore,sports,0.585,16.31,0
"Which professional football team, Kansas City or Baltimore, will win the game scheduled for Sep 28, 2025?",Kansas City,sports,0.415,16.31,1
"How many consecutive days will 'The Fate of Ophelia' by Taylor Swift be #1 on the Spotify Daily Top Songs USA chart starting on Oct 3, 2025?",At least 10 consecutive days,culture,0.925,254.46,1
"How many consecutive days will 'The Fate of Ophelia' by Taylor Swift be #1 on the Spotify Daily Top Songs USA chart starting on Oct 3, 2025?",At least 11 consecutive days,culture,0.91,254.46,1
"How many consecutive days will 'The Fate of Ophelia' by Taylor Swift be #1 on the Spotify Daily Top Songs USA chart starting on Oct 3, 2025?",At least 12 consecutive days,culture,0.895,254.46,1
"How many consecutive days will 'The Fate of Ophelia' by Taylor Swift be #1 on the Spotify Daily Top Songs USA chart starting on Oct 3, 2025?",At least 13 consecutive days,culture,0.875,254.46,1
"How many consecutive days will 'The Fate of Ophelia' by Taylor Swift be #1 on the Spotify Daily Top Songs USA chart starting on Oct 3, 2025?",At least 14 consecutive days,culture,0.865,254.46,1
"How many consecutive days will 'The Fate of Ophelia' by Taylor Swift be #1 on the Spotify Daily Top Songs USA chart starting on Oct 3, 2025?",At least 4 consecutive days,culture,0.995,254.46,1
"How many consecutive days will 'The Fate of Ophelia' by Taylor Swift be #1 on the Spotify Daily Top Songs USA chart starting on Oct 3, 2025?",At least 5 consecutive days,culture,0.995,254.46,1
"How many consecutive days will 'The Fate of Ophelia' by Taylor Swift be #1 on the Spotify Daily Top Songs USA chart starting on Oct 3, 2025?",At least 6 consecutive days,culture,0.99,254.46,1
"How many consecutive days will 'The Fate of Ophelia' by Taylor Swift be #1 on the Spotify Daily Top Songs USA chart starting on Oct 3, 2025?",At least 7 consecutive days,culture,0.985,254.46,1
"How many consecutive days will 'The Fate of Ophelia' by Taylor Swift be #1 on the Spotify Daily Top Songs USA chart starting on Oct 3, 2025?",At least 8 consecutive days,culture,0.965,254.46,1
"How many consecutive days will 'The Fate of Ophelia' by Taylor Swift be #1 on the Spotify Daily Top Songs USA chart starting on Oct 3, 2025?",At least 9 consecutive days,culture,0.935,254.46,1
"Which professional football team, Minnesota or Atlanta, will win the game scheduled for Sep 14, 2025?",Atlanta,sports,0.33,123.23,1
"Which professional football team, Minnesota or Atlanta, will win the game scheduled for Sep 14, 2025?",Minnesota,sports,0.67,123.23,0
"Which professional tennis player, Lorenzo Musetti or Jaume Munar, will win their Round of 16 match at the 2025 US Open?",Jaume Munar,sports,0.27,44.03,0
"Which professional tennis player, Lorenzo Musetti or Jaume Munar, will win their Round of 16 match at the 2025 US Open?",Lorenzo Musetti,sports,0.435,44.03,1
"Which college football team, BYU or West Virginia, will win the game scheduled for Oct 3, 2025?",BYU,sports,0.8,149.86,1
"Which college football team, BYU or West Virginia, will win the game scheduled for Oct 3, 2025?",West Virginia,sports,0.22,149.86,0
"What will the total number of Spotify streams for ""Manchild"" by Sabrina Carpenter be on Sep 5, 2025 at 10 AM ET?",More than 315 million,culture,0.995,19.64,1
"What will the total number of Spotify streams for ""Manchild"" by Sabrina Carpenter be on Sep 5, 2025 at 10 AM ET?",More than 317 million,culture,0.995,19.64,1
"What will the total number of Spotify streams for ""Manchild"" by Sabrina Carpenter be on Sep 5, 2025 at 10 AM ET?",More than 320 million,culture,0.99,19.64,1
"What will the total number of Spotify streams for ""Manchild"" by Sabrina Carpenter be on Sep 5, 2025 at 10 AM ET?",More than 322 million,culture,0.99,19.64,1
"What will the total number of Spotify streams for ""Manchild"" by Sabrina Carpenter be on Sep 5, 2025 at 10 AM ET?",More than 325 million,culture,0.99,19.64,1
"What will the total number of Spotify streams for ""Manchild"" by Sabrina Carpenter be on Sep 5, 2025 at 10 AM ET?",More than 327 million,culture,0.99,19.64,1
"What will the total number of Spotify streams for ""Manchild"" by Sabrina Carpenter be on Sep 5, 2025 at 10 AM ET?",More than 330 million,culture,0.975,19.64,1
"What will the total number of Spotify streams for ""Manchild"" by Sabrina Carpenter be on Sep 5, 2025 at 10 AM ET?",More than 335 million,culture,0.975,19.64,1
"What will the total number of Spotify streams for ""Manchild"" by Sabrina Carpenter be on Sep 5, 2025 at 10 AM ET?",More than 340 million,culture,0.985,19.64,1
"What will the total number of Spotify streams for ""Manchild"" by Sabrina Carpenter be on Sep 5, 2025 at 10 AM ET?",More than 341 million,culture,0.975,19.64,1
"What will the total number of Spotify streams for ""Manchild"" by Sabrina Carpenter be on Sep 5, 2025 at 10 AM ET?",More than 342 million,culture,0.975,19.64,1
"What will the total number of Spotify streams for ""Manchild"" by Sabrina Carpenter be on Sep 5, 2025 at 10 AM ET?",More than 343 million,culture,0.97,19.64,1
"What will the total number of Spotify streams for ""Manchild"" by Sabrina Carpenter be on Sep 5, 2025 at 10 AM ET?",More than 344 million,culture,0.98,19.64,1
"What will the total number of Spotify streams for ""Manchild"" by Sabrina Carpenter be on Sep 5, 2025 at 10 AM ET?",More than 345 million,culture,0.96,19.64,1
"What will the total number of Spotify streams for ""Manchild"" by Sabrina Carpenter be on Sep 5, 2025 at 10 AM ET?",More than 347 million,culture,0.025,19.64,0
"What will the total number of Spotify streams for ""Manchild"" by Sabrina Carpenter be on Sep 5, 2025 at 10 AM ET?",More than 350 million,culture,0.025,19.64,0
"Which professional football team, San Francisco or Jacksonville, will win the game scheduled for Sep 28, 2025?",Jacksonville,sports,0.385,8.22,1
"Which professional football team, San Francisco or Jacksonville, will win the game scheduled for Sep 28, 2025?",San Francisco,sports,0.62,8.22,0
"Which college football team, Miami (OH) or Western Michigan, will win the game scheduled for Oct 25, 2025?",Miami (OH),sports,0.535,42.83,1
"Which college football team, Miami (OH) or Western Michigan, will win the game scheduled for Oct 25, 2025?",Western Michigan,sports,0.465,42.83,0
"Which professional football team, Arizona or Tennessee, will win the game scheduled for Oct 5, 2025?",Arizona,sports,0.785,10.63,0
"Which professional football team, Arizona or Tennessee, will win the game scheduled for Oct 5, 2025?",Tennessee,sports,0.215,10.63,1
"Which professional football team, Jacksonville or Houston, will win the game scheduled for Nov 9, 2025?",Houston,sports,0.565,212.29,1
"Which professional football team, Jacksonville or Houston, will win the game scheduled for Nov 9, 2025?",Jacksonville,sports,0.435,212.29,0
"How many songs will Taylor Swift have in the Billboard Hot 100 top 10 on the Billboard chart dated Nov 1, 2025?",Exactly 1 song,culture,0.005,186.31,0
"How many songs will Taylor Swift have in the Billboard Hot 100 top 10 on the Billboard chart dated Nov 1, 2025?",Exactly 10 songs,culture,0.015,186.31,0
"How many songs will Taylor Swift have in the Billboard Hot 100 top 10 on the Billboard chart dated Nov 1, 2025?",Exactly 2 songs,culture,0.05,186.31,0
"How many songs will Taylor Swift have in the Billboard Hot 100 top 10 on the Billboard chart dated Nov 1, 2025?",Exactly 3 songs,culture,0.165,186.31,0
"How many songs will Taylor Swift have in the Billboard Hot 100 top 10 on the Billboard chart dated Nov 1, 2025?",Exactly 4 songs,culture,0.46,186.31,1
"How many songs will Taylor Swift have in the Billboard Hot 100 top 10 on the Billboard chart dated Nov 1, 2025?",Exactly 5 songs,culture,0.43,186.31,0
"How many songs will Taylor Swift have in the Billboard Hot 100 top 10 on the Billboard chart dated Nov 1, 2025?",Exactly 6 songs,culture,0.205,186.31,0
"How many songs will Taylor Swift have in the Billboard Hot 100 top 10 on the Billboard chart dated Nov 1, 2025?",Exactly 7 songs,culture,0.105,186.31,0
"How many songs will Taylor Swift have in the Billboard Hot 100 top 10 on the Billboard chart dated Nov 1, 2025?",Exactly 8 songs,culture,0.095,186.31,0
"How many songs will Taylor Swift have in the Billboard Hot 100 top 10 on the Billboard chart dated Nov 1, 2025?",Exactly 9 songs,culture,0.015,186.31,0
"Which college football team, UCF or North Carolina, will win the game scheduled for Sep 20, 2025?",North Carolina,sports,0.325,142.91,0
"Which college football team, UCF or North Carolina, will win the game scheduled for Sep 20, 2025?",UCF,sports,0.665,142.91,1
"Which college football team, James Madison or Georgia Southern, will win the game scheduled for Sep 27, 2025 at James Madison?",Georgia Southern,sports,0.145,6.16,0
"Which college football team, James Madison or Georgia Southern, will win the game scheduled for Sep 27, 2025 at James Madison?",James Madison,sports,0.865,6.16,1
"Will the U.S. House of Representatives hold a floor vote on an omnibus spending bill, a minibus, or a government-wide continuing resolution before Oct 10, 2025?","Before Oct 13, 2025",politics,0.025,768.76,0
"Will the U.S. House of Representatives hold a floor vote on an omnibus spending bill, a minibus, or a government-wide continuing resolution before Oct 10, 2025?","Before Oct 16, 2025",politics,0.13,768.76,0
"Will the U.S. House of Representatives hold a floor vote on an omnibus spending bill, a minibus, or a government-wide continuing resolution before Oct 10, 2025?","Before Oct 19, 2025",politics,0.165,768.76,0
"Will the U.S. House of Representatives hold a floor vote on an omnibus spending bill, a minibus, or a government-wide continuing resolution before Oct 10, 2025?","Before Oct 22, 2025",politics,0.46,768.76,0
"Will the U.S. House of Representatives hold a floor vote on an omnibus spending bill, a minibus, or a government-wide continuing resolution before Oct 10, 2025?","Before Oct 25, 2025",politics,0.53,768.76,0
"Will the U.S. House of Representatives hold a floor vote on an omnibus spending bill, a minibus, or a government-wide continuing resolution before Oct 10, 2025?","Before Oct 28, 2025",politics,0.69,768.76,0
"Will the U.S. House of Representatives hold a floor vote on an omnibus spending bill, a minibus, or a government-wide continuing resolution before Oct 10, 2025?","Before Oct 31, 2025",politics,0.75,768.76,0
"Which college football team, North Carolina St. or Virginia Tech, will win the game scheduled for Sep 27, 2025, in which Virginia Tech plays at North Carolina St.?",North Carolina St.,sports,0.775,8.26,0
"Which college football team, North Carolina St. or Virginia Tech, will win the game scheduled for Sep 27, 2025, in which Virginia Tech plays at North Carolina St.?",Virginia Tech,sports,0.225,8.26,1
"Which college football team, Virginia Tech or Wake Forest, will win the game scheduled for Oct 4, 2025?",Virginia Tech,sports,0.685,41.49,0
"Which college football team, Virginia Tech or Wake Forest, will win the game scheduled for Oct 4, 2025?",Wake Forest,sports,0.315,41.49,1
"Which professional football team, Philadelphia or Denver, will win the game scheduled for Oct 5, 2025, in Philadelphia?",Denver,sports,0.355,82.31,1
"Which professional football team, Philadelphia or Denver, will win the game scheduled for Oct 5, 2025, in Philadelphia?",Philadelphia,sports,0.655,82.31,0
"Which college football team, Cincinnati or Baylor, will win the game scheduled for Oct 25, 2025?",Baylor,sports,0.38,42.1,0
"Which college football team, Cincinnati or Baylor, will win the game scheduled for Oct 25, 2025?",Cincinnati,sports,0.625,42.1,1
"Which college football team, Jacksonville St. or Delaware, will win the Delaware at Jacksonville St. game scheduled for Oct 15, 2025?",Delaware,sports,0.595,96.15,0
"Which college football team, Jacksonville St. or Delaware, will win the Delaware at Jacksonville St. game scheduled for Oct 15, 2025?",Jacksonville St.,sports,0.42,96.15,1
"Which professional baseball team, Chicago WS or Arizona, will win the game scheduled for Jun 24, 2025?",Arizona,sports,0.56,14.28,1
"Which professional baseball team, Chicago WS or Arizona, will win the game scheduled for Jun 24, 2025?",Chicago WS,sports,0.44,14.28,0
"Which college football team, San Jose St. or New Mexico, will win the game scheduled for Oct 3, 2025?",New Mexico,sports,0.455,9.73,0
"Which college football team, San Jose St. or New Mexico, will win the game scheduled for Oct 3, 2025?",San Jose St.,sports,0.555,9.73,1
"Which college football team, Kennesaw St. or Louisiana Tech, will win the game scheduled for Oct 9, 2025, at Kennesaw St.?",Kennesaw St.,sports,0.315,98.22,1
"Which college football team, Kennesaw St. or Louisiana Tech, will win the game scheduled for Oct 9, 2025, at Kennesaw St.?",Louisiana Tech,sports,0.685,98.22,0
What will Alex Cooper say during the next Call Her Daddy Podcast?,Acting / Actor / Actress,politics,0.5,70.63,0
What will Alex Cooper say during the next Call Her Daddy Podcast?,Audition,politics,0.495,70.63,0
What will Alex Cooper say during the next Call Her Daddy Podcast?,Daddy Gang (4+ times),politics,0.78,70.63,1
What will Alex Cooper say during the next Call Her Daddy Podcast?,Fame / Famous,politics,0.495,70.63,0
What will Alex Cooper say during the next Call Her Daddy Podcast?,Family,politics,0.495,70.63,1
What will Alex Cooper say during the next Call Her Daddy Podcast?,Father Cooper,politics,0.495,70.63,0
What will Alex Cooper say during the next Call Her Daddy Podcast?,Red Flag,politics,0.505,70.63,0
What will Alex Cooper say during the next Call Her Daddy Podcast?,Relationship,politics,0.5,70.63,1
What will Alex Cooper say during the next Call Her Daddy Podcast?,Singing / Singer,politics,0.495,70.63,0
What will Alex Cooper say during the next Call Her Daddy Podcast?,TikTok,politics,0.495,70.63,0
What will Alex Cooper say during the next Call Her Daddy Podcast?,Toxic,politics,0.495,70.63,1
What will Alex Cooper say during the next Call Her Daddy Podcast?,Trauma,politics,0.495,70.63,0
What will Alex Cooper say during the next Call Her Daddy Podcast?,Unwell,politics,0.495,70.63,0
"Will pro football player Cameron Jordan be traded to another team before Nov 5, 2025?",A.J. Brown,sports,0.19,550.89,0
"Will pro football player Cameron Jordan be traded to another team before Nov 5, 2025?",Alvin Kamara,sports,0.335,550.89,0
"Will pro football player Cameron Jordan be traded to another team before Nov 5, 2025?",Anthony Richardson Sr.,sports,0.49,550.89,0
"Will pro football player Cameron Jordan be traded to another team before Nov 5, 2025?",Brandin Cooks,sports,0.485,550.89,0
"Will pro football player Cameron Jordan be traded to another team before Nov 5, 2025?",Breece Hall,sports,0.54,550.89,0
"Will pro football player Cameron Jordan be traded to another team before Nov 5, 2025?",Calvin Ridley,sports,0.485,550.89,0
"Will pro football player Cameron Jordan be traded to another team before Nov 5, 2025?",Cameron Jordan,sports,0.51,550.89,0
"Will pro football player Cameron Jordan be traded to another team before Nov 5, 2025?",Chris Olave,sports,0.49,550.89,0
"Will pro football player Cameron Jordan be traded to another team before Nov 5, 2025?",DJ Moore,sports,0.495,550.89,0
"Will pro football player Cameron Jordan be traded to another team before Nov 5, 2025?",David Njoku,sports,0.5,550.89,0
"Will pro football player Cameron Jordan be traded to another team before Nov 5, 2025?",Evan Neal,sports,0.49,550.89,0
"Will pro football player Cameron Jordan be traded to another team before Nov 5, 2025?",Jaelan Phillips,sports,0.49,550.89,1
"Will pro football player Cameron Jordan be traded to another team before Nov 5, 2025?",Jameis Winston,sports,0.515,550.89,0
"Will pro football player Cameron Jordan be traded to another team before Nov 5, 2025?",Jerry Jeudy,sports,0.49,550.89,0
"Will pro football player Cameron Jordan be traded to another team before Nov 5, 2025?",Kayvon Thibodeaux,sports,0.485,550.89,0
"Will pro football player Cameron Jordan be traded to another team before Nov 5, 2025?",Mac Jones,sports,0.485,550.89,0
"Will pro football player Cameron Jordan be traded to another team before Nov 5, 2025?",Malcolm Koonce,sports,0.49,550.89,0
"Will pro football player Cameron Jordan be traded to another team before Nov 5, 2025?",Nick Chubb,sports,0.49,550.89,0
"Will pro football player Cameron Jordan be traded to another team before Nov 5, 2025?",Rico Dowdle,sports,0.485,550.89,0
"Will pro football player Cameron Jordan be traded to another team before Nov 5, 2025?",Riq Woolen,sports,0.5,550.89,0
"Will pro football player Cameron Jordan be traded to another team before Nov 5, 2025?",Russell Wilson,sports,0.49,550.89,0
"Will pro football player Cameron Jordan be traded to another team before Nov 5, 2025?",Trey Hendrickson,sports,0.535,550.89,0
"Which professional football team, Detroit or Cleveland, will win the game scheduled for Sep 28, 2025?",Cleveland,sports,0.175,8.14,0
"Which professional football team, Detroit or Cleveland, will win the game scheduled for Sep 28, 2025?",Detroit,sports,0.825,8.14,1
"Which college football team, Notre Dame or Boise St., will win the game scheduled for Oct 4, 2025?",Boise St.,sports,0.095,15.07,0
"Which college football team, Notre Dame or Boise St., will win the game scheduled for Oct 4, 2025?",Notre Dame,sports,0.905,15.07,1
"Which professional basketball team, Miami or New York, will win the game scheduled for Oct 26, 2025?",Miami,sports,0.41,45.21,1
"Which professional basketball team, Miami or New York, will win the game scheduled for Oct 26, 2025?",New York,sports,0.625,45.21,0
"Which NFL quarterback, Josh Allen or Patrick Mahomes, will have more ESPN Fantasy points in Week 1?",Josh Allen,sports,0.36,48.51,1
"Which NFL quarterback, Josh Allen or Patrick Mahomes, will have more ESPN Fantasy points in Week 1?",Patrick Mahomes,sports,0.64,48.51,0
"Which college football team, Missouri St. or Tennessee-Martin, will win the Tennessee-Martin at Missouri St. game scheduled for Sep 20, 2025?",Missouri St.,sports,0.83,50.58,1
"Which college football team, Missouri St. or Tennessee-Martin, will win the Tennessee-Martin at Missouri St. game scheduled for Sep 20, 2025?",Tennessee-Martin,sports,0.17,50.58,0
"Which college football team, Toledo or Northern Illinois, will win the game scheduled for Nov 5, 2025?",Northern Illinois,sports,0.165,75.33,0
"Which college football team, Toledo or Northern Illinois, will win the game scheduled for Nov 5, 2025?",Toledo,sports,0.845,75.33,1
World Wide Technology Championship Winner?,Camilo Villegas,sports,0.005,143.61,0
World Wide Technology Championship Winner?,Carson Young,sports,0.005,143.61,0
World Wide Technology Championship Winner?,Chad Ramey,sports,0.015,143.61,0
World Wide Technology Championship Winner?,Chandler Phillips,sports,0.005,143.61,0
World Wide Technology Championship Winner?,David Ford,sports,0.005,143.61,0
World Wide Technology Championship Winner?,David Lipsky,sports,0.005,143.61,0
World Wide Technology Championship Winner?,David Skinns,sports,0.005,143.61,0
World Wide Technology Championship Winner?,Davis Riley,sports,0.005,143.61,0
World Wide Technology Championship Winner?,Doug Ghim,sports,0.015,143.61,0
World Wide Technology Championship Winner?,Emiliano Grillo,sports,0.025,143.61,0
World Wide Technology Championship Winner?,Emilio Gil Leyva,sports,0.005,143.61,0
World Wide Technology Championship Winner?,Emilio Gonzalez,sports,0.005,143.61,0
World Wide Technology Championship Winner?,Eric Cole,sports,0.005,143.61,0
World Wide Technology Championship Winner?,Erik Van Rooyen,sports,0.005,143.61,0
World Wide Technology Championship Winner?,Francesco Molinari,sports,0.005,143.61,0
World Wide Technology Championship Winner?,Frankie Capan,sports,0.005,143.61,0
World Wide Technology Championship Winner?,Garrett Sapp,sports,0.005,143.61,0
World Wide Technology Championship Winner?,Garrick Higgo,sports,0.035,143.61,0
World Wide Technology Championship Winner?,Gordon Sargent,sports,0.005,143.61,0
World Wide Technology Championship Winner?,Greyson Sigg,sports,0.005,143.61,0
World Wide Technology Championship Winner?,Harry Higgs,sports,0.005,143.61,0
World Wide Technology Championship Winner?,Hayden Buckley,sports,0.005,143.61,0
World Wide Technology Championship Winner?,Henrik Norlander,sports,0.005,143.61,0
World Wide Technology Championship Winner?,Isaiah Salinda,sports,0.005,143.61,0
World Wide Technology Championship Winner?,J.J. Spaun,sports,0.07,143.61,0
World Wide Technology Championship Winner?,Jackson Suber,sports,0.005,143.61,0
World Wide Technology Championship Winner?,Jacob Bridgeman,sports,0.02,143.61,0
World Wide Technology Championship Winner?,Jeremy Paul,sports,0.005,143.61,0
World Wide Technology Championship Winner?,Jesper Svensson,sports,0.025,143.61,0
World Wide Technology Championship Winner?,Joe Highsmith,sports,0.005,143.61,0
World Wide Technology Championship Winner?,Joel Dahmen,sports,0.005,143.61,0
World Wide Technology Championship Winner?,John Keefer,sports,0.025,143.61,0
World Wide Technology Championship Winner?,John Pak,sports,0.005,143.61,0
World Wide Technology Championship Winner?,Justin Lower,sports,0.005,143.61,0
World Wide Technology Championship Winner?,Kaito Onishi,sports,0.005,143.61,0
World Wide Technology Championship Winner?,Keith Mitchell,sports,0.02,143.61,0
World Wide Technology Championship Winner?,Kevin Roy,sports,0.005,143.61,0
World Wide Technology Championship Winner?,Kevin Velo,sports,0.005,143.61,0
World Wide Technology Championship Winner?,Kevin Yu,sports,0.03,143.61,0
World Wide Technology Championship Winner?,Kris Ventura,sports,0.005,143.61,0
World Wide Technology Championship Winner?,Lanto Griffin,sports,0.005,143.61,0
World Wide Technology Championship Winner?,Lee Hodges,sports,0.005,143.61,0
World Wide Technology Championship Winner?,Luke Clanton,sports,0.005,143.61,0
World Wide Technology Championship Winner?,Luke Donald,sports,0.005,143.61,0
World Wide Technology Championship Winner?,Luke List,sports,0.005,143.61,0
World Wide Technology Championship Winner?,Mac Meissner,sports,0.005,143.61,0
World Wide Technology Championship Winner?,Mackenzie Hughes,sports,0.01,143.61,0
World Wide Technology Championship Winner?,Mark Hubbard,sports,0.005,143.61,0
World Wide Technology Championship Winner?,Mason Andersen,sports,0.005,143.61,0
World Wide Technology Championship Winner?,Matt Kuchar,sports,0.015,143.61,0
World Wide Technology Championship Winner?,Matt Wallace,sports,0.02,143.61,0
World Wide Technology Championship Winner?,Matthew Riedel,sports,0.005,143.61,0
World Wide Technology Championship Winner?,Matthieu Pavon,sports,0.005,143.61,0
World Wide Technology Championship Winner?,Matti Schmid,sports,0.005,143.61,0
World Wide Technology Championship Winner?,Max Greyserman,sports,0.045,143.61,0
World Wide Technology Championship Winner?,Max McGreevy,sports,0.015,143.61,0
World Wide Technology Championship Winner?,Michael Brennan,sports,0.025,143.61,0
World Wide Technology Championship Winner?,Michael Thorbjornsen,sports,0.035,143.61,0
World Wide Technology Championship Winner?,Nick Dunlap,sports,0.005,143.61,0
World Wide Technology Championship Winner?,Nick Hardy,sports,0.005,143.61,0
World Wide Technology Championship Winner?,Nick Taylor,sports,0.025,143.61,0
World Wide Technology Championship Winner?,Nicolas Echavarria,sports,0.025,143.61,0
World Wide Technology Championship Winner?,Niklas Norgaard Moller,sports,0.015,143.61,0
World Wide Technology Championship Winner?,Noah Goodwin,sports,0.005,143.61,0
World Wide Technology Championship Winner?,Omar Morales,sports,0.005,143.61,0
World Wide Technology Championship Winner?,Patrick Fishburn,sports,0.015,143.61,0
World Wide Technology Championship Winner?,Patrick Rodgers,sports,0.005,143.61,0
World Wide Technology Championship Winner?,Patton Kizzire,sports,0.005,143.61,0
World Wide Technology Championship Winner?,Paul Peterson,sports,0.005,143.61,0
World Wide Technology Championship Winner?,Peter Knade,sports,0.005,143.61,0
World Wide Technology Championship Winner?,Pierceson Coody,sports,0.025,143.61,0
World Wide Technology Championship Winner?,Quade Cummins,sports,0.005,143.61,0
World Wide Technology Championship Winner?,Rafael Campos,sports,0.005,143.61,0
World Wide Technology Championship Winner?,Ricky Castillo,sports,0.015,143.61,0
World Wide Technology Championship Winner?,Rico Hoey,sports,0.04,143.61,0
World Wide Technology Championship Winner?,Rikuya Hoshino,sports,0.005,143.61,0
World Wide Technology Championship Winner?,Ryan Palmer,sports,0.005,143.61,0
World Wide Technology Championship Winner?,Ryo Hisatsune,sports,0.005,143.61,0
World Wide Technology Championship Winner?,Sam Ryder,sports,0.01,143.61,0
World Wide Technology Championship Winner?,Sami Valimaki,sports,0.005,143.61,0
World Wide Technology Championship Winner?,Seamus Power,sports,0.005,143.61,0
World Wide Technology Championship Winner?,Si Woo Kim,sports,0.045,143.61,0
World Wide Technology Championship Winner?,Stephan Jaeger,sports,0.015,143.61,0
World Wide Technology Championship Winner?,Steven Fisk,sports,0.015,143.61,0
World Wide Technology Championship Winner?,Takumi Kanaya,sports,0.015,143.61,0
World Wide Technology Championship Winner?,Taylor Dickson,sports,0.005,143.61,0
World Wide Technology Championship Winner?,Taylor Montgomery,sports,0.005,143.61,0
World Wide Technology Championship Winner?,Taylor Moore,sports,0.005,143.61,0
World Wide Technology Championship Winner?,Thomas Rosenmueller,sports,0.005,143.61,0
World Wide Technology Championship Winner?,Thorbjorn Olesen,sports,0.03,143.61,0
World Wide Technology Championship Winner?,Tom Hoge,sports,0.005,143.61,0
World Wide Technology Championship Winner?,Trevor Cone,sports,0.005,143.61,0
World Wide Technology Championship Winner?,Trey Mullinax,sports,0.005,143.61,0
World Wide Technology Championship Winner?,Tyler Weaver,sports,0.005,143.61,0
World Wide Technology Championship Winner?,Victor Perez,sports,0.015,143.61,0
World Wide Technology Championship Winner?,Vince Whaley,sports,0.015,143.61,0
World Wide Technology Championship Winner?,Will Chandler,sports,0.005,143.61,0
World Wide Technology Championship Winner?,Will Gordon,sports,0.005,143.61,0
World Wide Technology Championship Winner?,William Mouw,sports,0.015,143.61,0
World Wide Technology Championship Winner?,Wyndham Clark,sports,0.025,143.61,0
Will the Minnesota professional baseball team have more than 70 wins in the 2025 regular season?,More than 100 wins,sports,0.005,469.92,0
Will the Minnesota professional baseball team have more than 70 wins in the 2025 regular season?,More than 110 wins,sports,0.005,469.92,0
Will the Minnesota professional baseball team have more than 70 wins in the 2025 regular season?,More than 70 wins,sports,0.395,469.92,0
Will the Minnesota professional baseball team have more than 70 wins in the 2025 regular season?,More than 80 wins,sports,0.04,469.92,0
Will the Minnesota professional baseball team have more than 70 wins in the 2025 regular season?,More than 90 wins,sports,0.005,469.92,0
"Which professional English Premier League soccer team, Aston Villa or Manchester City, will win the match scheduled for Oct 26, 2025 — considering only the result after 90 minutes plus stoppage time (extra time and penalties do not count)?",Aston Villa,sports,0.215,15.78,1
"Which professional English Premier League soccer team, Aston Villa or Manchester City, will win the match scheduled for Oct 26, 2025 — considering only the result after 90 minutes plus stoppage time (extra time and penalties do not count)?",Manchester City,sports,0.56,15.78,0
"Which professional English Premier League soccer team, Aston Villa or Manchester City, will win the match scheduled for Oct 26, 2025 — considering only the result after 90 minutes plus stoppage time (extra time and penalties do not count)?",Tie,sports,0.23,15.78,0
"Which college basketball team, Syracuse or Binghamton, will win the game scheduled for Nov 3, 2025?",Binghamton,sports,0.115,26.78,0
"Which college basketball team, Syracuse or Binghamton, will win the game scheduled for Nov 3, 2025?",Syracuse,sports,0.875,26.78,1
"Which professional football team, New York G or Los Angeles C, will win the game scheduled for Sep 28, 2025?",Los Angeles C,sports,0.735,16.39,0
"Which professional football team, New York G or Los Angeles C, will win the game scheduled for Sep 28, 2025?",New York G,sports,0.265,16.39,1
Will Anders Albertson be one of the Top 10 finishers (including ties) at the 2025 The Open Professional Golf Tournament?,Aaron Rai,sports,0.295,54.1,0
Will Anders Albertson be one of the Top 10 finishers (including ties) at the 2025 The Open Professional Golf Tournament?,Adam Scott,sports,0.495,54.1,0
Will Anders Albertson be one of the Top 10 finishers (including ties) at the 2025 The Open Professional Golf Tournament?,Adrien Saddier,sports,0.215,54.1,0
Will Anders Albertson be one of the Top 10 finishers (including ties) at the 2025 The Open Professional Golf Tournament?,Aldrich Potgieter,sports,0.495,54.1,0
Will Anders Albertson be one of the Top 10 finishers (including ties) at the 2025 The Open Professional Golf Tournament?,Andrew Novak,sports,0.05,54.1,0
Will Anders Albertson be one of the Top 10 finishers (including ties) at the 2025 The Open Professional Golf Tournament?,Antoine Rozner,sports,0.51,54.1,0
Will Anders Albertson be one of the Top 10 finishers (including ties) at the 2025 The Open Professional Golf Tournament?,Brooks Koepka,sports,0.035,54.1,0
Will Anders Albertson be one of the Top 10 finishers (including ties) at the 2025 The Open Professional Golf Tournament?,Bryan Newman,sports,0.005,54.1,0
Will Anders Albertson be one of the Top 10 finishers (including ties) at the 2025 The Open Professional Golf Tournament?,Cameron Smith,sports,0.05,54.1,0
Will Anders Albertson be one of the Top 10 finishers (including ties) at the 2025 The Open Professional Golf Tournament?,Cameron Young,sports,0.05,54.1,0
Will Anders Albertson be one of the Top 10 finishers (including ties) at the 2025 The Open Professional Golf Tournament?,Carlos Ortiz,sports,0.015,54.1,0
Will Anders Albertson be one of the Top 10 finishers (including ties) at the 2025 The Open Professional Golf Tournament?,Chris Kirk,sports,0.495,54.1,0
Will Anders Albertson be one of the Top 10 finishers (including ties) at the 2025 The Open Professional Golf Tournament?,Collin Morikawa,sports,0.06,54.1,0
Will Anders Albertson be one of the Top 10 finishers (including ties) at the 2025 The Open Professional Golf Tournament?,Curtis Knipes,sports,0.01,54.1,0
Will Anders Albertson be one of the Top 10 finishers (including ties) at the 2025 The Open Professional Golf Tournament?,Curtis Luck,sports,0.005,54.1,0
Will Anders Albertson be one of the Top 10 finishers (including ties) at the 2025 The Open Professional Golf Tournament?,Daniel Van Tonder,sports,0.495,54.1,0
Will Anders Albertson be one of the Top 10 finishers (including ties) at the 2025 The Open Professional Golf Tournament?,Daniel Young,sports,0.01,54.1,0
Will Anders Albertson be one of the Top 10 finishers (including ties) at the 2025 The Open Professional Golf Tournament?,Davis Riley,sports,0.01,54.1,0
Will Anders Albertson be one of the Top 10 finishers (including ties) at the 2025 The Open Professional Golf Tournament?,Davis Thompson,sports,0.495,54.1,0
Will Anders Albertson be one of the Top 10 finishers (including ties) at the 2025 The Open Professional Golf Tournament?,Denny McCarthy,sports,0.02,54.1,0
Will Anders Albertson be one of the Top 10 finishers (including ties) at the 2025 The Open Professional Golf Tournament?,Dustin Johnson,sports,0.06,54.1,0
Will Anders Albertson be one of the Top 10 finishers (including ties) at the 2025 The Open Professional Golf Tournament?,Dylan Naidoo,sports,0.01,54.1,0
Will Anders Albertson be one of the Top 10 finishers (including ties) at the 2025 The Open Professional Golf Tournament?,Elvis Smylie,sports,0.01,54.1,0
Will Anders Albertson be one of the Top 10 finishers (including ties) at the 2025 The Open Professional Golf Tournament?,Filip Jakubcik,sports,0.01,54.1,0
Will Anders Albertson be one of the Top 10 finishers (including ties) at the 2025 The Open Professional Golf Tournament?,Francesco Molinari,sports,0.04,54.1,0
Will Anders Albertson be one of the Top 10 finishers (including ties) at the 2025 The Open Professional Golf Tournament?,Frazer Jones,sports,0.01,54.1,0
Will Anders Albertson be one of the Top 10 finishers (including ties) at the 2025 The Open Professional Golf Tournament?,Guido Migliozzi,sports,0.495,54.1,0
Will Anders Albertson be one of the Top 10 finishers (including ties) at the 2025 The Open Professional Golf Tournament?,Hao-Tong Li,sports,0.29,54.1,1
Will Anders Albertson be one of the Top 10 finishers (including ties) at the 2025 The Open Professional Golf Tournament?,Henrik Stenson,sports,0.01,54.1,0
Will Anders Albertson be one of the Top 10 finishers (including ties) at the 2025 The Open Professional Golf Tournament?,Hideki Matsuyama,sports,0.05,54.1,0
Will Anders Albertson be one of the Top 10 finishers (including ties) at the 2025 The Open Professional Golf Tournament?,J.J. Spaun,sports,0.08,54.1,0
Will Anders Albertson be one of the Top 10 finishers (including ties) at the 2025 The Open Professional Golf Tournament?,J.T. Poston,sports,0.495,54.1,0
Will Anders Albertson be one of the Top 10 finishers (including ties) at the 2025 The Open Professional Golf Tournament?,Jacob Skov Olesen,sports,0.08,54.1,0
Will Anders Albertson be one of the Top 10 finishers (including ties) at the 2025 The Open Professional Golf Tournament?,Jason Kokrak,sports,0.015,54.1,0
Will Anders Albertson be one of the Top 10 finishers (including ties) at the 2025 The Open Professional Golf Tournament?,Jesper Sandborg,sports,0.01,54.1,0
Will Anders Albertson be one of the Top 10 finishers (including ties) at the 2025 The Open Professional Golf Tournament?,Jesper Svensson,sports,0.03,54.1,0
Will Anders Albertson be one of the Top 10 finishers (including ties) at the 2025 The Open Professional Golf Tournament?,Jhonattan Vegas,sports,0.02,54.1,0
Will Anders Albertson be one of the Top 10 finishers (including ties) at the 2025 The Open Professional Golf Tournament?,Joaquin Niemann,sports,0.195,54.1,0
Will Anders Albertson be one of the Top 10 finishers (including ties) at the 2025 The Open Professional Golf Tournament?,John Parry,sports,0.495,54.1,0
Will Anders Albertson be one of the Top 10 finishers (including ties) at the 2025 The Open Professional Golf Tournament?,Jon Rahm,sports,0.76,54.1,0
Will Anders Albertson be one of the Top 10 finishers (including ties) at the 2025 The Open Professional Golf Tournament?,Jordan L. Smith,sports,0.12,54.1,0
Will Anders Albertson be one of the Top 10 finishers (including ties) at the 2025 The Open Professional Golf Tournament?,Jordan Spieth,sports,0.14,54.1,0
Will Anders Albertson be one of the Top 10 finishers (including ties) at the 2025 The Open Professional Golf Tournament?,Justin Leonard,sports,0.015,54.1,0
Will Anders Albertson be one of the Top 10 finishers (including ties) at the 2025 The Open Professional Golf Tournament?,Justin Rose,sports,0.605,54.1,0
Will Anders Albertson be one of the Top 10 finishers (including ties) at the 2025 The Open Professional Golf Tournament?,Justin Suh,sports,0.015,54.1,0
Will Anders Albertson be one of the Top 10 finishers (including ties) at the 2025 The Open Professional Golf Tournament?,Justin Thomas,sports,0.175,54.1,0
Will Anders Albertson be one of the Top 10 finishers (including ties) at the 2025 The Open Professional Golf Tournament?,Justin Walters,sports,0.01,54.1,0
Will Anders Albertson be one of the Top 10 finishers (including ties) at the 2025 The Open Professional Golf Tournament?,Kevin Yu,sports,0.01,54.1,0
Will Anders Albertson be one of the Top 10 finishers (including ties) at the 2025 The Open Professional Golf Tournament?,Kristoffer Reitan,sports,0.51,54.1,0
Will Anders Albertson be one of the Top 10 finishers (including ties) at the 2025 The Open Professional Golf Tournament?,Lee Westwood,sports,0.12,54.1,0
Will Anders Albertson be one of the Top 10 finishers (including ties) at the 2025 The Open Professional Golf Tournament?,Louis Oosthuizen,sports,0.015,54.1,0
Will Anders Albertson be one of the Top 10 finishers (including ties) at the 2025 The Open Professional Golf Tournament?,Mackenzie Hughes,sports,0.01,54.1,0
Will Anders Albertson be one of the Top 10 finishers (including ties) at the 2025 The Open Professional Golf Tournament?,Marc Leishman,sports,0.11,54.1,0
Will Anders Albertson be one of the Top 10 finishers (including ties) at the 2025 The Open Professional Golf Tournament?,Marco Penge,sports,0.495,54.1,0
Will Anders Albertson be one of the Top 10 finishers (including ties) at the 2025 The Open Professional Golf Tournament?,Matt Wallace,sports,0.08,54.1,0
Will Anders Albertson be one of the Top 10 finishers (including ties) at the 2025 The Open Professional Golf Tournament?,Matteo Manassero,sports,0.015,54.1,0
Will Anders Albertson be one of the Top 10 finishers (including ties) at the 2025 The Open Professional Golf Tournament?,Matthew Jordan,sports,0.22,54.1,0
Will Anders Albertson be one of the Top 10 finishers (including ties) at the 2025 The Open Professional Golf Tournament?,Matthew McCarty,sports,0.495,54.1,0
Will Anders Albertson be one of the Top 10 finishers (including ties) at the 2025 The Open Professional Golf Tournament?,Matthieu Pavon,sports,0.495,54.1,0
Will Anders Albertson be one of the Top 10 finishers (including ties) at the 2025 The Open Professional Golf Tournament?,Matti Schmid,sports,0.03,54.1,0
Will Anders Albertson be one of the Top 10 finishers (including ties) at the 2025 The Open Professional Golf Tournament?,Maverick McNealy,sports,0.155,54.1,0
Will Anders Albertson be one of the Top 10 finishers (including ties) at the 2025 The Open Professional Golf Tournament?,Michael Kim,sports,0.495,54.1,0
Will Anders Albertson be one of the Top 10 finishers (including ties) at the 2025 The Open Professional Golf Tournament?,Min Woo Lee,sports,0.495,54.1,0
Will Anders Albertson be one of the Top 10 finishers (including ties) at the 2025 The Open Professional Golf Tournament?,Nathan Kimsey,sports,0.02,54.1,0
Will Anders Albertson be one of the Top 10 finishers (including ties) at the 2025 The Open Professional Golf Tournament?,Nick Taylor,sports,0.01,54.1,0
Will Anders Albertson be one of the Top 10 finishers (including ties) at the 2025 The Open Professional Golf Tournament?,Nicolai Hojgaard,sports,0.3,54.1,0
Will Anders Albertson be one of the Top 10 finishers (including ties) at the 2025 The Open Professional Golf Tournament?,Niklas Norgaard Moller,sports,0.01,54.1,0
Will Anders Albertson be one of the Top 10 finishers (including ties) at the 2025 The Open Professional Golf Tournament?,Oliver Lindell,sports,0.02,54.1,0
Will Anders Albertson be one of the Top 10 finishers (including ties) at the 2025 The Open Professional Golf Tournament?,Patrick Reed,sports,0.015,54.1,0
Will Anders Albertson be one of the Top 10 finishers (including ties) at the 2025 The Open Professional Golf Tournament?,Phil Mickelson,sports,0.06,54.1,0
Will Anders Albertson be one of the Top 10 finishers (including ties) at the 2025 The Open Professional Golf Tournament?,Richard Teder,sports,0.01,54.1,0
Will Anders Albertson be one of the Top 10 finishers (including ties) at the 2025 The Open Professional Golf Tournament?,Riki Kawamoto,sports,0.015,54.1,0
Will Anders Albertson be one of the Top 10 finishers (including ties) at the 2025 The Open Professional Golf Tournament?,Rikuya Hoshino,sports,0.015,54.1,0
Will Anders Albertson be one of the Top 10 finishers (including ties) at the 2025 The Open Professional Golf Tournament?,Robert Macintyre,sports,0.485,54.1,1
Will Anders Albertson be one of the Top 10 finishers (including ties) at the 2025 The Open Professional Golf Tournament?,Romain Langasque,sports,0.08,54.1,0
Will Anders Albertson be one of the Top 10 finishers (including ties) at the 2025 The Open Professional Golf Tournament?,Rory McIlroy,sports,0.41,54.1,1
Will Anders Albertson be one of the Top 10 finishers (including ties) at the 2025 The Open Professional Golf Tournament?,Ryan Peake,sports,0.01,54.1,0
Will Anders Albertson be one of the Top 10 finishers (including ties) at the 2025 The Open Professional Golf Tournament?,Ryggs Johnston,sports,0.01,54.1,0
Will Anders Albertson be one of the Top 10 finishers (including ties) at the 2025 The Open Professional Golf Tournament?,Sadom Kaewkanjana,sports,0.18,54.1,0
Will Anders Albertson be one of the Top 10 finishers (including ties) at the 2025 The Open Professional Golf Tournament?,Sahith Theegala,sports,0.495,54.1,0
Will Anders Albertson be one of the Top 10 finishers (including ties) at the 2025 The Open Professional Golf Tournament?,Sampson-yunhe Zheng,sports,0.01,54.1,0
Will Anders Albertson be one of the Top 10 finishers (including ties) at the 2025 The Open Professional Golf Tournament?,Scottie Scheffler,sports,0.855,54.1,1
Will Anders Albertson be one of the Top 10 finishers (including ties) at the 2025 The Open Professional Golf Tournament?,Sebastian Soderberg,sports,0.015,54.1,0
Will Anders Albertson be one of the Top 10 finishers (including ties) at the 2025 The Open Professional Golf Tournament?,Sepp Straka,sports,0.165,54.1,0
Will Anders Albertson be one of the Top 10 finishers (including ties) at the 2025 The Open Professional Golf Tournament?,Shane Lowry,sports,0.33,54.1,0
Will Anders Albertson be one of the Top 10 finishers (including ties) at the 2025 The Open Professional Golf Tournament?,Shaun Norris,sports,0.495,54.1,0
Will Anders Albertson be one of the Top 10 finishers (including ties) at the 2025 The Open Professional Golf Tournament?,Shugo Imahira,sports,0.495,54.1,0
Will Anders Albertson be one of the Top 10 finishers (including ties) at the 2025 The Open Professional Golf Tournament?,Si Woo Kim,sports,0.01,54.1,0
Will Anders Albertson be one of the Top 10 finishers (including ties) at the 2025 The Open Professional Golf Tournament?,Stephan Jaeger,sports,0.04,54.1,0
Will Anders Albertson be one of the Top 10 finishers (including ties) at the 2025 The Open Professional Golf Tournament?,Sungjae Im,sports,0.13,54.1,0
Will Anders Albertson be one of the Top 10 finishers (including ties) at the 2025 The Open Professional Golf Tournament?,Takumi Kanaya,sports,0.06,54.1,0
Will Anders Albertson be one of the Top 10 finishers (including ties) at the 2025 The Open Professional Golf Tournament?,Taylor Pendrith,sports,0.495,54.1,0
Will Anders Albertson be one of the Top 10 finishers (including ties) at the 2025 The Open Professional Golf Tournament?,Thorbjorn Olesen,sports,0.07,54.1,0
Will Anders Albertson be one of the Top 10 finishers (including ties) at the 2025 The Open Professional Golf Tournament?,Thriston Lawrence,sports,0.09,54.1,0
Will Anders Albertson be one of the Top 10 finishers (including ties) at the 2025 The Open Professional Golf Tournament?,Tom Kim,sports,0.07,54.1,0
Will Anders Albertson be one of the Top 10 finishers (including ties) at the 2025 The Open Professional Golf Tournament?,Tom McKibbin,sports,0.1,54.1,0
Will Anders Albertson be one of the Top 10 finishers (including ties) at the 2025 The Open Professional Golf Tournament?,Viktor Hovland,sports,0.205,54.1,0
Will Anders Albertson be one of the Top 10 finishers (including ties) at the 2025 The Open Professional Golf Tournament?,Xander Schauffele,sports,0.34,54.1,1
Will Anders Albertson be one of the Top 10 finishers (including ties) at the 2025 The Open Professional Golf Tournament?,Younghan Song,sports,0.495,54.1,0
Will Anders Albertson be one of the Top 10 finishers (including ties) at the 2025 The Open Professional Golf Tournament?,Zach Johnson,sports,0.495,54.1,0
"Which college football team, Vanderbilt or LSU, will win the game scheduled for Oct 18, 2025 (LSU at Vanderbilt)?",LSU,sports,0.45,115.13,0
"Which college football team, Vanderbilt or LSU, will win the game scheduled for Oct 18, 2025 (LSU at Vanderbilt)?",Vanderbilt,sports,0.545,115.13,1
"Which professional baseball team, Baltimore or Tampa Bay, will win the game scheduled for Jun 27, 2025?",Baltimore,sports,0.45,8.65,1
"Which professional baseball team, Baltimore or Tampa Bay, will win the game scheduled for Jun 27, 2025?",Tampa Bay,sports,0.555,8.65,0
Which topic will Donald Trump mention during his next bilateral meeting with a foreign leader in the Oval Office?,Border,politics,0.765,720.75,0
Which topic will Donald Trump mention during his next bilateral meeting with a foreign leader in the Oval Office?,China,politics,0.675,720.75,1
Which topic will Donald Trump mention during his next bilateral meeting with a foreign leader in the Oval Office?,Defense,politics,0.71,720.75,0
Which topic will Donald Trump mention during his next bilateral meeting with a foreign leader in the Oval Office?,Elon,politics,0.14,720.75,0
Which topic will Donald Trump mention during his next bilateral meeting with a foreign leader in the Oval Office?,Energy,politics,0.7,720.75,1
Which topic will Donald Trump mention during his next bilateral meeting with a foreign leader in the Oval Office?,Investment,politics,0.61,720.75,1
Which topic will Donald Trump mention during his next bilateral meeting with a foreign leader in the Oval Office?,NATO,politics,0.235,720.75,0
Which topic will Donald Trump mention during his next bilateral meeting with a foreign leader in the Oval Office?,Sanction,politics,0.345,720.75,0
Which topic will Donald Trump mention during his next bilateral meeting with a foreign leader in the Oval Office?,Tariff,politics,0.76,720.75,1
Which topic will Donald Trump mention during his next bilateral meeting with a foreign leader in the Oval Office?,Trade,politics,0.85,720.75,1
"Which professional football team, New England or Cleveland, will win the Cleveland at New England game scheduled for Oct 26, 2025?",Cleveland,sports,0.26,282.45,0
"Which professional football team, New England or Cleveland, will win the Cleveland at New England game scheduled for Oct 26, 2025?",New England,sports,0.75,282.45,1
Will President Trump mention 'crypto' or 'Bitcoin' during his remarks at the UK State Banquet at Windsor Castle on September 17?,Ally / Alliance,politics,0.59,29.49,0
Will President Trump mention 'crypto' or 'Bitcoin' during his remarks at the UK State Banquet at Windsor Castle on September 17?,Ancestry / Heritage,politics,0.375,29.49,1
Will President Trump mention 'crypto' or 'Bitcoin' during his remarks at the UK State Banquet at Windsor Castle on September 17?,Beautiful,politics,0.72,29.49,1
Will President Trump mention 'crypto' or 'Bitcoin' during his remarks at the UK State Banquet at Windsor Castle on September 17?,Buckingham Palace,politics,0.235,29.49,0
Will President Trump mention 'crypto' or 'Bitcoin' during his remarks at the UK State Banquet at Windsor Castle on September 17?,Camilla,politics,0.54,29.49,1
Will President Trump mention 'crypto' or 'Bitcoin' during his remarks at the UK State Banquet at Windsor Castle on September 17?,Carriage,politics,0.2,29.49,0
Will President Trump mention 'crypto' or 'Bitcoin' during his remarks at the UK State Banquet at Windsor Castle on September 17?,Churchill,politics,0.295,29.49,1
Will President Trump mention 'crypto' or 'Bitcoin' during his remarks at the UK State Banquet at Windsor Castle on September 17?,Commonwealth,politics,0.44,29.49,0
Will President Trump mention 'crypto' or 'Bitcoin' during his remarks at the UK State Banquet at Windsor Castle on September 17?,Culture / Cultural,politics,0.285,29.49,1
Will President Trump mention 'crypto' or 'Bitcoin' during his remarks at the UK State Banquet at Windsor Castle on September 17?,D-Day / Normandy,politics,0.225,29.49,0
Will President Trump mention 'crypto' or 'Bitcoin' during his remarks at the UK State Banquet at Windsor Castle on September 17?,Defense / Security,politics,0.345,29.49,0
Will President Trump mention 'crypto' or 'Bitcoin' during his remarks at the UK State Banquet at Windsor Castle on September 17?,Democracy / Democratic,politics,0.305,29.49,0
Will President Trump mention 'crypto' or 'Bitcoin' during his remarks at the UK State Banquet at Windsor Castle on September 17?,Freedom,politics,0.625,29.49,0
Will President Trump mention 'crypto' or 'Bitcoin' during his remarks at the UK State Banquet at Windsor Castle on September 17?,God,politics,0.765,29.49,0
Will President Trump mention 'crypto' or 'Bitcoin' during his remarks at the UK State Banquet at Windsor Castle on September 17?,Historic,politics,0.575,29.49,0
Will President Trump mention 'crypto' or 'Bitcoin' during his remarks at the UK State Banquet at Windsor Castle on September 17?,Legacy,politics,0.35,29.49,0
Will President Trump mention 'crypto' or 'Bitcoin' during his remarks at the UK State Banquet at Windsor Castle on September 17?,London,politics,0.255,29.49,0
Will President Trump mention 'crypto' or 'Bitcoin' during his remarks at the UK State Banquet at Windsor Castle on September 17?,Partner / Partnership,politics,0.335,29.49,0
Will President Trump mention 'crypto' or 'Bitcoin' during his remarks at the UK State Banquet at Windsor Castle on September 17?,Platinum Jubilee / 70,politics,0.085,29.49,0
Will President Trump mention 'crypto' or 'Bitcoin' during his remarks at the UK State Banquet at Windsor Castle on September 17?,Prince / Princess,politics,0.555,29.49,1
Will President Trump mention 'crypto' or 'Bitcoin' during his remarks at the UK State Banquet at Windsor Castle on September 17?,Queen Elizabeth,politics,0.725,29.49,0
Will President Trump mention 'crypto' or 'Bitcoin' during his remarks at the UK State Banquet at Windsor Castle on September 17?,Rule of Law,politics,0.28,29.49,0
Will President Trump mention 'crypto' or 'Bitcoin' during his remarks at the UK State Banquet at Windsor Castle on September 17?,Scotland,politics,0.175,29.49,0
Will President Trump mention 'crypto' or 'Bitcoin' during his remarks at the UK State Banquet at Windsor Castle on September 17?,Sovereignty,politics,0.32,29.49,0
Will President Trump mention 'crypto' or 'Bitcoin' during his remarks at the UK State Banquet at Windsor Castle on September 17?,Starmer,politics,0.31,29.49,0
Will President Trump mention 'crypto' or 'Bitcoin' during his remarks at the UK State Banquet at Windsor Castle on September 17?,Trade,politics,0.575,29.49,0
Will President Trump mention 'crypto' or 'Bitcoin' during his remarks at the UK State Banquet at Windsor Castle on September 17?,World War,politics,0.58,29.49,0
"Which professional baseball team, Cincinnati or Colorado, will win the game scheduled for Jul 11, 2025?",Cincinnati,sports,0.68,13.83,0
"Which professional baseball team, Cincinnati or Colorado, will win the game scheduled for Jul 11, 2025?",Colorado,sports,0.32,13.83,1
Which participants will be officially eliminated in Episode 3 of Survivor Season 49?,Alex Moore,sports,0.055,36.71,0
Which participants will be officially eliminated in Episode 3 of Survivor Season 49?,Jake Latimer,sports,0.95,36.71,1
Which participants will be officially eliminated in Episode 3 of Survivor Season 49?,Jason Treul,sports,0.105,36.71,0
Which participants will be officially eliminated in Episode 3 of Survivor Season 49?,Jawan Pitts,sports,0.06,36.71,0
Which participants will be officially eliminated in Episode 3 of Survivor Season 49?,Jeremiah Ing,sports,0.63,36.71,1
Which participants will be officially eliminated in Episode 3 of Survivor Season 49?,Kristina Mills,sports,0.075,36.71,0
Which participants will be officially eliminated in Episode 3 of Survivor Season 49?,Matt Williams,sports,0.1,36.71,0
Which participants will be officially eliminated in Episode 3 of Survivor Season 49?,Michelle “MC” Chukwujekwu,sports,0.075,36.71,0
Which participants will be officially eliminated in Episode 3 of Survivor Season 49?,Nate Moore,sports,0.06,36.71,0
Which participants will be officially eliminated in Episode 3 of Survivor Season 49?,Rizo Velovic,sports,0.01,36.71,0
Which participants will be officially eliminated in Episode 3 of Survivor Season 49?,Sage Ahrens-Nichols,sports,0.07,36.71,0
Which participants will be officially eliminated in Episode 3 of Survivor Season 49?,Savannah Louie,sports,0.01,36.71,0
Which participants will be officially eliminated in Episode 3 of Survivor Season 49?,Shannon Fairweather,sports,0.09,36.71,0
Which participants will be officially eliminated in Episode 3 of Survivor Season 49?,Sophi Balerdi,sports,0.06,36.71,0
Which participants will be officially eliminated in Episode 3 of Survivor Season 49?,Sophie Segreti,sports,0.075,36.71,0
Which participants will be officially eliminated in Episode 3 of Survivor Season 49?,Steven Ramm,sports,0.055,36.71,0
"Which college football team, Alabama or Vanderbilt, will win the game scheduled for Oct 4, 2025?",Alabama,sports,0.795,95.05,1
"Which college football team, Alabama or Vanderbilt, will win the game scheduled for Oct 4, 2025?",Vanderbilt,sports,0.215,95.05,0
"Which college football team, Michigan or Purdue, will win the Purdue at Michigan game scheduled for Nov 1, 2025?",Michigan,sports,0.715,334.3,1
"Which college football team, Michigan or Purdue, will win the Purdue at Michigan game scheduled for Nov 1, 2025?",Purdue,sports,0.365,334.3,0
"Which professional football team, San Francisco or Los Angeles R, will win the game scheduled for Nov 9, 2025?",Los Angeles R,sports,0.595,214.3,1
"Which professional football team, San Francisco or Los Angeles R, will win the game scheduled for Nov 9, 2025?",San Francisco,sports,0.405,214.3,0
"Will the U.S. Senate lower the threshold for the filibuster by December 31, 2025?",Threshold lowered,politics,0.535,238.79,1
"Which college football team, Utah or Arizona St., will win the game scheduled for Oct 11, 2025?",Arizona St.,sports,0.255,14.42,0
"Which college football team, Utah or Arizona St., will win the game scheduled for Oct 11, 2025?",Utah,sports,0.75,14.42,1
"Which college football team, Air Force or Hawai'i, will win the game scheduled for Sep 27, 2025?",Air Force,sports,0.695,7.65,0
"Which college football team, Air Force or Hawai'i, will win the game scheduled for Sep 27, 2025?",Hawai'i,sports,0.295,7.65,1
"Which college football team, New Mexico or Utah State, will win the Utah State at New Mexico game scheduled for Oct 25, 2025?",New Mexico,sports,0.585,40.9,1
"Which college football team, New Mexico or Utah State, will win the Utah State at New Mexico game scheduled for Oct 25, 2025?",Utah St.,sports,0.425,40.9,0
"Which professional Club World Cup soccer team, CF Monterrey or Inter Milano, will win the game scheduled for Jun 17, 2025 after 90 minutes plus stoppage time (excluding extra time and penalties)?",CF Monterrey,sports,0.17,15.08,0
"Which professional Club World Cup soccer team, CF Monterrey or Inter Milano, will win the game scheduled for Jun 17, 2025 after 90 minutes plus stoppage time (excluding extra time and penalties)?",Inter Milano,sports,0.635,15.08,0
"Which professional Club World Cup soccer team, CF Monterrey or Inter Milano, will win the game scheduled for Jun 17, 2025 after 90 minutes plus stoppage time (excluding extra time and penalties)?",Tie,sports,0.2,15.08,1
"Which college football team, Utah or Cincinnati, will win the Cincinnati at Utah game scheduled for Nov 1, 2025?",Cincinnati,sports,0.265,125.4,0
"Which college football team, Utah or Cincinnati, will win the Cincinnati at Utah game scheduled for Nov 1, 2025?",Utah,sports,0.735,125.4,1
"Which college football team, Northern Illinois or San Diego State, will win the game scheduled for Sep 27, 2025?",Northern Illinois,sports,0.455,19.49,0
"Which college football team, Northern Illinois or San Diego State, will win the game scheduled for Sep 27, 2025?",San Diego St.,sports,0.545,19.49,1
"Which college football team, Pittsburgh or Louisville, will win the game scheduled for Sep 27, 2025, at Pittsburgh?",Louisville,sports,0.615,9.99,1
"Which college football team, Pittsburgh or Louisville, will win the game scheduled for Sep 27, 2025, at Pittsburgh?",Pittsburgh,sports,0.385,9.99,0
"Which professional football team, Pittsburgh or Minnesota, will win the Minnesota at Pittsburgh game scheduled for Sep 28, 2025?",Minnesota,sports,0.565,64.3,0
"Which professional football team, Pittsburgh or Minnesota, will win the Minnesota at Pittsburgh game scheduled for Sep 28, 2025?",Pittsburgh,sports,0.435,64.3,1
"Which professional hockey team, Tampa Bay or Chicago, will win the game scheduled for Oct 23, 2025?",Chicago,sports,0.275,22.59,1
"Which professional hockey team, Tampa Bay or Chicago, will win the game scheduled for Oct 23, 2025?",Tampa Bay,sports,0.725,22.59,0
"Will Christine Toretti be confirmed by the U.S. Senate as Ambassador to Sweden before Apr 1, 2025?",Before Dec 2025,politics,0.75,1472.18,1
"Will Christine Toretti be confirmed by the U.S. Senate as Ambassador to Sweden before Apr 1, 2025?",Before Nov 2025,politics,0.555,1472.18,1
"Will Christine Toretti be confirmed by the U.S. Senate as Ambassador to Sweden before Apr 1, 2025?",Before Oct 2025,politics,0.125,1472.18,1
"Which college football team, Texas Tech or Oklahoma St., will win the Oklahoma State at Texas Tech game scheduled for Oct 25, 2025?",Oklahoma St.,sports,0.025,44.27,0
"Which college football team, Texas Tech or Oklahoma St., will win the Oklahoma State at Texas Tech game scheduled for Oct 25, 2025?",Texas Tech,sports,0.985,44.27,1
"Which professional MLS soccer team, Chicago Fire or Philadelphia, will win the game scheduled for Nov 1, 2025 after 90 minutes plus stoppage time (excluding extra time and penalties)?",Chicago Fire,sports,0.005,14.38,0
"Which professional MLS soccer team, Chicago Fire or Philadelphia, will win the game scheduled for Nov 1, 2025 after 90 minutes plus stoppage time (excluding extra time and penalties)?",Philadelphia,sports,0.995,14.38,1
"Which professional MLS soccer team, Chicago Fire or Philadelphia, will win the game scheduled for Nov 1, 2025 after 90 minutes plus stoppage time (excluding extra time and penalties)?",Tie,sports,0.005,14.38,0
"Which college football team, Miami (FL) or Florida, will win the Florida at Miami (FL) game scheduled for Sep 20, 2025?",Florida,sports,0.255,147.1,0
"Which college football team, Miami (FL) or Florida, will win the Florida at Miami (FL) game scheduled for Sep 20, 2025?",Miami (FL),sports,0.745,147.1,1
"Which college football team, Iowa or Indiana, will win the game scheduled for Sep 27, 2025?",Indiana,sports,0.745,19.99,1
"Which college football team, Iowa or Indiana, will win the game scheduled for Sep 27, 2025?",Iowa,sports,0.255,19.99,0
"During the House Oversight and Government Reform Committee hearing titled ""Testimony on the Radicalization of Online Forum Users"" on October 8, will any CEO of Discord, Reddit, Steam, or Twitch say the word ""Antifa""?",Antifa,politics,0.295,75.4,0
"During the House Oversight and Government Reform Committee hearing titled ""Testimony on the Radicalization of Online Forum Users"" on October 8, will any CEO of Discord, Reddit, Steam, or Twitch say the word ""Antifa""?",Ban / Banned,politics,0.515,75.4,0
"During the House Oversight and Government Reform Committee hearing titled ""Testimony on the Radicalization of Online Forum Users"" on October 8, will any CEO of Discord, Reddit, Steam, or Twitch say the word ""Antifa""?",CSGO,politics,0.165,75.4,0
"During the House Oversight and Government Reform Committee hearing titled ""Testimony on the Radicalization of Online Forum Users"" on October 8, will any CEO of Discord, Reddit, Steam, or Twitch say the word ""Antifa""?",Censor,politics,0.355,75.4,0
"During the House Oversight and Government Reform Committee hearing titled ""Testimony on the Radicalization of Online Forum Users"" on October 8, will any CEO of Discord, Reddit, Steam, or Twitch say the word ""Antifa""?",Charlie / Kirk,politics,0.355,75.4,0
"During the House Oversight and Government Reform Committee hearing titled ""Testimony on the Radicalization of Online Forum Users"" on October 8, will any CEO of Discord, Reddit, Steam, or Twitch say the word ""Antifa""?",Chat (3+ Times),politics,0.345,75.4,0
"During the House Oversight and Government Reform Committee hearing titled ""Testimony on the Radicalization of Online Forum Users"" on October 8, will any CEO of Discord, Reddit, Steam, or Twitch say the word ""Antifa""?",Communist,politics,0.175,75.4,0
"During the House Oversight and Government Reform Committee hearing titled ""Testimony on the Radicalization of Online Forum Users"" on October 8, will any CEO of Discord, Reddit, Steam, or Twitch say the word ""Antifa""?",Encrypt / Encrypted,politics,0.37,75.4,0
"During the House Oversight and Government Reform Committee hearing titled ""Testimony on the Radicalization of Online Forum Users"" on October 8, will any CEO of Discord, Reddit, Steam, or Twitch say the word ""Antifa""?",Free Speech,politics,0.555,75.4,0
"During the House Oversight and Government Reform Committee hearing titled ""Testimony on the Radicalization of Online Forum Users"" on October 8, will any CEO of Discord, Reddit, Steam, or Twitch say the word ""Antifa""?",Gamble,politics,0.145,75.4,0
"During the House Oversight and Government Reform Committee hearing titled ""Testimony on the Radicalization of Online Forum Users"" on October 8, will any CEO of Discord, Reddit, Steam, or Twitch say the word ""Antifa""?",Groyper,politics,0.145,75.4,0
"During the House Oversight and Government Reform Committee hearing titled ""Testimony on the Radicalization of Online Forum Users"" on October 8, will any CEO of Discord, Reddit, Steam, or Twitch say the word ""Antifa""?",Hamas,politics,0.16,75.4,0
"During the House Oversight and Government Reform Committee hearing titled ""Testimony on the Radicalization of Online Forum Users"" on October 8, will any CEO of Discord, Reddit, Steam, or Twitch say the word ""Antifa""?",Incel,politics,0.13,75.4,0
"During the House Oversight and Government Reform Committee hearing titled ""Testimony on the Radicalization of Online Forum Users"" on October 8, will any CEO of Discord, Reddit, Steam, or Twitch say the word ""Antifa""?",Incite,politics,0.485,75.4,0
"During the House Oversight and Government Reform Committee hearing titled ""Testimony on the Radicalization of Online Forum Users"" on October 8, will any CEO of Discord, Reddit, Steam, or Twitch say the word ""Antifa""?",Livestream,politics,0.33,75.4,0
"During the House Oversight and Government Reform Committee hearing titled ""Testimony on the Radicalization of Online Forum Users"" on October 8, will any CEO of Discord, Reddit, Steam, or Twitch say the word ""Antifa""?",Meme,politics,0.435,75.4,0
"During the House Oversight and Government Reform Committee hearing titled ""Testimony on the Radicalization of Online Forum Users"" on October 8, will any CEO of Discord, Reddit, Steam, or Twitch say the word ""Antifa""?",Raid,politics,0.185,75.4,0
"During the House Oversight and Government Reform Committee hearing titled ""Testimony on the Radicalization of Online Forum Users"" on October 8, will any CEO of Discord, Reddit, Steam, or Twitch say the word ""Antifa""?",Revolution,politics,0.155,75.4,0
"During the House Oversight and Government Reform Committee hearing titled ""Testimony on the Radicalization of Online Forum Users"" on October 8, will any CEO of Discord, Reddit, Steam, or Twitch say the word ""Antifa""?",Socialist,politics,0.16,75.4,0
"During the House Oversight and Government Reform Committee hearing titled ""Testimony on the Radicalization of Online Forum Users"" on October 8, will any CEO of Discord, Reddit, Steam, or Twitch say the word ""Antifa""?",Turning Point,politics,0.23,75.4,0
"Which professional baseball team, San Diego or Philadelphia, will win the Philadelphia at San Diego game scheduled for Jul 11, 2025?",Philadelphia,sports,0.585,16.25,0
"Which professional baseball team, San Diego or Philadelphia, will win the Philadelphia at San Diego game scheduled for Jul 11, 2025?",San Diego,sports,0.415,16.25,1
"Which college football team, Washington or Rutgers, will win the Rutgers at Washington game scheduled for Oct 10, 2025?",Rutgers,sports,0.225,7.98,0
"Which college football team, Washington or Rutgers, will win the Rutgers at Washington game scheduled for Oct 10, 2025?",Washington,sports,0.785,7.98,1
"Will the U.S. House of Representatives hold a floor vote on an omnibus spending bill, a minibus, or a government-wide continuing resolution before Oct 10, 2025?","Before Oct 13, 2025",politics,0.025,768.36,0
"Will the U.S. House of Representatives hold a floor vote on an omnibus spending bill, a minibus, or a government-wide continuing resolution before Oct 10, 2025?","Before Oct 16, 2025",politics,0.13,768.36,0
"Will the U.S. House of Representatives hold a floor vote on an omnibus spending bill, a minibus, or a government-wide continuing resolution before Oct 10, 2025?","Before Oct 19, 2025",politics,0.165,768.36,0
"Will the U.S. House of Representatives hold a floor vote on an omnibus spending bill, a minibus, or a government-wide continuing resolution before Oct 10, 2025?","Before Oct 22, 2025",politics,0.46,768.36,0
"Will the U.S. House of Representatives hold a floor vote on an omnibus spending bill, a minibus, or a government-wide continuing resolution before Oct 10, 2025?","Before Oct 25, 2025",politics,0.53,768.36,0
"Will the U.S. House of Representatives hold a floor vote on an omnibus spending bill, a minibus, or a government-wide continuing resolution before Oct 10, 2025?","Before Oct 28, 2025",politics,0.69,768.36,0
"Will the U.S. House of Representatives hold a floor vote on an omnibus spending bill, a minibus, or a government-wide continuing resolution before Oct 10, 2025?","Before Oct 31, 2025",politics,0.75,768.36,0
"Which professional football team, New York J or Dallas, will win the Dallas at New York J game scheduled for Oct 5, 2025?",Dallas,sports,0.525,20.64,1
"Which professional football team, New York J or Dallas, will win the Dallas at New York J game scheduled for Oct 5, 2025?",New York J,sports,0.475,20.64,0
"Which professional MMA fighter, Brandon Royval or Joshua Van, will win the UFC 317: Royval vs Van fight scheduled for Jun 28, 2025?",Brandon Royval,sports,0.475,7.11,0
"Which professional MMA fighter, Brandon Royval or Joshua Van, will win the UFC 317: Royval vs Van fight scheduled for Jun 28, 2025?",Joshua Van,sports,0.525,7.11,1
"Which college football team, Boston College or Notre Dame, will win the Notre Dame at Boston College game scheduled for Nov 1, 2025?",Boston College,sports,0.035,68.19,0
"Which college football team, Boston College or Notre Dame, will win the Notre Dame at Boston College game scheduled for Nov 1, 2025?",Notre Dame,sports,0.965,68.19,1
"Which professional tennis player, Joao Fonseca or Jaume Munar, will win the Fonseca vs Munar match in the 2025 ATP Basel semifinal after a ball has been played?",Jaume Munar,sports,0.435,14.14,0
"Which professional tennis player, Joao Fonseca or Jaume Munar, will win the Fonseca vs Munar match in the 2025 ATP Basel semifinal after a ball has been played?",Joao Fonseca,sports,0.565,14.14,1
"Which professional baseball team, Arizona or St. Louis, will win the game scheduled for Jul 18, 2025?",Arizona,sports,0.54,16.21,1
"Which professional baseball team, Arizona or St. Louis, will win the game scheduled for Jul 18, 2025?",St. Louis,sports,0.45,16.21,0
"Which college football team, Colorado or Houston, will win the game scheduled for Sep 12, 2025?",Colorado,sports,0.375,123.05,0
"Which college football team, Colorado or Houston, will win the game scheduled for Sep 12, 2025?",Houston,sports,0.625,123.05,1
"Which college football team, Baylor or Kansas St., will win the game scheduled for Oct 4, 2025, when Kansas St. visits Baylor?",Baylor,sports,0.65,10.79,1
"Which college football team, Baylor or Kansas St., will win the game scheduled for Oct 4, 2025, when Kansas St. visits Baylor?",Kansas St.,sports,0.35,10.79,0
"Which professional basketball team, Philadelphia or Boston, will win the game scheduled for Oct 31, 2025?",Boston,sports,0.445,23.72,1
"Which professional basketball team, Philadelphia or Boston, will win the game scheduled for Oct 31, 2025?",Philadelphia,sports,0.545,23.72,0
"Which college football team, North Carolina St. or Campbell, will win the game scheduled for Oct 4, 2025 at North Carolina St.?",Campbell,sports,0.035,141.01,0
"Which college football team, North Carolina St. or Campbell, will win the game scheduled for Oct 4, 2025 at North Carolina St.?",North Carolina St.,sports,0.97,141.01,1
"Which professional football team, Indianapolis or Atlanta, will win the Atlanta at Indianapolis game scheduled for Nov 9, 2025?",Atlanta,sports,0.255,208.85,0
"Which professional football team, Indianapolis or Atlanta, will win the Atlanta at Indianapolis game scheduled for Nov 9, 2025?",Indianapolis,sports,0.745,208.85,1
Will the President of the United States impose any new or increased tariffs on any sector of Norway during October 2025?,Yes,politics,0.16,450.35,0
"Which professional basketball team, Philadelphia or Boston, will win the game scheduled for Oct 31, 2025?",Boston,sports,0.435,24.14,1
"Which professional basketball team, Philadelphia or Boston, will win the game scheduled for Oct 31, 2025?",Philadelphia,sports,0.565,24.14,0
"Which professional baseball team, Cincinnati or Miami, will win the game scheduled for Jul 9, 2025?",Cincinnati,sports,0.565,13.79,1
"Which professional baseball team, Cincinnati or Miami, will win the game scheduled for Jul 9, 2025?",Miami,sports,0.435,13.79,0
"Which college football team, South Alabama or Arkansas St., will win the game scheduled for Oct 14, 2025?",Arkansas St.,sports,0.335,72.59,1
"Which college football team, South Alabama or Arkansas St., will win the game scheduled for Oct 14, 2025?",South Alabama,sports,0.665,72.59,0
"Which college football team, Washington or Rutgers, will win the Rutgers at Washington game scheduled for Oct 10, 2025?",Rutgers,sports,0.225,62.4,0
"Which college football team, Washington or Rutgers, will win the Rutgers at Washington game scheduled for Oct 10, 2025?",Washington,sports,0.785,62.4,1
"Which college football team, Northwestern or UCLA, will win the game scheduled for Sep 27, 2025?",Northwestern,sports,0.67,166.66,1
"Which college football team, Northwestern or UCLA, will win the game scheduled for Sep 27, 2025?",UCLA,sports,0.31,166.66,0
"Which professional Club World Cup soccer team, Real Madrid or PSG, will win the match scheduled for Jul 9, 2025 after 90 minutes plus stoppage time (excluding extra time and penalties)?",PSG,sports,0.415,33.09,1
"Which professional Club World Cup soccer team, Real Madrid or PSG, will win the match scheduled for Jul 9, 2025 after 90 minutes plus stoppage time (excluding extra time and penalties)?",Real Madrid,sports,0.33,33.09,0
"Which professional Club World Cup soccer team, Real Madrid or PSG, will win the match scheduled for Jul 9, 2025 after 90 minutes plus stoppage time (excluding extra time and penalties)?",Tie,sports,0.245,33.09,0
"Which professional hockey team, Anaheim or Boston, will win the game scheduled for Oct 23, 2025?",Anaheim,sports,0.475,25.28,1
"Which professional hockey team, Anaheim or Boston, will win the game scheduled for Oct 23, 2025?",Boston,sports,0.52,25.28,0
"Which professional baseball team, Detroit or Tampa Bay, will win the game scheduled for Jul 8, 2025?",Detroit,sports,0.525,13.18,1
"Which professional baseball team, Detroit or Tampa Bay, will win the game scheduled for Jul 8, 2025?",Tampa Bay,sports,0.475,13.18,0
"Which professional UEFA Champions League (UCL) team, Bayern Munich or Club Brugge, will win the match scheduled for Oct 22, 2025 after 90 minutes plus stoppage time (excluding extra time and penalties)?",Bayern Munich,sports,0.845,16.6,1
"Which professional UEFA Champions League (UCL) team, Bayern Munich or Club Brugge, will win the match scheduled for Oct 22, 2025 after 90 minutes plus stoppage time (excluding extra time and penalties)?",Club Brugge,sports,0.045,16.6,0
"Which professional UEFA Champions League (UCL) team, Bayern Munich or Club Brugge, will win the match scheduled for Oct 22, 2025 after 90 minutes plus stoppage time (excluding extra time and penalties)?",Tie,sports,0.1,16.6,0
"Which college football team, Arkansas or Notre Dame, will win the game at Arkansas scheduled for Sep 27, 2025?",Arkansas,sports,0.375,9.25,0
"Which college football team, Arkansas or Notre Dame, will win the game at Arkansas scheduled for Sep 27, 2025?",Notre Dame,sports,0.63,9.25,1
"Which college football team, Iowa or Penn St., will win the Penn St. at Iowa game scheduled for Oct 18, 2025?",Iowa,sports,0.555,170.24,1
"Which college football team, Iowa or Penn St., will win the Penn St. at Iowa game scheduled for Oct 18, 2025?",Penn St.,sports,0.43,170.24,0
"Which professional MMA fighter, Ilia Topuria or Charles Oliveira, will win the Topuria vs Oliveira fight scheduled for Jun 28, 2025?",Charles Oliveira,sports,0.225,9.02,0
"Which professional MMA fighter, Ilia Topuria or Charles Oliveira, will win the Topuria vs Oliveira fight scheduled for Jun 28, 2025?",Ilia Topuria,sports,0.775,9.02,1
"Which college football team, UTSA or Tulane, will win the Tulane at UTSA game scheduled for Oct 30, 2025?",Tulane,sports,0.645,98.92,0
"Which college football team, UTSA or Tulane, will win the Tulane at UTSA game scheduled for Oct 30, 2025?",UTSA,sports,0.375,98.92,1
"Which college football team, USC or Illinois, will win the USC at Illinois game scheduled for Sep 27, 2025?",Illinois,sports,0.315,8.32,1
"Which college football team, USC or Illinois, will win the USC at Illinois game scheduled for Sep 27, 2025?",USC,sports,0.695,8.32,0
"Which college football team, New Mexico St. or Missouri St., will win the Missouri St. at New Mexico St. game scheduled for Oct 22, 2025?",Missouri St.,sports,0.515,76.03,1
"Which college football team, New Mexico St. or Missouri St., will win the Missouri St. at New Mexico St. game scheduled for Oct 22, 2025?",New Mexico St.,sports,0.475,76.03,0
Which driver will win the 2025 Dutch Grand Prix?,Alexander Albon,sports,0.005,44.2,0
Which driver will win the 2025 Dutch Grand Prix?,Andrea Kimi Antonelli,sports,0.005,44.2,0
Which driver will win the 2025 Dutch Grand Prix?,Carlos Sainz Jr.,sports,0.005,44.2,0
Which driver will win the 2025 Dutch Grand Prix?,Charles Leclerc,sports,0.015,44.2,0
Which driver will win the 2025 Dutch Grand Prix?,Esteban Ocon,sports,0.005,44.2,0
Which driver will win the 2025 Dutch Grand Prix?,Fernando Alonso,sports,0.025,44.2,0
Which driver will win the 2025 Dutch Grand Prix?,Franco Colapinto,sports,0.005,44.2,0
Which driver will win the 2025 Dutch Grand Prix?,Gabriel Bortoleto,sports,0.005,44.2,0
Which driver will win the 2025 Dutch Grand Prix?,George Russell,sports,0.025,44.2,0
Which driver will win the 2025 Dutch Grand Prix?,Isack Hadjar,sports,0.005,44.2,0
Which driver will win the 2025 Dutch Grand Prix?,Lance Stroll,sports,0.005,44.2,0
Which driver will win the 2025 Dutch Grand Prix?,Lando Norris,sports,0.47,44.2,0
Which driver will win the 2025 Dutch Grand Prix?,Lewis Hamilton,sports,0.015,44.2,0
Which driver will win the 2025 Dutch Grand Prix?,Liam Lawson,sports,0.005,44.2,0
Which driver will win the 2025 Dutch Grand Prix?,Max Verstappen,sports,0.075,44.2,0
Which driver will win the 2025 Dutch Grand Prix?,Nico Hulkenberg,sports,0.005,44.2,0
Which driver will win the 2025 Dutch Grand Prix?,Oliver Bearman,sports,0.005,44.2,0
Which driver will win the 2025 Dutch Grand Prix?,Oscar Piastri,sports,0.385,44.2,1
Which driver will win the 2025 Dutch Grand Prix?,Pierre Gasly,sports,0.005,44.2,0
Which driver will win the 2025 Dutch Grand Prix?,Yuki Tsunoda,sports,0.005,44.2,0
"Which college football team, Baylor or UCF, will win the game scheduled for Nov 1, 2025?",Baylor,sports,0.625,112.23,1
"Which college football team, Baylor or UCF, will win the game scheduled for Nov 1, 2025?",UCF,sports,0.365,112.23,0
"Which professional baseball team, Cincinnati or Los Angeles D, will win the Cincinnati vs Los Angeles D series in the 2025 professional baseball playoffs?",Cincinnati,sports,0.265,28.45,0
"Which professional baseball team, Cincinnati or Los Angeles D, will win the Cincinnati vs Los Angeles D series in the 2025 professional baseball playoffs?",Los Angeles D,sports,0.735,28.45,1
"Which club, Bayern Munich or Flamengo, will win the Club World Cup match scheduled for Jun 29, 2025 after 90 minutes plus stoppage time (excluding extra time and penalties)?",Bayern Munich,sports,0.57,10.16,1
"Which club, Bayern Munich or Flamengo, will win the Club World Cup match scheduled for Jun 29, 2025 after 90 minutes plus stoppage time (excluding extra time and penalties)?",Flamengo,sports,0.19,10.16,0
"Which club, Bayern Munich or Flamengo, will win the Club World Cup match scheduled for Jun 29, 2025 after 90 minutes plus stoppage time (excluding extra time and penalties)?",Tie,sports,0.24,10.16,0
"Which college football team, Texas or San Jose St., will win the game scheduled for Sep 6, 2025?",San Jose St.,sports,0.025,139.32,0
"Which college football team, Texas or San Jose St., will win the game scheduled for Sep 6, 2025?",Texas,sports,0.975,139.32,1
"Which college football team, Boise St. or UNLV, will win the UNLV at Boise St. game originally scheduled for Oct 18, 2025?",Boise St.,sports,0.725,166.9,1
"Which college football team, Boise St. or UNLV, will win the UNLV at Boise St. game originally scheduled for Oct 18, 2025?",UNLV,sports,0.305,166.9,0
"Which professional baseball team, Houston or Cleveland, will win the game scheduled for Jul 9, 2025?",Cleveland,sports,0.425,14.55,1
"Which professional baseball team, Houston or Cleveland, will win the game scheduled for Jul 9, 2025?",Houston,sports,0.575,14.55,0
"Will the Chair of the Federal Reserve, Jerome Powell, say the word ""cut"" three or more times during his post-FOMC press conference (introductory remarks and Q&A) following the September 2025 FOMC meeting?",Anchor,politics,0.14,6.03,0
"Will the Chair of the Federal Reserve, Jerome Powell, say the word ""cut"" three or more times during his post-FOMC press conference (introductory remarks and Q&A) following the September 2025 FOMC meeting?",Balance Sheet,politics,0.845,6.03,1
"Will the Chair of the Federal Reserve, Jerome Powell, say the word ""cut"" three or more times during his post-FOMC press conference (introductory remarks and Q&A) following the September 2025 FOMC meeting?",Balance of Risk,politics,0.925,6.03,1
"Will the Chair of the Federal Reserve, Jerome Powell, say the word ""cut"" three or more times during his post-FOMC press conference (introductory remarks and Q&A) following the September 2025 FOMC meeting?",Beige Book,politics,0.28,6.03,0
"Will the Chair of the Federal Reserve, Jerome Powell, say the word ""cut"" three or more times during his post-FOMC press conference (introductory remarks and Q&A) following the September 2025 FOMC meeting?",Bitcoin,politics,0.065,6.03,0
"Will the Chair of the Federal Reserve, Jerome Powell, say the word ""cut"" three or more times during his post-FOMC press conference (introductory remarks and Q&A) following the September 2025 FOMC meeting?",Consumer Confidence,politics,0.185,6.03,0
"Will the Chair of the Federal Reserve, Jerome Powell, say the word ""cut"" three or more times during his post-FOMC press conference (introductory remarks and Q&A) following the September 2025 FOMC meeting?",Credit,politics,0.555,6.03,1
"Will the Chair of the Federal Reserve, Jerome Powell, say the word ""cut"" three or more times during his post-FOMC press conference (introductory remarks and Q&A) following the September 2025 FOMC meeting?",Dot Plot,politics,0.27,6.03,1
"Will the Chair of the Federal Reserve, Jerome Powell, say the word ""cut"" three or more times during his post-FOMC press conference (introductory remarks and Q&A) following the September 2025 FOMC meeting?",Egg,politics,0.035,6.03,0
"Will the Chair of the Federal Reserve, Jerome Powell, say the word ""cut"" three or more times during his post-FOMC press conference (introductory remarks and Q&A) following the September 2025 FOMC meeting?",Energy,politics,0.93,6.03,1
"Will the Chair of the Federal Reserve, Jerome Powell, say the word ""cut"" three or more times during his post-FOMC press conference (introductory remarks and Q&A) following the September 2025 FOMC meeting?",Fort Knox,politics,0.02,6.03,0
"Will the Chair of the Federal Reserve, Jerome Powell, say the word ""cut"" three or more times during his post-FOMC press conference (introductory remarks and Q&A) following the September 2025 FOMC meeting?",Gas / Gasoline / Natural Gas,politics,0.195,6.03,0
"Will the Chair of the Federal Reserve, Jerome Powell, say the word ""cut"" three or more times during his post-FOMC press conference (introductory remarks and Q&A) following the September 2025 FOMC meeting?",Gold,politics,0.115,6.03,0
"Will the Chair of the Federal Reserve, Jerome Powell, say the word ""cut"" three or more times during his post-FOMC press conference (introductory remarks and Q&A) following the September 2025 FOMC meeting?",Good Afternoon,politics,0.97,6.03,1
"Will the Chair of the Federal Reserve, Jerome Powell, say the word ""cut"" three or more times during his post-FOMC press conference (introductory remarks and Q&A) following the September 2025 FOMC meeting?",Goods inflation,politics,0.505,6.03,1
"Will the Chair of the Federal Reserve, Jerome Powell, say the word ""cut"" three or more times during his post-FOMC press conference (introductory remarks and Q&A) following the September 2025 FOMC meeting?",Median,politics,0.975,6.03,1
"Will the Chair of the Federal Reserve, Jerome Powell, say the word ""cut"" three or more times during his post-FOMC press conference (introductory remarks and Q&A) following the September 2025 FOMC meeting?",National Debt,politics,0.1,6.03,0
"Will the Chair of the Federal Reserve, Jerome Powell, say the word ""cut"" three or more times during his post-FOMC press conference (introductory remarks and Q&A) following the September 2025 FOMC meeting?",Obvious,politics,0.29,6.03,1
"Will the Chair of the Federal Reserve, Jerome Powell, say the word ""cut"" three or more times during his post-FOMC press conference (introductory remarks and Q&A) following the September 2025 FOMC meeting?",Pandemic,politics,0.74,6.03,1
"Will the Chair of the Federal Reserve, Jerome Powell, say the word ""cut"" three or more times during his post-FOMC press conference (introductory remarks and Q&A) following the September 2025 FOMC meeting?",Pardon,politics,0.155,6.03,0
"Will the Chair of the Federal Reserve, Jerome Powell, say the word ""cut"" three or more times during his post-FOMC press conference (introductory remarks and Q&A) following the September 2025 FOMC meeting?",Probability,politics,0.38,6.03,1
"Will the Chair of the Federal Reserve, Jerome Powell, say the word ""cut"" three or more times during his post-FOMC press conference (introductory remarks and Q&A) following the September 2025 FOMC meeting?",Projection,politics,0.97,6.03,1
"Will the Chair of the Federal Reserve, Jerome Powell, say the word ""cut"" three or more times during his post-FOMC press conference (introductory remarks and Q&A) following the September 2025 FOMC meeting?",QE / Quantitative Easing,politics,0.195,6.03,0
"Will the Chair of the Federal Reserve, Jerome Powell, say the word ""cut"" three or more times during his post-FOMC press conference (introductory remarks and Q&A) following the September 2025 FOMC meeting?",QT / Quantitative Tightening,politics,0.295,6.03,0
"Will the Chair of the Federal Reserve, Jerome Powell, say the word ""cut"" three or more times during his post-FOMC press conference (introductory remarks and Q&A) following the September 2025 FOMC meeting?",Recession,politics,0.455,6.03,0
"Will the Chair of the Federal Reserve, Jerome Powell, say the word ""cut"" three or more times during his post-FOMC press conference (introductory remarks and Q&A) following the September 2025 FOMC meeting?",Restrictive,politics,0.925,6.03,1
"Will the Chair of the Federal Reserve, Jerome Powell, say the word ""cut"" three or more times during his post-FOMC press conference (introductory remarks and Q&A) following the September 2025 FOMC meeting?",Soft Landing,politics,0.11,6.03,0
"Will the Chair of the Federal Reserve, Jerome Powell, say the word ""cut"" three or more times during his post-FOMC press conference (introductory remarks and Q&A) following the September 2025 FOMC meeting?",Tariff Inflation,politics,0.38,6.03,0
"Will the Chair of the Federal Reserve, Jerome Powell, say the word ""cut"" three or more times during his post-FOMC press conference (introductory remarks and Q&A) following the September 2025 FOMC meeting?",Tax,politics,0.24,6.03,0
"Will the Chair of the Federal Reserve, Jerome Powell, say the word ""cut"" three or more times during his post-FOMC press conference (introductory remarks and Q&A) following the September 2025 FOMC meeting?",Trade War,politics,0.05,6.03,0
"Will the Chair of the Federal Reserve, Jerome Powell, say the word ""cut"" three or more times during his post-FOMC press conference (introductory remarks and Q&A) following the September 2025 FOMC meeting?",Trump,politics,0.155,6.03,0
"Will the Chair of the Federal Reserve, Jerome Powell, say the word ""cut"" three or more times during his post-FOMC press conference (introductory remarks and Q&A) following the September 2025 FOMC meeting?",Uncertainty (5+ Times),politics,0.58,6.03,0
"Will the Chair of the Federal Reserve, Jerome Powell, say the word ""cut"" three or more times during his post-FOMC press conference (introductory remarks and Q&A) following the September 2025 FOMC meeting?",Unchanged,politics,0.275,6.03,0
"Will the Chair of the Federal Reserve, Jerome Powell, say the word ""cut"" three or more times during his post-FOMC press conference (introductory remarks and Q&A) following the September 2025 FOMC meeting?",Volatility,politics,0.37,6.03,0
"Will the Chair of the Federal Reserve, Jerome Powell, say the word ""cut"" three or more times during his post-FOMC press conference (introductory remarks and Q&A) following the September 2025 FOMC meeting?",Yield Curve,politics,0.19,6.03,0
"Which professional baseball team, Cleveland or Baltimore, will win the game scheduled for Jul 24, 2025?",Baltimore,sports,0.48,7.88,1
"Which professional baseball team, Cleveland or Baltimore, will win the game scheduled for Jul 24, 2025?",Cleveland,sports,0.52,7.88,0
"Which team, Los Angeles D or Philadelphia, will win the Los Angeles D vs Philadelphia series in the 2025 professional baseball playoffs?",Los Angeles D,sports,0.745,97.63,1
"Which team, Los Angeles D or Philadelphia, will win the Los Angeles D vs Philadelphia series in the 2025 professional baseball playoffs?",Philadelphia,sports,0.255,97.63,0
"Which professional baseball team, Boston or Toronto, will win the game scheduled for Jun 29, 2025?",Boston,sports,0.47,8.68,0
"Which professional baseball team, Boston or Toronto, will win the game scheduled for Jun 29, 2025?",Toronto,sports,0.53,8.68,1
"Which boxer, Jake Paul or Gervonta Davis, will win the boxing match scheduled for Nov 14, 2025?",Gervonta Davis,sports,0.49,266.2,0
"Which boxer, Jake Paul or Gervonta Davis, will win the boxing match scheduled for Nov 14, 2025?",Jake Paul,sports,0.43,266.2,0
"Which professional English Premier League soccer team, Manchester United or Sunderland, will win the match scheduled for Oct 4, 2025 (result determined after 90 minutes plus stoppage time; excludes extra time and penalties)?",Manchester United,sports,0.64,115.59,1
"Which professional English Premier League soccer team, Manchester United or Sunderland, will win the match scheduled for Oct 4, 2025 (result determined after 90 minutes plus stoppage time; excludes extra time and penalties)?",Sunderland,sports,0.16,115.59,0
"Which professional English Premier League soccer team, Manchester United or Sunderland, will win the match scheduled for Oct 4, 2025 (result determined after 90 minutes plus stoppage time; excludes extra time and penalties)?",Tie,sports,0.2,115.59,0
"Which college football team, Southern Miss or Jacksonville St., will win the game scheduled for Sep 27, 2025?",Jacksonville St.,sports,0.375,7.65,0
"Which college football team, Southern Miss or Jacksonville St., will win the game scheduled for Sep 27, 2025?",Southern Miss,sports,0.625,7.65,1
"Which professional football team, New England or Carolina, will win the Carolina at New England game scheduled for Sep 28, 2025?",Carolina,sports,0.325,64.81,0
"Which professional football team, New England or Carolina, will win the Carolina at New England game scheduled for Sep 28, 2025?",New England,sports,0.675,64.81,1
"Which professional Club World Cup soccer team, Pachuca or Real Madrid, will win the game scheduled for Jun 22, 2025 after 90 minutes plus stoppage time (excluding extra time and penalties)?",Pachuca,sports,0.09,33.15,0
"Which professional Club World Cup soccer team, Pachuca or Real Madrid, will win the game scheduled for Jun 22, 2025 after 90 minutes plus stoppage time (excluding extra time and penalties)?",Real Madrid,sports,0.75,33.15,1
"Which professional Club World Cup soccer team, Pachuca or Real Madrid, will win the game scheduled for Jun 22, 2025 after 90 minutes plus stoppage time (excluding extra time and penalties)?",Tie,sports,0.16,33.15,0
"Will any PepsiCo, Inc. representative (including the call operator) say the word ""Tariff"" during PepsiCo, Inc.'s next earnings call (including the Q&A)?",Acquisition,finance,0.545,21.51,1
"Will any PepsiCo, Inc. representative (including the call operator) say the word ""Tariff"" during PepsiCo, Inc.'s next earnings call (including the Q&A)?",Artificial Color,finance,0.6,21.51,0
"Will any PepsiCo, Inc. representative (including the call operator) say the word ""Tariff"" during PepsiCo, Inc.'s next earnings call (including the Q&A)?",Away from Home,finance,0.775,21.51,1
"Will any PepsiCo, Inc. representative (including the call operator) say the word ""Tariff"" during PepsiCo, Inc.'s next earnings call (including the Q&A)?",Celsius,finance,0.73,21.51,0
"Will any PepsiCo, Inc. representative (including the call operator) say the word ""Tariff"" during PepsiCo, Inc.'s next earnings call (including the Q&A)?",China,finance,0.775,21.51,1
"Will any PepsiCo, Inc. representative (including the call operator) say the word ""Tariff"" during PepsiCo, Inc.'s next earnings call (including the Q&A)?",Food for Tomorrow,finance,0.47,21.51,0
"Will any PepsiCo, Inc. representative (including the call operator) say the word ""Tariff"" during PepsiCo, Inc.'s next earnings call (including the Q&A)?",Healthy,finance,0.545,21.51,0
"Will any PepsiCo, Inc. representative (including the call operator) say the word ""Tariff"" during PepsiCo, Inc.'s next earnings call (including the Q&A)?",Prebiotic,finance,0.635,21.51,0
"Will any PepsiCo, Inc. representative (including the call operator) say the word ""Tariff"" during PepsiCo, Inc.'s next earnings call (including the Q&A)?",Tariff,finance,0.82,21.51,1
AL East Division Winner?,Baltimore,sports,0.005,651.72,0
AL East Division Winner?,Boston,sports,0.135,651.72,0
AL East Division Winner?,New York Y,sports,0.235,651.72,0
AL East Division Winner?,Tampa Bay,sports,0.005,651.72,0
AL East Division Winner?,Toronto,sports,0.57,651.72,1
"Which professional football team, Los Angeles R or Seattle, will win the game scheduled for Nov 16, 2025?",Los Angeles R,sports,0.565,168.1,1
"Which professional football team, Los Angeles R or Seattle, will win the game scheduled for Nov 16, 2025?",Seattle,sports,0.435,168.1,0
"Which college football team, New Mexico St. or Sam Houston, will win the game scheduled for Oct 2, 2025?",New Mexico St.,sports,0.45,61.98,1
"Which college football team, New Mexico St. or Sam Houston, will win the game scheduled for Oct 2, 2025?",Sam Houston,sports,0.55,61.98,0
"Which professional football team, Atlanta or Washington, will win the Washington at Atlanta game scheduled for Sep 28, 2025?",Atlanta,sports,0.555,7.97,1
"Which professional football team, Atlanta or Washington, will win the Washington at Atlanta game scheduled for Sep 28, 2025?",Washington,sports,0.455,7.97,0
"Which professional football team, Minnesota or Philadelphia, will win the Philadelphia at Minnesota game scheduled for Oct 19, 2025?",Minnesota,sports,0.38,258.28,0
"Which professional football team, Minnesota or Philadelphia, will win the Philadelphia at Minnesota game scheduled for Oct 19, 2025?",Philadelphia,sports,0.62,258.28,1
"Which college football team, Liberty or Missouri State, will win the game scheduled for Nov 8, 2025?",Liberty,sports,0.465,165.26,0
"Which college football team, Liberty or Missouri State, will win the game scheduled for Nov 8, 2025?",Missouri St.,sports,0.4,165.26,1
What will the announcers say during the Kansas City at Jacksonville Pro football game?,Concussion Protocol,politics,0.18,13.96,0
What will the announcers say during the Kansas City at Jacksonville Pro football game?,Face Mask / Facemask,politics,0.665,13.96,0
What will the announcers say during the Kansas City at Jacksonville Pro football game?,Fumble,politics,0.855,13.96,1
What will the announcers say during the Kansas City at Jacksonville Pro football game?,Hail Mary,politics,0.265,13.96,0
What will the announcers say during the Kansas City at Jacksonville Pro football game?,Inch / Inches,politics,0.845,13.96,0
What will the announcers say during the Kansas City at Jacksonville Pro football game?,Intentional Grounding,politics,0.34,13.96,0
What will the announcers say during the Kansas City at Jacksonville Pro football game?,Late Hit,politics,0.385,13.96,0
What will the announcers say during the Kansas City at Jacksonville Pro football game?,Miracle,politics,0.205,13.96,0
What will the announcers say during the Kansas City at Jacksonville Pro football game?,One Handed,politics,0.275,13.96,0
What will the announcers say during the Kansas City at Jacksonville Pro football game?,Onside Kick,politics,0.255,13.96,0
What will the announcers say during the Kansas City at Jacksonville Pro football game?,Overtime,politics,0.535,13.96,0
What will the announcers say during the Kansas City at Jacksonville Pro football game?,Pick Six,politics,0.18,13.96,1
What will the announcers say during the Kansas City at Jacksonville Pro football game?,Pylon,politics,0.65,13.96,0
What will the announcers say during the Kansas City at Jacksonville Pro football game?,Rashee Rice,politics,0.885,13.96,0
What will the announcers say during the Kansas City at Jacksonville Pro football game?,Roughing the Passer,politics,0.345,13.96,0
What will the announcers say during the Kansas City at Jacksonville Pro football game?,Safety,politics,0.945,13.96,1
What will the announcers say during the Kansas City at Jacksonville Pro football game?,Taunting,politics,0.155,13.96,0
What will the announcers say during the Kansas City at Jacksonville Pro football game?,Taylor Swift,politics,0.715,13.96,0
What will the announcers say during the Kansas City at Jacksonville Pro football game?,Turf,politics,0.41,13.96,0
What will the announcers say during the Kansas City at Jacksonville Pro football game?,Wild,politics,0.585,13.96,0
"Which professional football team, Green Bay or Philadelphia, will win the game scheduled for Nov 10, 2025, in Green Bay?",Green Bay,sports,0.595,242.89,0
"Which professional football team, Green Bay or Philadelphia, will win the game scheduled for Nov 10, 2025, in Green Bay?",Philadelphia,sports,0.405,242.89,1
"Which professional football team, New York G or Los Angeles C, will win the game scheduled for Sep 28, 2025?",Los Angeles C,sports,0.735,32.57,0
"Which professional football team, New York G or Los Angeles C, will win the game scheduled for Sep 28, 2025?",New York G,sports,0.265,32.57,1
"Which professional football team, Los Angeles C or Pittsburgh, will win the game scheduled for Nov 9, 2025?",Los Angeles C,sports,0.655,220.26,1
"Which professional football team, Los Angeles C or Pittsburgh, will win the game scheduled for Nov 9, 2025?",Pittsburgh,sports,0.345,220.26,0
"Which professional football team, Los Angeles C or Indianapolis, will win the game scheduled for Oct 19, 2025?",Indianapolis,sports,0.495,260.96,1
"Which professional football team, Los Angeles C or Indianapolis, will win the game scheduled for Oct 19, 2025?",Los Angeles C,sports,0.505,260.96,0
"Which professional baseball team, Pittsburgh or Texas, will win the game scheduled for Jun 21, 2025?",Pittsburgh,sports,0.51,10.83,0
"Which professional baseball team, Pittsburgh or Texas, will win the game scheduled for Jun 21, 2025?",Texas,sports,0.495,10.83,1
"Which professional hockey team, Anaheim or Boston, will win the game scheduled for Oct 23, 2025?",Anaheim,sports,0.475,22.95,1
"Which professional hockey team, Anaheim or Boston, will win the game scheduled for Oct 23, 2025?",Boston,sports,0.525,22.95,0
"Which college football team, Central Michigan or Buffalo, will win the game scheduled for Nov 12, 2025?",Buffalo,sports,0.495,51.49,0
"Which college football team, Central Michigan or Buffalo, will win the game scheduled for Nov 12, 2025?",Central Michigan,sports,0.505,51.49,1
"Which professional EPL soccer team, Arsenal or Manchester City, will win the game scheduled for Sep 21, 2025 after 90 minutes plus stoppage time (does not include extra time or penalties)?",Arsenal,sports,0.52,20.26,0
"Which professional EPL soccer team, Arsenal or Manchester City, will win the game scheduled for Sep 21, 2025 after 90 minutes plus stoppage time (does not include extra time or penalties)?",Manchester City,sports,0.245,20.26,0
"Which professional EPL soccer team, Arsenal or Manchester City, will win the game scheduled for Sep 21, 2025 after 90 minutes plus stoppage time (does not include extra time or penalties)?",Tie,sports,0.245,20.26,1
"Which college football team, James Madison or Texas St., will win the game scheduled for Oct 28, 2025?",James Madison,sports,0.695,51.31,1
"Which college football team, James Madison or Texas St., will win the game scheduled for Oct 28, 2025?",Texas St.,sports,0.335,51.31,0
"Which college football team, Kennesaw St. or Arkansas St., will win the game scheduled for Sep 20, 2025?",Arkansas St.,sports,0.63,6.6,0
"Which college football team, Kennesaw St. or Arkansas St., will win the game scheduled for Sep 20, 2025?",Kennesaw St.,sports,0.365,6.6,1
"Which professional UCL soccer team, Marseille or Ajax, will win the game scheduled for Sep 30, 2025 after 90 minutes plus stoppage time (does not include extra time or penalties)?",Ajax,sports,0.145,15.18,0
"Which professional UCL soccer team, Marseille or Ajax, will win the game scheduled for Sep 30, 2025 after 90 minutes plus stoppage time (does not include extra time or penalties)?",Marseille,sports,0.67,15.18,1
"Which professional UCL soccer team, Marseille or Ajax, will win the game scheduled for Sep 30, 2025 after 90 minutes plus stoppage time (does not include extra time or penalties)?",Tie,sports,0.195,15.18,0
"Which college football team, Georgia or Kentucky, will win the Kentucky at Georgia game scheduled for Oct 4, 2025?",Georgia,sports,0.915,20.82,1
"Which college football team, Georgia or Kentucky, will win the Kentucky at Georgia game scheduled for Oct 4, 2025?",Kentucky,sports,0.085,20.82,0
What Will Meta Say During Their Next Earnings Call?,Advertising,finance,0.92,453.54,1
What Will Meta Say During Their Next Earnings Call?,Algorithm,finance,0.645,453.54,0
What Will Meta Say During Their Next Earnings Call?,Antitrust,finance,0.115,453.54,0
What Will Meta Say During Their Next Earnings Call?,Behemoth,finance,0.22,453.54,0
What Will Meta Say During Their Next Earnings Call?,Channel,finance,0.385,453.54,0
What Will Meta Say During Their Next Earnings Call?,China,finance,0.425,453.54,0
What Will Meta Say During Their Next Earnings Call?,Cloud,finance,0.795,453.54,1
What Will Meta Say During Their Next Earnings Call?,Dividend,finance,0.88,453.54,1
What Will Meta Say During Their Next Earnings Call?,Hiring,finance,0.79,453.54,1
What Will Meta Say During Their Next Earnings Call?,Hyperion,finance,0.745,453.54,0
What Will Meta Say During Their Next Earnings Call?,Llama,finance,0.875,453.54,1
What Will Meta Say During Their Next Earnings Call?,Maverick,finance,0.15,453.54,0
What Will Meta Say During Their Next Earnings Call?,Oakley,finance,0.855,453.54,1
What Will Meta Say During Their Next Earnings Call?,Orion,finance,0.7,453.54,1
What Will Meta Say During Their Next Earnings Call?,Ray-Ban,finance,0.88,453.54,1
What Will Meta Say During Their Next Earnings Call?,Scout,finance,0.17,453.54,0
What Will Meta Say During Their Next Earnings Call?,Threads,finance,0.925,453.54,1
What Will Meta Say During Their Next Earnings Call?,TikTok,finance,0.21,453.54,0
What Will Meta Say During Their Next Earnings Call?,VR / Virtual Reality,finance,0.63,453.54,0
What Will Meta Say During Their Next Earnings Call?,WhatsApp,finance,0.94,453.54,1
"Which professional football team, Jacksonville or Houston, will win the game scheduled for Sep 21, 2025?",Houston,sports,0.475,235.95,0
"Which professional football team, Jacksonville or Houston, will win the game scheduled for Sep 21, 2025?",Jacksonville,sports,0.525,235.95,1
"Which professional MMA fighter, Abusupiyan Magomedov or Joe Pyfer, will win the Magomedov vs Pyfer fight at UFC 320 scheduled for Oct 4, 2025?",Abusupiyan Magomedov,sports,0.315,9.3,0
"Which professional MMA fighter, Abusupiyan Magomedov or Joe Pyfer, will win the Magomedov vs Pyfer fight at UFC 320 scheduled for Oct 4, 2025?",Joe Pyfer,sports,0.69,9.3,1
"Which professional basketball team, Cleveland or New York, will win the game scheduled for Oct 22, 2025?",Cleveland,sports,0.515,24.07,0
"Which professional basketball team, Cleveland or New York, will win the game scheduled for Oct 22, 2025?",New York,sports,0.485,24.07,1
"Which professional baseball team, Toronto or New York Y, will win the game scheduled for Jul 21, 2025?",New York Y,sports,0.52,13.8,0
"Which professional baseball team, Toronto or New York Y, will win the game scheduled for Jul 21, 2025?",Toronto,sports,0.48,13.8,1
"Which professional football team, Washington or Seattle, will win the game scheduled for Nov 2, 2025?",Seattle,sports,0.45,315.53,1
"Which professional football team, Washington or Seattle, will win the game scheduled for Nov 2, 2025?",Washington,sports,0.55,315.53,0
"Which professional football team, New Orleans or Tampa Bay, will win the game scheduled for Oct 26, 2025?",New Orleans,sports,0.325,286.81,0
"Which professional football team, New Orleans or Tampa Bay, will win the game scheduled for Oct 26, 2025?",Tampa Bay,sports,0.68,286.81,1
Will Sam Altman say the word 'AGI' during the TBPN Podcast on October 10th?,AGI,politics,0.895,38.76,0
Will Sam Altman say the word 'AGI' during the TBPN Podcast on October 10th?,Anthropic / Claude,politics,0.245,38.76,0
Will Sam Altman say the word 'AGI' during the TBPN Podcast on October 10th?,China,politics,0.265,38.76,0
Will Sam Altman say the word 'AGI' during the TBPN Podcast on October 10th?,Compute,politics,0.74,38.76,1
Will Sam Altman say the word 'AGI' during the TBPN Podcast on October 10th?,DeepSeek,politics,0.135,38.76,0
Will Sam Altman say the word 'AGI' during the TBPN Podcast on October 10th?,Elon,politics,0.16,38.76,0
Will Sam Altman say the word 'AGI' during the TBPN Podcast on October 10th?,Google / Gemini,politics,0.39,38.76,0
Will Sam Altman say the word 'AGI' during the TBPN Podcast on October 10th?,IP / Intellectual Property,politics,0.455,38.76,1
Will Sam Altman say the word 'AGI' during the TBPN Podcast on October 10th?,Meme,politics,0.305,38.76,0
Will Sam Altman say the word 'AGI' during the TBPN Podcast on October 10th?,Meta,politics,0.285,38.76,0
Will Sam Altman say the word 'AGI' during the TBPN Podcast on October 10th?,Nuclear,politics,0.235,38.76,0
Will Sam Altman say the word 'AGI' during the TBPN Podcast on October 10th?,Nvidia,politics,0.59,38.76,0
Will Sam Altman say the word 'AGI' during the TBPN Podcast on October 10th?,Privacy,politics,0.375,38.76,0
Will Sam Altman say the word 'AGI' during the TBPN Podcast on October 10th?,Regulation,politics,0.605,38.76,0
Will Sam Altman say the word 'AGI' during the TBPN Podcast on October 10th?,Robot,politics,0.305,38.76,0
Will Sam Altman say the word 'AGI' during the TBPN Podcast on October 10th?,Sora,politics,0.935,38.76,1
Will Sam Altman say the word 'AGI' during the TBPN Podcast on October 10th?,TikTok,politics,0.38,38.76,0
Will Sam Altman say the word 'AGI' during the TBPN Podcast on October 10th?,Video,politics,0.935,38.76,1
"Which college football team, Purdue or Illinois, will win the Illinois at Purdue game scheduled for Oct 4, 2025?",Illinois,sports,0.765,20.83,1
"Which college football team, Purdue or Illinois, will win the Illinois at Purdue game scheduled for Oct 4, 2025?",Purdue,sports,0.245,20.83,0
What will Taylor Swift say during Late Night With Seth Meyers?,22,politics,0.105,38.25,0
What will Taylor Swift say during Late Night With Seth Meyers?,Abigail,politics,0.1,38.25,0
What will Taylor Swift say during Late Night With Seth Meyers?,Bad Bunny,politics,0.1,38.25,0
What will Taylor Swift say during Late Night With Seth Meyers?,Breakup / Break Up,politics,0.09,38.25,0
What will Taylor Swift say during Late Night With Seth Meyers?,Cat,politics,0.285,38.25,0
What will Taylor Swift say during Late Night With Seth Meyers?,Deluxe,politics,0.205,38.25,0
What will Taylor Swift say during Late Night With Seth Meyers?,Egg,politics,0.25,38.25,0
What will Taylor Swift say during Late Night With Seth Meyers?,Elon / Musk,politics,0.02,38.25,0
What will Taylor Swift say during Late Night With Seth Meyers?,Engage / Engaged,politics,0.555,38.25,0
What will Taylor Swift say during Late Night With Seth Meyers?,Era,politics,0.75,38.25,1
What will Taylor Swift say during Late Night With Seth Meyers?,Grammy,politics,0.115,38.25,0
What will Taylor Swift say during Late Night With Seth Meyers?,James / Comey,politics,0.035,38.25,0
What will Taylor Swift say during Late Night With Seth Meyers?,Kelce,politics,0.185,38.25,0
What will Taylor Swift say during Late Night With Seth Meyers?,Midnight,politics,0.22,38.25,0
What will Taylor Swift say during Late Night With Seth Meyers?,NFL,politics,0.1,38.25,0
What will Taylor Swift say during Late Night With Seth Meyers?,New Album,politics,0.555,38.25,0
What will Taylor Swift say during Late Night With Seth Meyers?,Poet,politics,0.48,38.25,0
What will Taylor Swift say during Late Night With Seth Meyers?,Pregnant / Pregnancy,politics,0.04,38.25,0
What will Taylor Swift say during Late Night With Seth Meyers?,Ring,politics,0.33,38.25,0
What will Taylor Swift say during Late Night With Seth Meyers?,Sabrina Carpenter,politics,0.31,38.25,0
What will Taylor Swift say during Late Night With Seth Meyers?,Superbowl / Super Bowl,politics,0.195,38.25,0
What will Taylor Swift say during Late Night With Seth Meyers?,Sydney / Sweeney,politics,0.025,38.25,0
What will Taylor Swift say during Late Night With Seth Meyers?,The Life of a Showgirl,politics,0.605,38.25,0
What will Taylor Swift say during Late Night With Seth Meyers?,Tour,politics,0.875,38.25,1
What will Taylor Swift say during Late Night With Seth Meyers?,Trump,politics,0.035,38.25,0
What will Taylor Swift say during Late Night With Seth Meyers?,Wedding,politics,0.63,38.25,0
Insufficient date/time information in provided rules/raw to create a fully specified event.,Face Mask / Facemask,politics,0.995,6.9,1
Insufficient date/time information in provided rules/raw to create a fully specified event.,Fumble,politics,0.995,6.9,1
Insufficient date/time information in provided rules/raw to create a fully specified event.,Hail Mary,politics,0.01,6.9,0
Insufficient date/time information in provided rules/raw to create a fully specified event.,Inch,politics,0.995,6.9,1
Insufficient date/time information in provided rules/raw to create a fully specified event.,Late Hit,politics,0.995,6.9,1
Insufficient date/time information in provided rules/raw to create a fully specified event.,Mahomes,politics,0.995,6.9,1
Insufficient date/time information in provided rules/raw to create a fully specified event.,Miracle,politics,0.02,6.9,0
Insufficient date/time information in provided rules/raw to create a fully specified event.,One Handed,politics,0.01,6.9,0
Insufficient date/time information in provided rules/raw to create a fully specified event.,Onside Kick,politics,0.01,6.9,0
Insufficient date/time information in provided rules/raw to create a fully specified event.,Overtime,politics,0.995,6.9,1
Insufficient date/time information in provided rules/raw to create a fully specified event.,Pick Six / Picked,politics,0.995,6.9,1
Insufficient date/time information in provided rules/raw to create a fully specified event.,Pylon,politics,0.995,6.9,1
Insufficient date/time information in provided rules/raw to create a fully specified event.,Roughing the Passer,politics,0.015,6.9,0
Insufficient date/time information in provided rules/raw to create a fully specified event.,Safety,politics,0.995,6.9,1
Insufficient date/time information in provided rules/raw to create a fully specified event.,Snow,politics,0.66,6.9,1
Insufficient date/time information in provided rules/raw to create a fully specified event.,Taunting,politics,0.005,6.9,0
Insufficient date/time information in provided rules/raw to create a fully specified event.,Tie,politics,0.995,6.9,1
Insufficient date/time information in provided rules/raw to create a fully specified event.,Tom Brady,politics,0.995,6.9,1
Insufficient date/time information in provided rules/raw to create a fully specified event.,Turf,politics,0.995,6.9,1
Insufficient date/time information in provided rules/raw to create a fully specified event.,Wild,politics,0.995,6.9,1
"Which college football team, Delaware or UConn, will win the game scheduled for Sep 13, 2025, in Delaware?",Delaware,sports,0.205,118.34,1
"Which college football team, Delaware or UConn, will win the game scheduled for Sep 13, 2025, in Delaware?",UConn,sports,0.8,118.34,0
"Which college football team, Louisiana-Monroe or Troy, will win the game at Louisiana-Monroe scheduled for Oct 18, 2025?",Louisiana-Monroe,sports,0.34,142.22,0
"Which college football team, Louisiana-Monroe or Troy, will win the game at Louisiana-Monroe scheduled for Oct 18, 2025?",Troy,sports,0.665,142.22,1
LoL: Keyd Stars vs. PSG Talon,Keyd Stars,sports,0.995,11.66,1
LoL: Keyd Stars vs. PSG Talon,PSG Talon,sports,0.005,11.66,0
"Which professional football team, New Orleans or Chicago, will win the New Orleans at Chicago game scheduled for Oct 19, 2025?",Chicago,sports,0.725,259.84,1
"Which professional football team, New Orleans or Chicago, will win the New Orleans at Chicago game scheduled for Oct 19, 2025?",New Orleans,sports,0.275,259.84,0
"Will any Oracle representative (including the operator) say ""Cloud infrastructure"" during Oracle's next earnings call (including the Q&A)?",AI forecast,finance,0.095,93.46,0
"Will any Oracle representative (including the operator) say ""Cloud infrastructure"" during Oracle's next earnings call (including the Q&A)?",Capital expenditure,finance,0.545,93.46,0
"Will any Oracle representative (including the operator) say ""Cloud infrastructure"" during Oracle's next earnings call (including the Q&A)?",Cloud backlog,finance,0.075,93.46,0
"Will any Oracle representative (including the operator) say ""Cloud infrastructure"" during Oracle's next earnings call (including the Q&A)?",Cloud guidance,finance,0.075,93.46,0
"Will any Oracle representative (including the operator) say ""Cloud infrastructure"" during Oracle's next earnings call (including the Q&A)?",Cloud infrastructure,finance,0.965,93.46,1
"Will any Oracle representative (including the operator) say ""Cloud infrastructure"" during Oracle's next earnings call (including the Q&A)?",Debt level,finance,0.08,93.46,0
"Will any Oracle representative (including the operator) say ""Cloud infrastructure"" during Oracle's next earnings call (including the Q&A)?",Earnings surprise,finance,0.05,93.46,0
"Will any Oracle representative (including the operator) say ""Cloud infrastructure"" during Oracle's next earnings call (including the Q&A)?",Healthcare AI,finance,0.11,93.46,0
"Will any Oracle representative (including the operator) say ""Cloud infrastructure"" during Oracle's next earnings call (including the Q&A)?",Multicloud,finance,0.935,93.46,1
"Will any Oracle representative (including the operator) say ""Cloud infrastructure"" during Oracle's next earnings call (including the Q&A)?",OpenAI deal,finance,0.125,93.46,0
"Will any Oracle representative (including the operator) say ""Cloud infrastructure"" during Oracle's next earnings call (including the Q&A)?",Partner ecosystem,finance,0.1,93.46,0
"Will any Oracle representative (including the operator) say ""Cloud infrastructure"" during Oracle's next earnings call (including the Q&A)?",RPO /  Remaining Performance Obligation,finance,0.98,93.46,1
"Will any Oracle representative (including the operator) say ""Cloud infrastructure"" during Oracle's next earnings call (including the Q&A)?",SaaS momentum,finance,0.08,93.46,0
"Will any Oracle representative (including the operator) say ""Cloud infrastructure"" during Oracle's next earnings call (including the Q&A)?",Stargate,finance,0.885,93.46,0
"Will any Oracle representative (including the operator) say ""Cloud infrastructure"" during Oracle's next earnings call (including the Q&A)?",Valuation concern,finance,0.045,93.46,0
"Will the Chair of the Federal Reserve, Jerome Powell, say the word ""cut"" three or more times during his post-FOMC press conference (introductory remarks and Q&A) following the September 2025 FOMC meeting?",Anchor,politics,0.155,12.2,0
"Will the Chair of the Federal Reserve, Jerome Powell, say the word ""cut"" three or more times during his post-FOMC press conference (introductory remarks and Q&A) following the September 2025 FOMC meeting?",Balance Sheet,politics,0.845,12.2,1
"Will the Chair of the Federal Reserve, Jerome Powell, say the word ""cut"" three or more times during his post-FOMC press conference (introductory remarks and Q&A) following the September 2025 FOMC meeting?",Balance of Risk,politics,0.93,12.2,1
"Will the Chair of the Federal Reserve, Jerome Powell, say the word ""cut"" three or more times during his post-FOMC press conference (introductory remarks and Q&A) following the September 2025 FOMC meeting?",Beige Book,politics,0.27,12.2,0
"Will the Chair of the Federal Reserve, Jerome Powell, say the word ""cut"" three or more times during his post-FOMC press conference (introductory remarks and Q&A) following the September 2025 FOMC meeting?",Bitcoin,politics,0.055,12.2,0
"Will the Chair of the Federal Reserve, Jerome Powell, say the word ""cut"" three or more times during his post-FOMC press conference (introductory remarks and Q&A) following the September 2025 FOMC meeting?",Consumer Confidence,politics,0.16,12.2,0
"Will the Chair of the Federal Reserve, Jerome Powell, say the word ""cut"" three or more times during his post-FOMC press conference (introductory remarks and Q&A) following the September 2025 FOMC meeting?",Credit,politics,0.525,12.2,1
"Will the Chair of the Federal Reserve, Jerome Powell, say the word ""cut"" three or more times during his post-FOMC press conference (introductory remarks and Q&A) following the September 2025 FOMC meeting?",Dot Plot,politics,0.28,12.2,1
"Will the Chair of the Federal Reserve, Jerome Powell, say the word ""cut"" three or more times during his post-FOMC press conference (introductory remarks and Q&A) following the September 2025 FOMC meeting?",Egg,politics,0.03,12.2,0
"Will the Chair of the Federal Reserve, Jerome Powell, say the word ""cut"" three or more times during his post-FOMC press conference (introductory remarks and Q&A) following the September 2025 FOMC meeting?",Energy,politics,0.935,12.2,1
"Will the Chair of the Federal Reserve, Jerome Powell, say the word ""cut"" three or more times during his post-FOMC press conference (introductory remarks and Q&A) following the September 2025 FOMC meeting?",Fort Knox,politics,0.02,12.2,0
"Will the Chair of the Federal Reserve, Jerome Powell, say the word ""cut"" three or more times during his post-FOMC press conference (introductory remarks and Q&A) following the September 2025 FOMC meeting?",Gas / Gasoline / Natural Gas,politics,0.16,12.2,0
"Will the Chair of the Federal Reserve, Jerome Powell, say the word ""cut"" three or more times during his post-FOMC press conference (introductory remarks and Q&A) following the September 2025 FOMC meeting?",Gold,politics,0.095,12.2,0
"Will the Chair of the Federal Reserve, Jerome Powell, say the word ""cut"" three or more times during his post-FOMC press conference (introductory remarks and Q&A) following the September 2025 FOMC meeting?",Good Afternoon,politics,0.97,12.2,1
"Will the Chair of the Federal Reserve, Jerome Powell, say the word ""cut"" three or more times during his post-FOMC press conference (introductory remarks and Q&A) following the September 2025 FOMC meeting?",Goods inflation,politics,0.7,12.2,1
"Will the Chair of the Federal Reserve, Jerome Powell, say the word ""cut"" three or more times during his post-FOMC press conference (introductory remarks and Q&A) following the September 2025 FOMC meeting?",Median,politics,0.965,12.2,1
"Will the Chair of the Federal Reserve, Jerome Powell, say the word ""cut"" three or more times during his post-FOMC press conference (introductory remarks and Q&A) following the September 2025 FOMC meeting?",National Debt,politics,0.1,12.2,0
"Will the Chair of the Federal Reserve, Jerome Powell, say the word ""cut"" three or more times during his post-FOMC press conference (introductory remarks and Q&A) following the September 2025 FOMC meeting?",Obvious,politics,0.265,12.2,1
"Will the Chair of the Federal Reserve, Jerome Powell, say the word ""cut"" three or more times during his post-FOMC press conference (introductory remarks and Q&A) following the September 2025 FOMC meeting?",Pandemic,politics,0.605,12.2,1
"Will the Chair of the Federal Reserve, Jerome Powell, say the word ""cut"" three or more times during his post-FOMC press conference (introductory remarks and Q&A) following the September 2025 FOMC meeting?",Pardon,politics,0.155,12.2,0
"Will the Chair of the Federal Reserve, Jerome Powell, say the word ""cut"" three or more times during his post-FOMC press conference (introductory remarks and Q&A) following the September 2025 FOMC meeting?",Probability,politics,0.39,12.2,1
"Will the Chair of the Federal Reserve, Jerome Powell, say the word ""cut"" three or more times during his post-FOMC press conference (introductory remarks and Q&A) following the September 2025 FOMC meeting?",Projection,politics,0.975,12.2,1
"Will the Chair of the Federal Reserve, Jerome Powell, say the word ""cut"" three or more times during his post-FOMC press conference (introductory remarks and Q&A) following the September 2025 FOMC meeting?",QE / Quantitative Easing,politics,0.185,12.2,0
"Will the Chair of the Federal Reserve, Jerome Powell, say the word ""cut"" three or more times during his post-FOMC press conference (introductory remarks and Q&A) following the September 2025 FOMC meeting?",QT / Quantitative Tightening,politics,0.27,12.2,0
"Will the Chair of the Federal Reserve, Jerome Powell, say the word ""cut"" three or more times during his post-FOMC press conference (introductory remarks and Q&A) following the September 2025 FOMC meeting?",Recession,politics,0.525,12.2,0
"Will the Chair of the Federal Reserve, Jerome Powell, say the word ""cut"" three or more times during his post-FOMC press conference (introductory remarks and Q&A) following the September 2025 FOMC meeting?",Restrictive,politics,0.925,12.2,1
"Will the Chair of the Federal Reserve, Jerome Powell, say the word ""cut"" three or more times during his post-FOMC press conference (introductory remarks and Q&A) following the September 2025 FOMC meeting?",Soft Landing,politics,0.095,12.2,0
"Will the Chair of the Federal Reserve, Jerome Powell, say the word ""cut"" three or more times during his post-FOMC press conference (introductory remarks and Q&A) following the September 2025 FOMC meeting?",Tariff Inflation,politics,0.385,12.2,0
"Will the Chair of the Federal Reserve, Jerome Powell, say the word ""cut"" three or more times during his post-FOMC press conference (introductory remarks and Q&A) following the September 2025 FOMC meeting?",Tax,politics,0.245,12.2,0
"Will the Chair of the Federal Reserve, Jerome Powell, say the word ""cut"" three or more times during his post-FOMC press conference (introductory remarks and Q&A) following the September 2025 FOMC meeting?",Trade War,politics,0.035,12.2,0
"Will the Chair of the Federal Reserve, Jerome Powell, say the word ""cut"" three or more times during his post-FOMC press conference (introductory remarks and Q&A) following the September 2025 FOMC meeting?",Trump,politics,0.185,12.2,0
"Will the Chair of the Federal Reserve, Jerome Powell, say the word ""cut"" three or more times during his post-FOMC press conference (introductory remarks and Q&A) following the September 2025 FOMC meeting?",Uncertainty (5+ Times),politics,0.69,12.2,0
"Will the Chair of the Federal Reserve, Jerome Powell, say the word ""cut"" three or more times during his post-FOMC press conference (introductory remarks and Q&A) following the September 2025 FOMC meeting?",Unchanged,politics,0.22,12.2,0
"Will the Chair of the Federal Reserve, Jerome Powell, say the word ""cut"" three or more times during his post-FOMC press conference (introductory remarks and Q&A) following the September 2025 FOMC meeting?",Volatility,politics,0.325,12.2,0
"Will the Chair of the Federal Reserve, Jerome Powell, say the word ""cut"" three or more times during his post-FOMC press conference (introductory remarks and Q&A) following the September 2025 FOMC meeting?",Yield Curve,politics,0.155,12.2,0
"Will any CAVA Group, Inc. representative (including the call operator) say the word ""Expansion"" during the next CAVA Group, Inc. earnings call (including the Q&A)?",AUV,finance,0.88,377.11,1
"Will any CAVA Group, Inc. representative (including the call operator) say the word ""Expansion"" during the next CAVA Group, Inc. earnings call (including the Q&A)?",Acceleration,finance,0.2,377.11,0
"Will any CAVA Group, Inc. representative (including the call operator) say the word ""Expansion"" during the next CAVA Group, Inc. earnings call (including the Q&A)?",Automation,finance,0.47,377.11,0
"Will any CAVA Group, Inc. representative (including the call operator) say the word ""Expansion"" during the next CAVA Group, Inc. earnings call (including the Q&A)?",Digital,finance,0.895,377.11,1
"Will any CAVA Group, Inc. representative (including the call operator) say the word ""Expansion"" during the next CAVA Group, Inc. earnings call (including the Q&A)?",Dining,finance,0.795,377.11,1
"Will any CAVA Group, Inc. representative (including the call operator) say the word ""Expansion"" during the next CAVA Group, Inc. earnings call (including the Q&A)?",Expansion,finance,0.875,377.11,1
"Will any CAVA Group, Inc. representative (including the call operator) say the word ""Expansion"" during the next CAVA Group, Inc. earnings call (including the Q&A)?",Hyphen,finance,0.155,377.11,0
"Will any CAVA Group, Inc. representative (including the call operator) say the word ""Expansion"" during the next CAVA Group, Inc. earnings call (including the Q&A)?",Loyalty,finance,0.88,377.11,1
"Will any CAVA Group, Inc. representative (including the call operator) say the word ""Expansion"" during the next CAVA Group, Inc. earnings call (including the Q&A)?",Salmon,finance,0.25,377.11,1
"Will any CAVA Group, Inc. representative (including the call operator) say the word ""Expansion"" during the next CAVA Group, Inc. earnings call (including the Q&A)?",Same Store,finance,0.295,377.11,0
"Will any CAVA Group, Inc. representative (including the call operator) say the word ""Expansion"" during the next CAVA Group, Inc. earnings call (including the Q&A)?",Spice,finance,0.555,377.11,1
"Will any CAVA Group, Inc. representative (including the call operator) say the word ""Expansion"" during the next CAVA Group, Inc. earnings call (including the Q&A)?",Tariff,finance,0.65,377.11,1
"Which individual will be announced as the first new non-interim leader of Japan's Liberal Democratic Party (LDP) before Jan 1, 2026?",Sanae Takaichi,politics,0.305,521.67,1
"Which individual will be announced as the first new non-interim leader of Japan's Liberal Democratic Party (LDP) before Jan 1, 2026?",Shinjiro Koizumi,politics,0.58,521.67,0
"Which individual will be announced as the first new non-interim leader of Japan's Liberal Democratic Party (LDP) before Jan 1, 2026?",Takayuki Kobayashi,politics,0.055,521.67,0
"Which individual will be announced as the first new non-interim leader of Japan's Liberal Democratic Party (LDP) before Jan 1, 2026?",Taro Kono,politics,0.03,521.67,0
"Which individual will be announced as the first new non-interim leader of Japan's Liberal Democratic Party (LDP) before Jan 1, 2026?",Toshimitsu Motegi,politics,0.055,521.67,0
"Which individual will be announced as the first new non-interim leader of Japan's Liberal Democratic Party (LDP) before Jan 1, 2026?",Yoko Kamikawa,politics,0.055,521.67,0
"Which individual will be announced as the first new non-interim leader of Japan's Liberal Democratic Party (LDP) before Jan 1, 2026?",Yoshimasa Hayashi,politics,0.055,521.67,0
"Which of the following U.S. Senators — Mike Lee, Chuck Grassley, Mitch McConnell, Lisa Murkowski, Susan Collins, John Curtis, John Fetterman, Thom Tillis, Ruben Gallego, Mark Kelly, or Maggie Hassan — will vote Yea for E.J. Antoni’s nomination to be Commissioner of the Bureau of Labor Statistics before Oct 1, 2025?",Chuck Grassley,politics,0.04,177.4,0
"Which of the following U.S. Senators — Mike Lee, Chuck Grassley, Mitch McConnell, Lisa Murkowski, Susan Collins, John Curtis, John Fetterman, Thom Tillis, Ruben Gallego, Mark Kelly, or Maggie Hassan — will vote Yea for E.J. Antoni’s nomination to be Commissioner of the Bureau of Labor Statistics before Oct 1, 2025?",John Curtis,politics,0.025,177.4,0
"Which of the following U.S. Senators — Mike Lee, Chuck Grassley, Mitch McConnell, Lisa Murkowski, Susan Collins, John Curtis, John Fetterman, Thom Tillis, Ruben Gallego, Mark Kelly, or Maggie Hassan — will vote Yea for E.J. Antoni’s nomination to be Commissioner of the Bureau of Labor Statistics before Oct 1, 2025?",John Fetterman,politics,0.02,177.4,0
"Which of the following U.S. Senators — Mike Lee, Chuck Grassley, Mitch McConnell, Lisa Murkowski, Susan Collins, John Curtis, John Fetterman, Thom Tillis, Ruben Gallego, Mark Kelly, or Maggie Hassan — will vote Yea for E.J. Antoni’s nomination to be Commissioner of the Bureau of Labor Statistics before Oct 1, 2025?",Lisa Murkowski,politics,0.04,177.4,0
"Which of the following U.S. Senators — Mike Lee, Chuck Grassley, Mitch McConnell, Lisa Murkowski, Susan Collins, John Curtis, John Fetterman, Thom Tillis, Ruben Gallego, Mark Kelly, or Maggie Hassan — will vote Yea for E.J. Antoni’s nomination to be Commissioner of the Bureau of Labor Statistics before Oct 1, 2025?",Maggie Hassan,politics,0.01,177.4,0
"Which of the following U.S. Senators — Mike Lee, Chuck Grassley, Mitch McConnell, Lisa Murkowski, Susan Collins, John Curtis, John Fetterman, Thom Tillis, Ruben Gallego, Mark Kelly, or Maggie Hassan — will vote Yea for E.J. Antoni’s nomination to be Commissioner of the Bureau of Labor Statistics before Oct 1, 2025?",Mark Kelly,politics,0.01,177.4,0
"Which of the following U.S. Senators — Mike Lee, Chuck Grassley, Mitch McConnell, Lisa Murkowski, Susan Collins, John Curtis, John Fetterman, Thom Tillis, Ruben Gallego, Mark Kelly, or Maggie Hassan — will vote Yea for E.J. Antoni’s nomination to be Commissioner of the Bureau of Labor Statistics before Oct 1, 2025?",Mike Lee,politics,0.02,177.4,0
"Which of the following U.S. Senators — Mike Lee, Chuck Grassley, Mitch McConnell, Lisa Murkowski, Susan Collins, John Curtis, John Fetterman, Thom Tillis, Ruben Gallego, Mark Kelly, or Maggie Hassan — will vote Yea for E.J. Antoni’s nomination to be Commissioner of the Bureau of Labor Statistics before Oct 1, 2025?",Mitch McConnell,politics,0.015,177.4,0
"Which of the following U.S. Senators — Mike Lee, Chuck Grassley, Mitch McConnell, Lisa Murkowski, Susan Collins, John Curtis, John Fetterman, Thom Tillis, Ruben Gallego, Mark Kelly, or Maggie Hassan — will vote Yea for E.J. Antoni’s nomination to be Commissioner of the Bureau of Labor Statistics before Oct 1, 2025?",Ruben Gallego,politics,0.005,177.4,0
"Which of the following U.S. Senators — Mike Lee, Chuck Grassley, Mitch McConnell, Lisa Murkowski, Susan Collins, John Curtis, John Fetterman, Thom Tillis, Ruben Gallego, Mark Kelly, or Maggie Hassan — will vote Yea for E.J. Antoni’s nomination to be Commissioner of the Bureau of Labor Statistics before Oct 1, 2025?",Susan Collins,politics,0.035,177.4,0
"Which of the following U.S. Senators — Mike Lee, Chuck Grassley, Mitch McConnell, Lisa Murkowski, Susan Collins, John Curtis, John Fetterman, Thom Tillis, Ruben Gallego, Mark Kelly, or Maggie Hassan — will vote Yea for E.J. Antoni’s nomination to be Commissioner of the Bureau of Labor Statistics before Oct 1, 2025?",Thom Tillis,politics,0.04,177.4,0
What will the announcers say during the Philadelphia at New York pro football game?,Cheesesteak,politics,0.995,18.52,1
What will the announcers say during the Philadelphia at New York pro football game?,Concussion Protocol,politics,0.205,18.52,0
What will the announcers say during the Philadelphia at New York pro football game?,Doinks / Doinked,politics,0.1,18.52,0
What will the announcers say during the Philadelphia at New York pro football game?,Down to the wire,politics,0.16,18.52,0
What will the announcers say during the Philadelphia at New York pro football game?,Ejected / Ejection,politics,0.075,18.52,0
What will the announcers say during the Philadelphia at New York pro football game?,Facemask / Face Mask,politics,0.995,18.52,1
What will the announcers say during the Philadelphia at New York pro football game?,Fumble,politics,0.995,18.52,1
What will the announcers say during the Philadelphia at New York pro football game?,Hail Mary,politics,0.225,18.52,0
What will the announcers say during the Philadelphia at New York pro football game?,Inch / Inches,politics,0.995,18.52,1
What will the announcers say during the Philadelphia at New York pro football game?,Late Hit,politics,0.995,18.52,1
What will the announcers say during the Philadelphia at New York pro football game?,Miracle,politics,0.265,18.52,0
What will the announcers say during the Philadelphia at New York pro football game?,One Handed,politics,0.44,18.52,0
What will the announcers say during the Philadelphia at New York pro football game?,Overtime,politics,0.505,18.52,0
What will the announcers say during the Philadelphia at New York pro football game?,Pick Six,politics,0.205,18.52,0
What will the announcers say during the Philadelphia at New York pro football game?,Pylon,politics,0.37,18.52,0
What will the announcers say during the Philadelphia at New York pro football game?,Roughing the Passer,politics,0.385,18.52,0
What will the announcers say during the Philadelphia at New York pro football game?,Safety,politics,0.995,18.52,1
What will the announcers say during the Philadelphia at New York pro football game?,Speed,politics,0.995,18.52,1
What will the announcers say during the Philadelphia at New York pro football game?,Stuffed,politics,0.48,18.52,0
What will the announcers say during the Philadelphia at New York pro football game?,Tie,politics,0.55,18.52,0
What will the announcers say during the Philadelphia at New York pro football game?,Turf,politics,0.995,18.52,1
What will the announcers say during the Philadelphia at New York pro football game?,What a catch,politics,0.255,18.52,0
What will the announcers say during the Philadelphia at New York pro football game?,Wild,politics,0.995,18.52,1
"Will any PepsiCo, Inc. representative (including the call operator) say the word ""Tariff"" during PepsiCo, Inc.'s next earnings call (including the Q&A)?",Acquisition,finance,0.77,327.75,1
"Will any PepsiCo, Inc. representative (including the call operator) say the word ""Tariff"" during PepsiCo, Inc.'s next earnings call (including the Q&A)?",Artificial Color,finance,0.305,327.75,0
"Will any PepsiCo, Inc. representative (including the call operator) say the word ""Tariff"" during PepsiCo, Inc.'s next earnings call (including the Q&A)?",Away from Home,finance,0.77,327.75,1
"Will any PepsiCo, Inc. representative (including the call operator) say the word ""Tariff"" during PepsiCo, Inc.'s next earnings call (including the Q&A)?",Celsius,finance,0.59,327.75,0
"Will any PepsiCo, Inc. representative (including the call operator) say the word ""Tariff"" during PepsiCo, Inc.'s next earnings call (including the Q&A)?",China,finance,0.69,327.75,1
"Will any PepsiCo, Inc. representative (including the call operator) say the word ""Tariff"" during PepsiCo, Inc.'s next earnings call (including the Q&A)?",Food for Tomorrow,finance,0.325,327.75,0
"Will any PepsiCo, Inc. representative (including the call operator) say the word ""Tariff"" during PepsiCo, Inc.'s next earnings call (including the Q&A)?",Healthy,finance,0.8,327.75,0
"Will any PepsiCo, Inc. representative (including the call operator) say the word ""Tariff"" during PepsiCo, Inc.'s next earnings call (including the Q&A)?",Prebiotic,finance,0.54,327.75,0
"Will any PepsiCo, Inc. representative (including the call operator) say the word ""Tariff"" during PepsiCo, Inc.'s next earnings call (including the Q&A)?",Tariff,finance,0.58,327.75,1
"Will any representative of The Coca-Cola Company say ""China"" during The Coca-Cola Company's next earnings call (including the Q&A)?",Acquisition,finance,0.4,284.77,0
"Will any representative of The Coca-Cola Company say ""China"" during The Coca-Cola Company's next earnings call (including the Q&A)?",Cane Sugar,finance,0.765,284.77,0
"Will any representative of The Coca-Cola Company say ""China"" during The Coca-Cola Company's next earnings call (including the Q&A)?",China,finance,0.845,284.77,1
"Will any representative of The Coca-Cola Company say ""China"" during The Coca-Cola Company's next earnings call (including the Q&A)?",Dividend,finance,0.745,284.77,0
"Will any representative of The Coca-Cola Company say ""China"" during The Coca-Cola Company's next earnings call (including the Q&A)?",Influencer,finance,0.795,284.77,0
"Will any representative of The Coca-Cola Company say ""China"" during The Coca-Cola Company's next earnings call (including the Q&A)?",International,finance,0.585,284.77,1
"Will any representative of The Coca-Cola Company say ""China"" during The Coca-Cola Company's next earnings call (including the Q&A)?",Prebiotic,finance,0.605,284.77,0
"Will any representative of The Coca-Cola Company say ""China"" during The Coca-Cola Company's next earnings call (including the Q&A)?",Retro,finance,0.55,284.77,1
"Will any representative of The Coca-Cola Company say ""China"" during The Coca-Cola Company's next earnings call (including the Q&A)?",Supply Chain,finance,0.55,284.77,1
"Will any representative of The Coca-Cola Company say ""China"" during The Coca-Cola Company's next earnings call (including the Q&A)?",Tariff,finance,0.85,284.77,0
"Will Donald Trump or the Trump Administration file a lawsuit against the State of California before Jan 1, 2026?",Before Jan 2026,politics,0.555,382.41,1
"Which candidate, Wavel Ramkalawan or Patrick Herminie, will win the next Seychellois presidential election before Sep 27, 2025?",Patrick Herminie,politics,0.685,807.91,1
"Will Donald J. Trump announce a new free agreement, multilateral trade agreement, trade framework, or economic cooperation arrangement between the United States and China before Sep 16, 2025?","Before Sep 16, 2025",politics,0.49,249.69,1
"Which of the listed U.S. Representatives will vote for the next omnibus spending bill, minibus, or government-wide continuing resolution (CR) in the U.S. House of Representatives before Jan 1, 2026?",Andy Biggs,politics,0.965,3.54,1
"Which of the listed U.S. Representatives will vote for the next omnibus spending bill, minibus, or government-wide continuing resolution (CR) in the U.S. House of Representatives before Jan 1, 2026?",Andy Ogles,politics,0.51,3.54,1
"Which of the listed U.S. Representatives will vote for the next omnibus spending bill, minibus, or government-wide continuing resolution (CR) in the U.S. House of Representatives before Jan 1, 2026?",Chip Roy,politics,0.96,3.54,1
"Which of the listed U.S. Representatives will vote for the next omnibus spending bill, minibus, or government-wide continuing resolution (CR) in the U.S. House of Representatives before Jan 1, 2026?",Don Davis,politics,0.5,3.54,1
"Which of the listed U.S. Representatives will vote for the next omnibus spending bill, minibus, or government-wide continuing resolution (CR) in the U.S. House of Representatives before Jan 1, 2026?",Greg Steube,politics,0.125,3.54,0
"Which of the listed U.S. Representatives will vote for the next omnibus spending bill, minibus, or government-wide continuing resolution (CR) in the U.S. House of Representatives before Jan 1, 2026?",Henry Cuellar,politics,0.57,3.54,1
"Which of the listed U.S. Representatives will vote for the next omnibus spending bill, minibus, or government-wide continuing resolution (CR) in the U.S. House of Representatives before Jan 1, 2026?",Jared Golden,politics,0.745,3.54,1
"Which of the listed U.S. Representatives will vote for the next omnibus spending bill, minibus, or government-wide continuing resolution (CR) in the U.S. House of Representatives before Jan 1, 2026?",Josh Gottheimer,politics,0.39,3.54,0
"Which of the listed U.S. Representatives will vote for the next omnibus spending bill, minibus, or government-wide continuing resolution (CR) in the U.S. House of Representatives before Jan 1, 2026?",Marie Gluesenkamp Perez,politics,0.735,3.54,1
"Which of the listed U.S. Representatives will vote for the next omnibus spending bill, minibus, or government-wide continuing resolution (CR) in the U.S. House of Representatives before Jan 1, 2026?",Marjorie Taylor Greene,politics,0.805,3.54,1
"Which of the listed U.S. Representatives will vote for the next omnibus spending bill, minibus, or government-wide continuing resolution (CR) in the U.S. House of Representatives before Jan 1, 2026?",Mike Lawler,politics,0.98,3.54,1
"Which of the listed U.S. Representatives will vote for the next omnibus spending bill, minibus, or government-wide continuing resolution (CR) in the U.S. House of Representatives before Jan 1, 2026?",Nancy Mace,politics,0.97,3.54,1
"Which of the listed U.S. Representatives will vote for the next omnibus spending bill, minibus, or government-wide continuing resolution (CR) in the U.S. House of Representatives before Jan 1, 2026?",Nick LaLota,politics,0.97,3.54,1
"Which of the listed U.S. Representatives will vote for the next omnibus spending bill, minibus, or government-wide continuing resolution (CR) in the U.S. House of Representatives before Jan 1, 2026?",Susie Lee,politics,0.015,3.54,0
"Which of the listed U.S. Representatives will vote for the next omnibus spending bill, minibus, or government-wide continuing resolution (CR) in the U.S. House of Representatives before Jan 1, 2026?",Thomas Massie,politics,0.025,3.54,0
"Which of the listed U.S. Representatives will vote for the next omnibus spending bill, minibus, or government-wide continuing resolution (CR) in the U.S. House of Representatives before Jan 1, 2026?",Tim Burchett,politics,0.95,3.54,1
"Which of the listed U.S. Representatives will vote for the next omnibus spending bill, minibus, or government-wide continuing resolution (CR) in the U.S. House of Representatives before Jan 1, 2026?",Tom Suozzi,politics,0.495,3.54,1
"Which of the listed U.S. Representatives will vote for the next omnibus spending bill, minibus, or government-wide continuing resolution (CR) in the U.S. House of Representatives before Jan 1, 2026?",Vicente Gonzalez,politics,0.73,3.54,0
"Which of the listed U.S. Representatives will vote for the next omnibus spending bill, minibus, or government-wide continuing resolution (CR) in the U.S. House of Representatives before Jan 1, 2026?",Victoria Spartz,politics,0.975,3.54,1
"Which of the listed U.S. Representatives will vote for the next omnibus spending bill, minibus, or government-wide continuing resolution (CR) in the U.S. House of Representatives before Jan 1, 2026?",Warren Davidson,politics,0.955,3.54,1
"Will Volodymyr Zelenskyy leave office before Aug 1, 2025?",Benjamin Netanyahu,politics,0.01,265.97,0
"Will Volodymyr Zelenskyy leave office before Aug 1, 2025?",Keir Starmer,politics,0.01,265.97,0
"Will Volodymyr Zelenskyy leave office before Aug 1, 2025?",Narendra Modi,politics,0.005,265.97,0
"Will Volodymyr Zelenskyy leave office before Aug 1, 2025?",Paetongtarn Shinawatra,politics,0.515,265.97,0
"Will Volodymyr Zelenskyy leave office before Aug 1, 2025?",Pedro Sanchez,politics,0.025,265.97,0
"Will Volodymyr Zelenskyy leave office before Aug 1, 2025?",Shehbaz Sharif,politics,0.05,265.97,0
"Will Volodymyr Zelenskyy leave office before Aug 1, 2025?",Shigeru Ishiba,politics,0.185,265.97,0
"Will Volodymyr Zelenskyy leave office before Aug 1, 2025?",Ursula von der Leyen,politics,0.025,265.97,0
"Will Volodymyr Zelenskyy leave office before Aug 1, 2025?",Vladimir Putin,politics,0.01,265.97,0
"Will Volodymyr Zelenskyy leave office before Aug 1, 2025?",Xi Jinping,politics,0.005,265.97,0
"Will White House Press Secretary Karoline Leavitt say the phrase ""Illegal Alien"" at the next White House press briefing (press briefings only; gaggles excluded)?",Antifa,politics,0.705,329.07,0
"Will White House Press Secretary Karoline Leavitt say the phrase ""Illegal Alien"" at the next White House press briefing (press briefings only; gaggles excluded)?",Biden,politics,0.855,329.07,1
"Will White House Press Secretary Karoline Leavitt say the phrase ""Illegal Alien"" at the next White House press briefing (press briefings only; gaggles excluded)?",Border,politics,0.745,329.07,1
"Will White House Press Secretary Karoline Leavitt say the phrase ""Illegal Alien"" at the next White House press briefing (press briefings only; gaggles excluded)?",Ceasefire,politics,0.79,329.07,0
"Will White House Press Secretary Karoline Leavitt say the phrase ""Illegal Alien"" at the next White House press briefing (press briefings only; gaggles excluded)?",Chicago,politics,0.8,329.07,0
"Will White House Press Secretary Karoline Leavitt say the phrase ""Illegal Alien"" at the next White House press briefing (press briefings only; gaggles excluded)?",China,politics,0.4,329.07,1
"Will White House Press Secretary Karoline Leavitt say the phrase ""Illegal Alien"" at the next White House press briefing (press briefings only; gaggles excluded)?",Clean CR / Clean Continuing Resolution,politics,0.31,329.07,1
"Will White House Press Secretary Karoline Leavitt say the phrase ""Illegal Alien"" at the next White House press briefing (press briefings only; gaggles excluded)?",Drug,politics,0.745,329.07,1
"Will White House Press Secretary Karoline Leavitt say the phrase ""Illegal Alien"" at the next White House press briefing (press briefings only; gaggles excluded)?",Energy,politics,0.67,329.07,0
"Will White House Press Secretary Karoline Leavitt say the phrase ""Illegal Alien"" at the next White House press briefing (press briefings only; gaggles excluded)?",Hamas,politics,0.9,329.07,0
"Will White House Press Secretary Karoline Leavitt say the phrase ""Illegal Alien"" at the next White House press briefing (press briefings only; gaggles excluded)?",Hispanic,politics,0.205,329.07,0
"Will White House Press Secretary Karoline Leavitt say the phrase ""Illegal Alien"" at the next White House press briefing (press briefings only; gaggles excluded)?",ICE,politics,0.835,329.07,1
"Will White House Press Secretary Karoline Leavitt say the phrase ""Illegal Alien"" at the next White House press briefing (press briefings only; gaggles excluded)?",Illegal Alien,politics,0.78,329.07,1
"Will White House Press Secretary Karoline Leavitt say the phrase ""Illegal Alien"" at the next White House press briefing (press briefings only; gaggles excluded)?",Inflation,politics,0.445,329.07,0
"Will White House Press Secretary Karoline Leavitt say the phrase ""Illegal Alien"" at the next White House press briefing (press briefings only; gaggles excluded)?",Israel,politics,0.935,329.07,0
"Will White House Press Secretary Karoline Leavitt say the phrase ""Illegal Alien"" at the next White House press briefing (press briefings only; gaggles excluded)?",Lunatic,politics,0.245,329.07,0
"Will White House Press Secretary Karoline Leavitt say the phrase ""Illegal Alien"" at the next White House press briefing (press briefings only; gaggles excluded)?",Medicare,politics,0.395,329.07,0
"Will White House Press Secretary Karoline Leavitt say the phrase ""Illegal Alien"" at the next White House press briefing (press briefings only; gaggles excluded)?",National Guard,politics,0.835,329.07,0
"Will White House Press Secretary Karoline Leavitt say the phrase ""Illegal Alien"" at the next White House press briefing (press briefings only; gaggles excluded)?",October 7,politics,0.18,329.07,0
"Will White House Press Secretary Karoline Leavitt say the phrase ""Illegal Alien"" at the next White House press briefing (press briefings only; gaggles excluded)?",Portland,politics,0.775,329.07,0
"Will White House Press Secretary Karoline Leavitt say the phrase ""Illegal Alien"" at the next White House press briefing (press briefings only; gaggles excluded)?",Russia,politics,0.455,329.07,1
"Will White House Press Secretary Karoline Leavitt say the phrase ""Illegal Alien"" at the next White House press briefing (press briefings only; gaggles excluded)?",Stupid Question,politics,0.11,329.07,0
"Will White House Press Secretary Karoline Leavitt say the phrase ""Illegal Alien"" at the next White House press briefing (press briefings only; gaggles excluded)?",Tariff,politics,0.81,329.07,0
"Will White House Press Secretary Karoline Leavitt say the phrase ""Illegal Alien"" at the next White House press briefing (press briefings only; gaggles excluded)?",Terrorist,politics,0.595,329.07,1
"Will White House Press Secretary Karoline Leavitt say the phrase ""Illegal Alien"" at the next White House press briefing (press briefings only; gaggles excluded)?",Ukraine,politics,0.435,329.07,0
"Will White House Press Secretary Karoline Leavitt say the phrase ""Illegal Alien"" at the next White House press briefing (press briefings only; gaggles excluded)?",War,politics,0.715,329.07,1
Will the VoteHub time-adjusted average for Donald Trump's approval rating be above 43.9% at 10:00 AM on October 24?,Yes,politics,0.185,27.51,0
"Will Planned Parenthood be defunded or prohibited from receiving government funds before Jan 1, 2026?","Before Jan 1, 2026",politics,0.75,152.58,1
